query,seendate,title,url,domain,language,sourcecountry,tone
Apple Inc,20200101T230000Z,Apple Faces Lawsuit for Heartbeat Monitoring Patent Violation,https://finance.yahoo.com/news/apple-faces-lawsuit-heartbeat-monitoring-135901584.html,finance.yahoo.com,English,United States,
Apple Inc,20200101T010000Z,"Netflix 10 - year 4 , 100 % rally underlines shift to streaming",http://www.startribune.com/netflix-s-10-year-4-100-rally-underlines-shift-to-streaming/566615601/,startribune.com,English,United States,
Apple Inc,20200101T134500Z,10 years and counting : Netflix has revolutionised how the world watches content,https://www.hindustantimes.com/tech/10-years-and-counting-netflix-has-revolutionised-how-the-world-watches-content/story-AHTBrDL7FnwTPMR9YZICxO.html,hindustantimes.com,English,India,
Apple Inc,20200101T111500Z,"Introducing Apple Hospitality REIT ( NYSE : APLE ), The Stock That Dropped 20 % In The Last Three Years",https://news.yahoo.com/introducing-apple-hospitality-reit-nyse-103628610.html,news.yahoo.com,English,United States,
Apple Inc,20200101T151500Z,"Introducing Apple Hospitality REIT ( NYSE : APLE ), The Stock That Dropped 20 % In The Last Three Years",https://finance.yahoo.com/news/introducing-apple-hospitality-reit-nyse-103628610.html,finance.yahoo.com,English,United States,
Apple Inc,20200101T013000Z,Nasdaq caps a US$7 - trillion decade with its best rally in 10 years,https://www.bnnbloomberg.ca/nasdaq-caps-a-us-7-trillion-decade-with-its-best-rally-in-10-years-1.1368070,bnnbloomberg.ca,English,Canada,
Apple Inc,20200101T220000Z,China tech industry straps in for more turbulence after a wild 2019,https://www.bworldonline.com/chinas-tech-industry-straps-in-for-more-turbulence-after-a-wild-2019/,bworldonline.com,English,Philippines,
Apple Inc,20200101T103000Z,China Tech Industry Straps in for More Turbulence After a Wild 2019,https://nz.finance.yahoo.com/news/china-tech-industry-straps-more-040130235.html,nz.finance.yahoo.com,English,United States,
Apple Inc,20200101T060000Z,China Tech Industry Straps in for More Turbulence After a Wild 2019,https://finance.yahoo.com/news/china-tech-industry-straps-more-040130275.html,finance.yahoo.com,English,United States,
Apple Inc,20200101T054500Z,China Tech Industry Straps in for More Turbulence After a Wild 2019,https://finance.yahoo.com/news/china-tech-industry-straps-more-040130235.html,finance.yahoo.com,English,United States,
Apple Inc,20200101T103000Z,Behind Samsung $116bn bid for chip supremacy,https://www.msn.com/en-za/news/other/behind-samsung-e2-80-99s-24116bn-bid-for-chip-supremacy/ar-BBYwc2S,msn.com,English,United States,
Apple Inc,20200101T104500Z,Behind Samsung $116bn bid for chip supremacy | IOL Business Report,https://www.iol.co.za/business-report/international/behind-samsungs-116bn-bid-for-chip-supremacy-39662583,iol.co.za,English,South Africa,
Apple Inc,20200101T131500Z,China tech industry braces up for more turbulence after a wild 2019 thanks to the US - tech,https://www.hindustantimes.com/tech/china-s-tech-industry-braces-up-for-more-turbulence-after-a-wild-2019-thanks-to-the-us/story-YztsmDDE7PEadELdfOeESJ.html,hindustantimes.com,English,India,
Apple Inc,20200101T141500Z,"Global Affective Computing Market Analysis , Trends , and Forecasts 2019 - 2025 - ResearchAndMarkets . com",https://www.businesswire.com/news/home/20200101005072/en/Global-Affective-Computing-Market-Analysis-Trends-Forecasts,businesswire.com,English,United States,
Apple Inc,20200101T203000Z,Blackhawk Network ( NASDAQ : HAWK )- Short Call at News Buzzer : Apple ( NASDAQ : AAPL ) ,http://streetwisereport.com/blackhawk-network-nasdaqhawk-short-call-at-news-buzzer-apple-nasdaqaapl/3443036/,streetwisereport.com,English,United States,
Apple Inc,20200101T201500Z,"TechPinas : Philippine Technology News , Tips and Reviews Blog",https://www.techpinas.com/search?updated-max=2019-12-09T05:32:00+08:00&max-results=12,techpinas.com,English,Philippines,
Apple Inc,20200101T044500Z,From Google Glass to OnLive : The biggest gadget disasters of the last decade,https://www.bournemouthecho.co.uk/news/national/18131265.google-glass-onlive-biggest-gadget-disasters-last-decade/,bournemouthecho.co.uk,English,United Kingdom,
Apple Inc,20200101T011500Z,From Google Glass to OnLive : The biggest gadget disasters of the last decade,https://www.eveningexpress.co.uk/news/from-google-glass-to-onlive-the-biggest-gadget-disasters-of-the-last-decade/,eveningexpress.co.uk,English,United Kingdom,
Apple Inc,20200101T011500Z,From Google Glass to OnLive : The biggest gadget disasters of the last decade,https://www.theargus.co.uk/news/national/18131265.google-glass-onlive-biggest-gadget-disasters-last-decade/,theargus.co.uk,English,United Kingdom,
Apple Inc,20200101T013000Z,From Google Glass to OnLive : The biggest gadget disasters of the last decade,https://www.echo-news.co.uk/news/national/18131265.google-glass-onlive-biggest-gadget-disasters-last-decade/,echo-news.co.uk,English,United Kingdom,
Apple Inc,20200101T043000Z,From Google Glass to OnLive : The biggest gadget disasters of the last decade,https://www.salisburyjournal.co.uk/news/national/18131265.google-glass-onlive-biggest-gadget-disasters-last-decade/,salisburyjournal.co.uk,English,United Kingdom,
Apple Inc,20200101T040000Z,From Google Glass to OnLive : The biggest gadget disasters of the last decade,https://www.lancashiretelegraph.co.uk/news/national/18131265.google-glass-onlive-biggest-gadget-disasters-last-decade/,lancashiretelegraph.co.uk,English,United Kingdom,
Apple Inc,20200101T031500Z,From Google Glass to OnLive : The biggest gadget disasters of the last decade,https://www.herefordtimes.com/news/national/18131265.google-glass-onlive-biggest-gadget-disasters-last-decade/,herefordtimes.com,English,United Kingdom,
Apple Inc,20200101T100000Z,Daily Download : Peter Tchaikovsky - Sleeping Beauty - Waltz,https://www.classicalmpr.org/story/2020/01/01/daily-download-peter-tchaikovsky--sleeping-beauty--waltz,classicalmpr.org,English,United States,
Apple Inc,20200101T083000Z,Motorola  back to the future  play needs more future,https://www.iol.co.za/business-report/international/motorolas-back-to-the-future-play-needs-more-future-39662608,iol.co.za,English,South Africa,
Apple Inc,20200101T051500Z,From Google Glass to OnLive : The biggest gadget disasters of the last decade,https://www.swindonadvertiser.co.uk/news/national/18131265.google-glass-onlive-biggest-gadget-disasters-last-decade/,swindonadvertiser.co.uk,English,United Kingdom,
Apple Inc,20200101T011500Z,From Google Glass to OnLive : The biggest gadget disasters of the last decade,https://www.bucksfreepress.co.uk/news/national/18131265.google-glass-onlive-biggest-gadget-disasters-last-decade/,bucksfreepress.co.uk,English,United Kingdom,
Apple Inc,20200101T074500Z,Zain KSA offers 5G - enabled MiFi devices,https://www.zawya.com/mena/en/business/story/Zain_KSA_offers_5Genabled_MiFi_devices-SNG_163523487/,zawya.com,English,United Arab Emirates,
Apple Inc,20200101T051500Z,"Smart Watches Market 2019 Analysis , Growth by Top Companies , Trends by Types and Application , Forecast to 2025 – Market Research Engine",https://www.marketwatch.com/press-release/smart-watches-market-2019-analysis-growth-by-top-companies-trends-by-types-and-application-forecast-to-2025-market-research-engine-2019-12-31,marketwatch.com,English,United States,
Apple Inc,20200101T011500Z,Stocks close out best year since 2013 ; S & P 500 soars 28 . 9 % ,https://www.richmond.com/business/stocks-close-out-best-year-since-s-p-soars/article_05673898-8119-5c14-999b-45b0b7256246.html,richmond.com,English,United States,
Apple Inc,20200101T023000Z,From Google Glass to OnLive : The biggest gadget disasters of the last decade,https://www.oxfordmail.co.uk/news/national/18131265.google-glass-onlive-biggest-gadget-disasters-last-decade/,oxfordmail.co.uk,English,United Kingdom,
Apple Inc,20200101T011500Z,"AT & T , Disney , Apple and Discovery See Big Stock Gains in 2019",https://www.ctpost.com/entertainment/article/AT-T-Disney-Apple-and-Discovery-See-Big-Stock-14942320.php,ctpost.com,English,United States,
Apple Inc,20200101T004500Z,"AT & T , Disney , Apple and Discovery See Big Stock Gains in 2019",https://www.stamfordadvocate.com/entertainment/article/AT-T-Disney-Apple-and-Discovery-See-Big-Stock-14942320.php,stamfordadvocate.com,English,United States,
Apple Inc,20200101T000000Z,"AT & T , Disney , Apple and Discovery See Big Stock Gains in 2019",https://www.greenwichtime.com/entertainment/article/AT-T-Disney-Apple-and-Discovery-See-Big-Stock-14942320.php,greenwichtime.com,English,United States,
Apple Inc,20200101T143000Z,Minnesota vs Auburn Live Stream : How to Watch Without Cable,https://heavy.com/streaming/2020/01/minnesota-auburn-outback-bowl-live-stream/,heavy.com,English,United States,
Apple Inc,20200101T014500Z,"AT & T , Disney , Apple and Discovery See Big Stock Gains in 2019",https://www.thehour.com/entertainment/article/AT-T-Disney-Apple-and-Discovery-See-Big-Stock-14942320.php,thehour.com,English,United States,
Apple Inc,20200101T211500Z,Oregon vs Wisconsin Live Stream : How to Watch Rose Bowl,https://heavy.com/streaming/2020/01/oregon-wisconsin-rose-bowl-live-stream/,heavy.com,English,United States,
Apple Inc,20200101T194500Z,Georgia vs Baylor Live Stream : How to Watch Without Cable,https://heavy.com/streaming/2020/01/georgia-baylor-sugar-bowl-live-stream/,heavy.com,English,United States,
Apple Inc,20200101T020000Z,From Google Glass to OnLive : The biggest gadget disasters of the last decade,https://www.dorsetecho.co.uk/news/national/18131265.google-glass-onlive-biggest-gadget-disasters-last-decade/,dorsetecho.co.uk,English,United Kingdom,
Apple Inc,20200101T001500Z,"Business Insurance Market Analysis By | Allianz , AXA , Nippon Life Insurance , American Intl . Group , Aviva",https://www.marketwatch.com/press-release/business-insurance-market-analysis-by-allianz-axa-nippon-life-insurance-american-intl-group-aviva-2019-12-31,marketwatch.com,English,United States,
Apple Inc,20200101T000000Z,"AT & T , Disney , Apple and Discovery See Big Stock Gains in 2019",https://www.lmtonline.com/entertainment/article/AT-T-Disney-Apple-and-Discovery-See-Big-Stock-14942320.php,lmtonline.com,English,United States,
Apple Inc,20200101T094500Z,Your guide to idiot - proof iPhone photography | Tech / Gadgets,https://www.malaymail.com/news/tech-gadgets/2019/12/21/your-guide-to-idiot-proof-iphone-photography/1821173,malaymail.com,English,United States,
Apple Inc,20200101T034500Z,From Google Glass to OnLive : The biggest gadget disasters of the last decade,https://www.yourlocalguardian.co.uk/news/national/18131265.google-glass-onlive-biggest-gadget-disasters-last-decade/,yourlocalguardian.co.uk,English,United Kingdom,
Apple Inc,20200101T153000Z,P & G Stock Rally Will Continue Into 2020 . Here Why . ,https://www.nasdaq.com/articles/pg-stocks-rally-will-continue-into-2020.-heres-why.-2020-01-01,nasdaq.com,English,United States,
Apple Inc,20200101T044500Z,"Year in Review : District 196 sees budget adjustments , new operating levy in 2019",https://www.hometownsource.com/sun_thisweek/community/apple_valley/year-in-review-district-sees-budget-adjustments-new-operating-levy/article_71699412-2c07-11ea-ba98-2f028eb88827.html,hometownsource.com,English,United States,
Apple Inc,20200101T154500Z,DearMob 2020 New Year Coupon / Gift - Get up to 50 % Off Super Discount,https://www.tmcnet.com/usubmit/2020/01/01/9075109.htm,tmcnet.com,English,United States,
Apple Inc,20200101T153000Z,2019 Q4 Portfolio Review,https://seekingalpha.com/article/4314804-2019-q4-portfolio-review,seekingalpha.com,English,United States,
Apple Inc,20200101T091500Z,EXCLUSIVE ! Michelle Malkin : VDARE . com Is  One Of The Most Consequential Websites On The Internet  | Articles,https://vdare.com/articles/exclusive-michelle-malkin-vdare-com-is-one-of-the-most-consequential-websites-on-the-internet,vdare.com,English,United States,
Apple Inc,20200101T200000Z,China tech titans brace for more turbulence,http://www.thestandard.com.hk/section-news.php?id=214961,thestandard.com.hk,English,Hong Kong,
Apple Inc,20200101T041500Z,From Google Glass to OnLive : The biggest gadget disasters of the last decade,https://www.readingchronicle.co.uk/news/national/18131265.google-glass-onlive-biggest-gadget-disasters-last-decade/,readingchronicle.co.uk,English,United Kingdom,
Apple Inc,20200101T041500Z,From Google Glass to OnLive : The biggest gadget disasters of the last decade,https://www.banburycake.co.uk/news/national/18131265.google-glass-onlive-biggest-gadget-disasters-last-decade/,banburycake.co.uk,English,United Kingdom,
Apple Inc,20200101T004500Z,From Google Glass to OnLive : The biggest gadget disasters of the last decade,https://www.irvinetimes.com/news/18131265.google-glass-onlive-biggest-gadget-disasters-last-decade/,irvinetimes.com,English,United Kingdom,
Apple Inc,20200101T004500Z,From Google Glass to OnLive : The biggest gadget disasters of the last decade,https://www.northwichguardian.co.uk/news/national/18131265.google-glass-onlive-biggest-gadget-disasters-last-decade/,northwichguardian.co.uk,English,United Kingdom,
Apple Inc,20200101T004500Z,From Google Glass to OnLive : The biggest gadget disasters of the last decade,https://www.andoveradvertiser.co.uk/news/national/18131265.google-glass-onlive-biggest-gadget-disasters-last-decade/,andoveradvertiser.co.uk,English,United Kingdom,
Apple Inc,20200101T004500Z,From Google Glass to OnLive : The biggest gadget disasters of the last decade,https://www.yeovilexpress.co.uk/news/national/18131265.google-glass-onlive-biggest-gadget-disasters-last-decade/,yeovilexpress.co.uk,English,United Kingdom,
Apple Inc,20200101T004500Z,From Google Glass to OnLive : The biggest gadget disasters of the last decade,https://www.eppingforestguardian.co.uk/news/national-news/18131265.google-glass-onlive-biggest-gadget-disasters-last-decade/,eppingforestguardian.co.uk,English,United Kingdom,
Apple Inc,20200101T004500Z,From Google Glass to OnLive : The biggest gadget disasters of the last decade,https://www.chesterstandard.co.uk/news/national-news/18131265.google-glass-onlive-biggest-gadget-disasters-last-decade/,chesterstandard.co.uk,English,United Kingdom,
Apple Inc,20200101T004500Z,From Google Glass to OnLive : The biggest gadget disasters of the last decade,https://www.tivysideadvertiser.co.uk/news/national/18131265.google-glass-onlive-biggest-gadget-disasters-last-decade/,tivysideadvertiser.co.uk,English,United Kingdom,
Apple Inc,20200101T004500Z,From Google Glass to OnLive : The biggest gadget disasters of the last decade,https://www.bicesteradvertiser.net/news/national/18131265.google-glass-onlive-biggest-gadget-disasters-last-decade/,bicesteradvertiser.net,English,United Kingdom,
Apple Inc,20200101T004500Z,From Google Glass to OnLive : The biggest gadget disasters of the last decade,https://www.bridportnews.co.uk/news/national/18131265.google-glass-onlive-biggest-gadget-disasters-last-decade/,bridportnews.co.uk,English,United Kingdom,
Apple Inc,20200101T011500Z,From Google Glass to OnLive : The biggest gadget disasters of the last decade,https://www.penarthtimes.co.uk/news/national/18131265.google-glass-onlive-biggest-gadget-disasters-last-decade/,penarthtimes.co.uk,English,United Kingdom,
Apple Inc,20200101T011500Z,From Google Glass to OnLive : The biggest gadget disasters of the last decade,https://www.romseyadvertiser.co.uk/news/national/18131265.google-glass-onlive-biggest-gadget-disasters-last-decade/,romseyadvertiser.co.uk,English,United Kingdom,
Apple Inc,20200101T011500Z,From Google Glass to OnLive : The biggest gadget disasters of the last decade,https://www.kidderminstershuttle.co.uk/news/national/18131265.google-glass-onlive-biggest-gadget-disasters-last-decade/,kidderminstershuttle.co.uk,English,United Kingdom,
Apple Inc,20200101T011500Z,From Google Glass to OnLive : The biggest gadget disasters of the last decade,https://www.bromsgroveadvertiser.co.uk/news/national/18131265.google-glass-onlive-biggest-gadget-disasters-last-decade/,bromsgroveadvertiser.co.uk,English,United Kingdom,
Apple Inc,20200101T011500Z,From Google Glass to OnLive : The biggest gadget disasters of the last decade,https://www.wiltshirebusinessonline.co.uk/news/national/18131265.google-glass-onlive-biggest-gadget-disasters-last-decade/,wiltshirebusinessonline.co.uk,English,United Kingdom,
Apple Inc,20200101T011500Z,From Google Glass to OnLive : The biggest gadget disasters of the last decade,https://www.thisiswiltshire.co.uk/news/national/18131265.google-glass-onlive-biggest-gadget-disasters-last-decade/,thisiswiltshire.co.uk,English,United Kingdom,
Apple Inc,20200101T011500Z,From Google Glass to OnLive : The biggest gadget disasters of the last decade,https://www.gazetteandherald.co.uk/news/national/18131265.google-glass-onlive-biggest-gadget-disasters-last-decade/,gazetteandherald.co.uk,English,United Kingdom,
Apple Inc,20200101T011500Z,From Google Glass to OnLive : The biggest gadget disasters of the last decade,https://www.clydebankpost.co.uk/news/national/18131265.google-glass-onlive-biggest-gadget-disasters-last-decade/,clydebankpost.co.uk,English,United Kingdom,
Apple Inc,20200101T003000Z,From Google Glass to OnLive : The biggest gadget disasters of the last decade,https://www.dudleynews.co.uk/news/national/18131265.google-glass-onlive-biggest-gadget-disasters-last-decade/,dudleynews.co.uk,English,United Kingdom,
Apple Inc,20200101T003000Z,From Google Glass to OnLive : The biggest gadget disasters of the last decade,https://www.thewestmorlandgazette.co.uk/news/national/18131265.google-glass-onlive-biggest-gadget-disasters-last-decade/,thewestmorlandgazette.co.uk,English,United Kingdom,
Apple Inc,20200101T003000Z,From Google Glass to OnLive : The biggest gadget disasters of the last decade,https://www.witneygazette.co.uk/news/national/18131265.google-glass-onlive-biggest-gadget-disasters-last-decade/,witneygazette.co.uk,English,United Kingdom,
Apple Inc,20200101T003000Z,From Google Glass to OnLive : The biggest gadget disasters of the last decade,https://www.messengernewspapers.co.uk/news/national/18131265.google-glass-onlive-biggest-gadget-disasters-last-decade/,messengernewspapers.co.uk,English,United Kingdom,
Apple Inc,20200101T003000Z,From Google Glass to OnLive : The biggest gadget disasters of the last decade,https://www.rhyljournal.co.uk/news/national/18131265.google-glass-onlive-biggest-gadget-disasters-last-decade/,rhyljournal.co.uk,English,United Kingdom,
Apple Inc,20200101T003000Z,From Google Glass to OnLive : The biggest gadget disasters of the last decade,https://www.localberkshire.co.uk/news/18131265.google-glass-onlive-biggest-gadget-disasters-last-decade/,localberkshire.co.uk,English,United Kingdom,
Apple Inc,20200101T003000Z,From Google Glass to OnLive : The biggest gadget disasters of the last decade,https://www.eveshamjournal.co.uk/news/national/18131265.google-glass-onlive-biggest-gadget-disasters-last-decade/,eveshamjournal.co.uk,English,United Kingdom,
Apple Inc,20200101T003000Z,From Google Glass to OnLive : The biggest gadget disasters of the last decade,https://www.tewkesburyadmag.co.uk/news/national/18131265.google-glass-onlive-biggest-gadget-disasters-last-decade/,tewkesburyadmag.co.uk,English,United Kingdom,
Apple Inc,20200101T031500Z,From Google Glass to OnLive : The biggest gadget disasters of the last decade,https://www.denbighshirefreepress.co.uk/news/national-news/18131265.google-glass-onlive-biggest-gadget-disasters-last-decade/,denbighshirefreepress.co.uk,English,United Kingdom,
Apple Inc,20200101T031500Z,From Google Glass to OnLive : The biggest gadget disasters of the last decade,https://www.runcornandwidnesworld.co.uk/news/national/18131265.google-glass-onlive-biggest-gadget-disasters-last-decade/,runcornandwidnesworld.co.uk,English,United Kingdom,
Apple Inc,20200101T031500Z,From Google Glass to OnLive : The biggest gadget disasters of the last decade,https://www.basildonstandard.co.uk/news/national/18131265.google-glass-onlive-biggest-gadget-disasters-last-decade/,basildonstandard.co.uk,English,United Kingdom,
Apple Inc,20200101T031500Z,From Google Glass to OnLive : The biggest gadget disasters of the last decade,https://www.brentwoodlive.co.uk/news/national/18131265.google-glass-onlive-biggest-gadget-disasters-last-decade/,brentwoodlive.co.uk,English,United Kingdom,
Apple Inc,20200101T031500Z,From Google Glass to OnLive : The biggest gadget disasters of the last decade,https://www.droitwichadvertiser.co.uk/news/national/18131265.google-glass-onlive-biggest-gadget-disasters-last-decade/,droitwichadvertiser.co.uk,English,United Kingdom,
Apple Inc,20200101T031500Z,From Google Glass to OnLive : The biggest gadget disasters of the last decade,https://www.stalbansreview.co.uk/news/national/18131265.google-glass-onlive-biggest-gadget-disasters-last-decade/,stalbansreview.co.uk,English,United Kingdom,
Apple Inc,20200101T031500Z,From Google Glass to OnLive : The biggest gadget disasters of the last decade,https://www.countytimes.co.uk/news/national-news/18131265.google-glass-onlive-biggest-gadget-disasters-last-decade/,countytimes.co.uk,English,United Kingdom,
Apple Inc,20200101T031500Z,From Google Glass to OnLive : The biggest gadget disasters of the last decade,https://www.northwalespioneer.co.uk/news/national/18131265.google-glass-onlive-biggest-gadget-disasters-last-decade/,northwalespioneer.co.uk,English,United Kingdom,
Apple Inc,20200101T031500Z,From Google Glass to OnLive : The biggest gadget disasters of the last decade,https://www.thisisoxfordshire.co.uk/news/national/18131265.google-glass-onlive-biggest-gadget-disasters-last-decade/,thisisoxfordshire.co.uk,English,United Kingdom,
Apple Inc,20200101T024500Z,From Google Glass to OnLive : The biggest gadget disasters of the last decade,https://www.braintreeandwithamtimes.co.uk/news/national/18131265.google-glass-onlive-biggest-gadget-disasters-last-decade/,braintreeandwithamtimes.co.uk,English,United Kingdom,
Apple Inc,20200101T024500Z,From Google Glass to OnLive : The biggest gadget disasters of the last decade,https://www.asianimage.co.uk/uk_national_news/18131265.google-glass-onlive-biggest-gadget-disasters-last-decade/,asianimage.co.uk,English,United Kingdom,
Apple Inc,20200101T024500Z,From Google Glass to OnLive : The biggest gadget disasters of the last decade,https://www.times-series.co.uk/news/national/18131265.google-glass-onlive-biggest-gadget-disasters-last-decade/,times-series.co.uk,English,United Kingdom,
Apple Inc,20200101T024500Z,From Google Glass to OnLive : The biggest gadget disasters of the last decade,https://www.chorleycitizen.co.uk/news/national/18131265.google-glass-onlive-biggest-gadget-disasters-last-decade/,chorleycitizen.co.uk,English,United Kingdom,
Apple Inc,20200101T024500Z,From Google Glass to OnLive : The biggest gadget disasters of the last decade,https://www.thisislocallondon.co.uk/news/national/18131265.google-glass-onlive-biggest-gadget-disasters-last-decade/,thisislocallondon.co.uk,English,United Kingdom,
Apple Inc,20200101T024500Z,From Google Glass to OnLive : The biggest gadget disasters of the last decade,https://www.milfordmercury.co.uk/news/national/18131265.google-glass-onlive-biggest-gadget-disasters-last-decade/,milfordmercury.co.uk,English,United Kingdom,
Apple Inc,20200101T024500Z,From Google Glass to OnLive : The biggest gadget disasters of the last decade,https://www.stroudnewsandjournal.co.uk/news/national/18131265.google-glass-onlive-biggest-gadget-disasters-last-decade/,stroudnewsandjournal.co.uk,English,United Kingdom,
Apple Inc,20200101T024500Z,From Google Glass to OnLive : The biggest gadget disasters of the last decade,https://www.thetottenhamindependent.co.uk/news/national/18131265.google-glass-onlive-biggest-gadget-disasters-last-decade/,thetottenhamindependent.co.uk,English,United Kingdom,
Apple Inc,20200101T024500Z,From Google Glass to OnLive : The biggest gadget disasters of the last decade,https://www.wimbledonguardian.co.uk/news/national/18131265.google-glass-onlive-biggest-gadget-disasters-last-decade/,wimbledonguardian.co.uk,English,United Kingdom,
Apple Inc,20200101T010000Z,From Google Glass to OnLive : The biggest gadget disasters of the last decade,https://www.bordertelegraph.com/news/18131265.google-glass-onlive-biggest-gadget-disasters-last-decade/,bordertelegraph.com,English,United Kingdom,
Apple Inc,20200101T010000Z,From Google Glass to OnLive : The biggest gadget disasters of the last decade,https://www.timesandstar.co.uk/news/national/18131265.google-glass-onlive-biggest-gadget-disasters-last-decade/,timesandstar.co.uk,English,United Kingdom,
Apple Inc,20200101T010000Z,From Google Glass to OnLive : The biggest gadget disasters of the last decade,https://www.impartialreporter.com/news/national/18131265.google-glass-onlive-biggest-gadget-disasters-last-decade/,impartialreporter.com,English,United Kingdom,
Apple Inc,20200101T010000Z,From Google Glass to OnLive : The biggest gadget disasters of the last decade,https://www.wiltshiretimes.co.uk/news/national/18131265.google-glass-onlive-biggest-gadget-disasters-last-decade/,wiltshiretimes.co.uk,English,United Kingdom,
Apple Inc,20200101T010000Z,From Google Glass to OnLive : The biggest gadget disasters of the last decade,https://www.southwalesargus.co.uk/news/national/18131265.google-glass-onlive-biggest-gadget-disasters-last-decade/,southwalesargus.co.uk,English,United Kingdom,
Apple Inc,20200101T010000Z,From Google Glass to OnLive : The biggest gadget disasters of the last decade,https://www.thisisthewestcountry.co.uk/news/national/18131265.google-glass-onlive-biggest-gadget-disasters-last-decade/,thisisthewestcountry.co.uk,English,United Kingdom,
Apple Inc,20200101T014500Z,From Google Glass to OnLive : The biggest gadget disasters of the last decade,https://www.somersetcountygazette.co.uk/news/national/18131265.google-glass-onlive-biggest-gadget-disasters-last-decade/,somersetcountygazette.co.uk,English,United Kingdom,
Apple Inc,20200101T014500Z,From Google Glass to OnLive : The biggest gadget disasters of the last decade,https://www.clactonandfrintongazette.co.uk/news/national/18131265.google-glass-onlive-biggest-gadget-disasters-last-decade/,clactonandfrintongazette.co.uk,English,United Kingdom,
Apple Inc,20200101T014500Z,From Google Glass to OnLive : The biggest gadget disasters of the last decade,https://www.hillingdontimes.co.uk/news/national/18131265.google-glass-onlive-biggest-gadget-disasters-last-decade/,hillingdontimes.co.uk,English,United Kingdom,
Apple Inc,20200101T014500Z,From Google Glass to OnLive : The biggest gadget disasters of the last decade,https://www.wandsworthguardian.co.uk/news/national/18131265.google-glass-onlive-biggest-gadget-disasters-last-decade/,wandsworthguardian.co.uk,English,United Kingdom,
Apple Inc,20200101T014500Z,From Google Glass to OnLive : The biggest gadget disasters of the last decade,https://www.enfieldindependent.co.uk/news/national/18131265.google-glass-onlive-biggest-gadget-disasters-last-decade/,enfieldindependent.co.uk,English,United Kingdom,
Apple Inc,20200101T014500Z,From Google Glass to OnLive : The biggest gadget disasters of the last decade,https://www.leaderlive.co.uk/news/national/18131265.google-glass-onlive-biggest-gadget-disasters-last-decade/,leaderlive.co.uk,English,United Kingdom,
Apple Inc,20200101T014500Z,From Google Glass to OnLive : The biggest gadget disasters of the last decade,https://www.bracknellnews.co.uk/news/national/18131265.google-glass-onlive-biggest-gadget-disasters-last-decade/,bracknellnews.co.uk,English,United Kingdom,
Apple Inc,20200101T023000Z,From Google Glass to OnLive : The biggest gadget disasters of the last decade,https://www.wiltsglosstandard.co.uk/news/national/18131265.google-glass-onlive-biggest-gadget-disasters-last-decade/,wiltsglosstandard.co.uk,English,United Kingdom,
Apple Inc,20200101T023000Z,From Google Glass to OnLive : The biggest gadget disasters of the last decade,https://www.keighleynews.co.uk/news/national/18131265.google-glass-onlive-biggest-gadget-disasters-last-decade/,keighleynews.co.uk,English,United Kingdom,
Apple Inc,20200101T023000Z,From Google Glass to OnLive : The biggest gadget disasters of the last decade,https://www.dunfermlinepress.com/news/national-news/18131265.google-glass-onlive-biggest-gadget-disasters-last-decade/,dunfermlinepress.com,English,United Kingdom,
Apple Inc,20200101T023000Z,From Google Glass to OnLive : The biggest gadget disasters of the last decade,https://www.malverngazette.co.uk/news/national/18131265.google-glass-onlive-biggest-gadget-disasters-last-decade/,malverngazette.co.uk,English,United Kingdom,
Apple Inc,20200101T013000Z,From Google Glass to OnLive : The biggest gadget disasters of the last decade,https://www.greenocktelegraph.co.uk/news/national-news/18131265.google-glass-onlive-biggest-gadget-disasters-last-decade/,greenocktelegraph.co.uk,English,United Kingdom,
Apple Inc,20200101T013000Z,From Google Glass to OnLive : The biggest gadget disasters of the last decade,https://www.wirralglobe.co.uk/news/national/18131265.google-glass-onlive-biggest-gadget-disasters-last-decade/,wirralglobe.co.uk,English,United Kingdom,
Apple Inc,20200101T013000Z,From Google Glass to OnLive : The biggest gadget disasters of the last decade,https://www.winsfordguardian.co.uk/news/national/18131265.google-glass-onlive-biggest-gadget-disasters-last-decade/,winsfordguardian.co.uk,English,United Kingdom,
Apple Inc,20200101T013000Z,From Google Glass to OnLive : The biggest gadget disasters of the last decade,https://www.burnhamandhighbridgeweeklynews.co.uk/news/national/18131265.google-glass-onlive-biggest-gadget-disasters-last-decade/,burnhamandhighbridgeweeklynews.co.uk,English,United Kingdom,
Apple Inc,20200101T013000Z,From Google Glass to OnLive : The biggest gadget disasters of the last decade,https://www.thelancasterandmorecambecitizen.co.uk/news/national/18131265.google-glass-onlive-biggest-gadget-disasters-last-decade/,thelancasterandmorecambecitizen.co.uk,English,United Kingdom,
Apple Inc,20200101T013000Z,From Google Glass to OnLive : The biggest gadget disasters of the last decade,https://www.thurrockgazette.co.uk/news/national/18131265.google-glass-onlive-biggest-gadget-disasters-last-decade/,thurrockgazette.co.uk,English,United Kingdom,
Apple Inc,20200101T020000Z,From Google Glass to OnLive : The biggest gadget disasters of the last decade,https://www.bridgwatermercury.co.uk/news/national/18131265.google-glass-onlive-biggest-gadget-disasters-last-decade/,bridgwatermercury.co.uk,English,United Kingdom,
Apple Inc,20200101T020000Z,From Google Glass to OnLive : The biggest gadget disasters of the last decade,https://www.burytimes.co.uk/news/national/18131265.google-glass-onlive-biggest-gadget-disasters-last-decade/,burytimes.co.uk,English,United Kingdom,
Apple Inc,20200101T020000Z,From Google Glass to OnLive : The biggest gadget disasters of the last decade,https://www.stourbridgenews.co.uk/news/national/18131265.google-glass-onlive-biggest-gadget-disasters-last-decade/,stourbridgenews.co.uk,English,United Kingdom,
Apple Inc,20200101T020000Z,From Google Glass to OnLive : The biggest gadget disasters of the last decade,https://www.thisislancashire.co.uk/news/national/18131265.google-glass-onlive-biggest-gadget-disasters-last-decade/,thisislancashire.co.uk,English,United Kingdom,
Apple Inc,20200101T020000Z,From Google Glass to OnLive : The biggest gadget disasters of the last decade,https://www.gazetteseries.co.uk/news/national/18131265.google-glass-onlive-biggest-gadget-disasters-last-decade/,gazetteseries.co.uk,English,United Kingdom,
Apple Inc,20200101T020000Z,From Google Glass to OnLive : The biggest gadget disasters of the last decade,https://www.cravenherald.co.uk/news/national/18131265.google-glass-onlive-biggest-gadget-disasters-last-decade/,cravenherald.co.uk,English,United Kingdom,
Apple Inc,20200101T020000Z,From Google Glass to OnLive : The biggest gadget disasters of the last decade,https://www.warringtonguardian.co.uk/news/national/18131265.google-glass-onlive-biggest-gadget-disasters-last-decade/,warringtonguardian.co.uk,English,United Kingdom,
Apple Inc,20200101T020000Z,From Google Glass to OnLive : The biggest gadget disasters of the last decade,https://www.sloughobserver.co.uk/news/18131265.google-glass-onlive-biggest-gadget-disasters-last-decade/,sloughobserver.co.uk,English,United Kingdom,
Apple Inc,20200101T020000Z,From Google Glass to OnLive : The biggest gadget disasters of the last decade,https://www.redditchadvertiser.co.uk/news/national/18131265.google-glass-onlive-biggest-gadget-disasters-last-decade/,redditchadvertiser.co.uk,English,United Kingdom,
Apple Inc,20200101T020000Z,From Google Glass to OnLive : The biggest gadget disasters of the last decade,https://www.guardian-series.co.uk/news/national-news/18131265.google-glass-onlive-biggest-gadget-disasters-last-decade/,guardian-series.co.uk,English,United Kingdom,
Apple Inc,20200101T030000Z,From Google Glass to OnLive : The biggest gadget disasters of the last decade,https://www.watfordobserver.co.uk/news/national/18131265.google-glass-onlive-biggest-gadget-disasters-last-decade/,watfordobserver.co.uk,English,United Kingdom,
Apple Inc,20200101T030000Z,From Google Glass to OnLive : The biggest gadget disasters of the last decade,https://www.glasgowtimes.co.uk/news/18131265.google-glass-onlive-biggest-gadget-disasters-last-decade/,glasgowtimes.co.uk,English,,
Apple Inc,20200101T021500Z,From Google Glass to OnLive : The biggest gadget disasters of the last decade,https://www.surreycomet.co.uk/news/national/18131265.google-glass-onlive-biggest-gadget-disasters-last-decade/,surreycomet.co.uk,English,United Kingdom,
Apple Inc,20200101T021500Z,From Google Glass to OnLive : The biggest gadget disasters of the last decade,https://www.ledburyreporter.co.uk/news/national/18131265.google-glass-onlive-biggest-gadget-disasters-last-decade/,ledburyreporter.co.uk,English,United Kingdom,
Apple Inc,20200101T021500Z,From Google Glass to OnLive : The biggest gadget disasters of the last decade,https://www.heraldseries.co.uk/news/national/18131265.google-glass-onlive-biggest-gadget-disasters-last-decade/,heraldseries.co.uk,English,United Kingdom,
Apple Inc,20200101T021500Z,From Google Glass to OnLive : The biggest gadget disasters of the last decade,https://www.borehamwoodtimes.co.uk/news/national/18131265.google-glass-onlive-biggest-gadget-disasters-last-decade/,borehamwoodtimes.co.uk,English,United Kingdom,
Apple Inc,20200101T021500Z,From Google Glass to OnLive : The biggest gadget disasters of the last decade,https://www.ludlowadvertiser.co.uk/news/national/18131265.google-glass-onlive-biggest-gadget-disasters-last-decade/,ludlowadvertiser.co.uk,English,United Kingdom,
Apple Inc,20200101T034500Z,From Google Glass to OnLive : The biggest gadget disasters of the last decade,https://www.sthelensstar.co.uk/news/national/18131265.google-glass-onlive-biggest-gadget-disasters-last-decade/,sthelensstar.co.uk,English,United Kingdom,
Apple Inc,20200101T034500Z,From Google Glass to OnLive : The biggest gadget disasters of the last decade,https://www.falmouthpacket.co.uk/news/national/18131265.google-glass-onlive-biggest-gadget-disasters-last-decade/,falmouthpacket.co.uk,English,United Kingdom,
Apple Inc,20200101T034500Z,From Google Glass to OnLive : The biggest gadget disasters of the last decade,https://www.peeblesshirenews.com/news/18131265.google-glass-onlive-biggest-gadget-disasters-last-decade/,peeblesshirenews.com,English,United Kingdom,
Apple Inc,20200101T034500Z,From Google Glass to OnLive : The biggest gadget disasters of the last decade,https://www.harrowtimes.co.uk/news/national/18131265.google-glass-onlive-biggest-gadget-disasters-last-decade/,harrowtimes.co.uk,English,United Kingdom,
Apple Inc,20200101T033000Z,From Google Glass to OnLive : The biggest gadget disasters of the last decade,https://www.halesowennews.co.uk/news/national/18131265.google-glass-onlive-biggest-gadget-disasters-last-decade/,halesowennews.co.uk,English,United Kingdom,
Apple Inc,20200101T033000Z,From Google Glass to OnLive : The biggest gadget disasters of the last decade,https://www.southwalesguardian.co.uk/news/national/18131265.google-glass-onlive-biggest-gadget-disasters-last-decade/,southwalesguardian.co.uk,English,United Kingdom,
Apple Inc,20200101T033000Z,From Google Glass to OnLive : The biggest gadget disasters of the last decade,https://www.countypress.co.uk/news/national/18131265.google-glass-onlive-biggest-gadget-disasters-last-decade/,countypress.co.uk,English,,
Apple Inc,20200101T033000Z,From Google Glass to OnLive : The biggest gadget disasters of the last decade,https://www.dumbartonreporter.co.uk/news/18131265.google-glass-onlive-biggest-gadget-disasters-last-decade/,dumbartonreporter.co.uk,English,United Kingdom,
Apple Inc,20200101T040000Z,From Google Glass to OnLive : The biggest gadget disasters of the last decade,https://www.northwaleschronicle.co.uk/news/national/18131265.google-glass-onlive-biggest-gadget-disasters-last-decade/,northwaleschronicle.co.uk,English,United Kingdom,
Apple Inc,20200101T040000Z,From Google Glass to OnLive : The biggest gadget disasters of the last decade,https://www.gazetteherald.co.uk/news/national/18131265.google-glass-onlive-biggest-gadget-disasters-last-decade/,gazetteherald.co.uk,English,United Kingdom,
Apple Inc,20200101T040000Z,From Google Glass to OnLive : The biggest gadget disasters of the last decade,https://www.wharfedaleobserver.co.uk/news/national/18131265.google-glass-onlive-biggest-gadget-disasters-last-decade/,wharfedaleobserver.co.uk,English,United Kingdom,
Apple Inc,20200101T040000Z,From Google Glass to OnLive : The biggest gadget disasters of the last decade,https://www.westerntelegraph.co.uk/news/national/18131265.google-glass-onlive-biggest-gadget-disasters-last-decade/,westerntelegraph.co.uk,English,United Kingdom,
Apple Inc,20200101T044500Z,From Google Glass to OnLive : The biggest gadget disasters of the last decade,https://www.cotswoldjournal.co.uk/news/national/18131265.google-glass-onlive-biggest-gadget-disasters-last-decade/,cotswoldjournal.co.uk,English,United Kingdom,
Apple Inc,20200101T044500Z,From Google Glass to OnLive : The biggest gadget disasters of the last decade,https://www.freepressseries.co.uk/news/national/18131265.google-glass-onlive-biggest-gadget-disasters-last-decade/,freepressseries.co.uk,English,United Kingdom,
Apple Inc,20200101T044500Z,From Google Glass to OnLive : The biggest gadget disasters of the last decade,https://www.richmondandtwickenhamtimes.co.uk/news/national/18131265.google-glass-onlive-biggest-gadget-disasters-last-decade/,richmondandtwickenhamtimes.co.uk,English,United Kingdom,
Apple Inc,20200101T051500Z,From Google Glass to OnLive : The biggest gadget disasters of the last decade,https://www.chardandilminsternews.co.uk/news/national/18131265.google-glass-onlive-biggest-gadget-disasters-last-decade/,chardandilminsternews.co.uk,English,United Kingdom,
Apple Inc,20200101T051500Z,From Google Glass to OnLive : The biggest gadget disasters of the last decade,https://www.halsteadgazette.co.uk/news/national/18131265.google-glass-onlive-biggest-gadget-disasters-last-decade/,halsteadgazette.co.uk,English,United Kingdom,
Apple Inc,20200101T051500Z,From Google Glass to OnLive : The biggest gadget disasters of the last decade,https://www.harwichandmanningtreestandard.co.uk/news/national/18131265.google-glass-onlive-biggest-gadget-disasters-last-decade/,harwichandmanningtreestandard.co.uk,English,United Kingdom,
Apple Inc,20200101T051500Z,From Google Glass to OnLive : The biggest gadget disasters of the last decade,https://www.ealingtimes.co.uk/news/national/18131265.google-glass-onlive-biggest-gadget-disasters-last-decade/,ealingtimes.co.uk,English,United Kingdom,
Apple Inc,20200101T050000Z,From Google Glass to OnLive : The biggest gadget disasters of the last decade,https://www.basingstokegazette.co.uk/news/national/18131265.google-glass-onlive-biggest-gadget-disasters-last-decade/,basingstokegazette.co.uk,English,United Kingdom,
Apple Inc,20200101T050000Z,From Google Glass to OnLive : The biggest gadget disasters of the last decade,https://www.newsshopper.co.uk/news/national/18131265.google-glass-onlive-biggest-gadget-disasters-last-decade/,newsshopper.co.uk,English,United Kingdom,
Apple Inc,20200101T043000Z,From Google Glass to OnLive : The biggest gadget disasters of the last decade,https://www.hampshirechronicle.co.uk/news/national/18131265.google-glass-onlive-biggest-gadget-disasters-last-decade/,hampshirechronicle.co.uk,English,United Kingdom,
Apple Inc,20200101T043000Z,From Google Glass to OnLive : The biggest gadget disasters of the last decade,https://www.campaignseries.co.uk/news/national/18131265.google-glass-onlive-biggest-gadget-disasters-last-decade/,campaignseries.co.uk,English,United Kingdom,
Apple Inc,20200101T043000Z,From Google Glass to OnLive : The biggest gadget disasters of the last decade,https://www.eastlothiancourier.com/news/national-news/18131265.google-glass-onlive-biggest-gadget-disasters-last-decade/,eastlothiancourier.com,English,United Kingdom,
Apple Inc,20200101T043000Z,From Google Glass to OnLive : The biggest gadget disasters of the last decade,https://www.hexham-courant.co.uk/news/national/18131265.google-glass-onlive-biggest-gadget-disasters-last-decade/,hexham-courant.co.uk,English,United Kingdom,
Apple Inc,20200101T043000Z,From Google Glass to OnLive : The biggest gadget disasters of the last decade,https://www.chelmsfordweeklynews.co.uk/news/national/18131265.google-glass-onlive-biggest-gadget-disasters-last-decade/,chelmsfordweeklynews.co.uk,English,United Kingdom,
Apple Inc,20200101T043000Z,From Google Glass to OnLive : The biggest gadget disasters of the last decade,https://www.barryanddistrictnews.co.uk/news/national/18131265.google-glass-onlive-biggest-gadget-disasters-last-decade/,barryanddistrictnews.co.uk,English,United Kingdom,
Apple Inc,20200101T041500Z,From Google Glass to OnLive : The biggest gadget disasters of the last decade,https://www.nwemail.co.uk/news/national/18131265.google-glass-onlive-biggest-gadget-disasters-last-decade/,nwemail.co.uk,English,United Kingdom,
Apple Inc,20200101T041500Z,From Google Glass to OnLive : The biggest gadget disasters of the last decade,https://www.leighjournal.co.uk/news/national/18131265.google-glass-onlive-biggest-gadget-disasters-last-decade/,leighjournal.co.uk,English,United Kingdom,
Apple Inc,20200101T041500Z,From Google Glass to OnLive : The biggest gadget disasters of the last decade,https://www.gazette-news.co.uk/news/national/18131265.google-glass-onlive-biggest-gadget-disasters-last-decade/,gazette-news.co.uk,English,United Kingdom,
Apple Inc,20200101T041500Z,From Google Glass to OnLive : The biggest gadget disasters of the last decade,https://www.prestwichandwhitefieldguide.co.uk/news/national/18131265.google-glass-onlive-biggest-gadget-disasters-last-decade/,prestwichandwhitefieldguide.co.uk,English,United Kingdom,
Apple Inc,20200101T034500Z,From Google Glass to OnLive : The biggest gadget disasters of the last decade,https://www.newsandstar.co.uk/news/national/18131265.google-glass-onlive-biggest-gadget-disasters-last-decade/,newsandstar.co.uk,English,United Kingdom,
Apple Inc,20200101T043000Z,From Google Glass to OnLive : The biggest gadget disasters of the last decade,https://www.maldonandburnhamstandard.co.uk/news/national/18131265.google-glass-onlive-biggest-gadget-disasters-last-decade/,maldonandburnhamstandard.co.uk,English,United Kingdom,
Apple Inc,20200101T044500Z,From Google Glass to OnLive : The biggest gadget disasters of the last decade,https://www.wandsworthguardian.co.uk/uk_national_news/18131265.google-glass-onlive-biggest-gadget-disasters-last-decade/,wandsworthguardian.co.uk,English,United Kingdom,
Apple Inc,20200101T044500Z,From Google Glass to OnLive : The biggest gadget disasters of the last decade,https://www.worcesternews.co.uk/news/national/18131265.google-glass-onlive-biggest-gadget-disasters-last-decade/,worcesternews.co.uk,English,United Kingdom,
Apple Inc,20200101T031500Z,"How a handful of Minnesota stocks , led by UnitedHealth , tell the story of a decade",https://www.msn.com/en-us/news/us/how-a-handful-of-minnesota-stocks-led-by-unitedhealth-tell-the-story-of-a-decade/ar-BBYvoLn,msn.com,English,United States,
Apple Inc,20200101T060000Z,Ignore the so - called experts ; they keep getting it wrong,https://www.stardem.com/opinion/columns/ignore-the-so-called-experts-they-keep-getting-it-wrong/article_582e99b4-ec5e-5327-a2a4-45dc9d231979.html,stardem.com,English,United States,
Apple Inc,20200101T223000Z,Cohen : Ignore the so - called experts . They keep getting it wrong,https://www.gazettextra.com/opinion/columns/cohen-ignore-the-so-called-experts-they-keep-getting-it/article_492031de-982b-5ce2-9ec5-3eb467ba5b1e.html,gazettextra.com,English,United States,
Apple Inc,20200101T231500Z,Conference to Address Connection Between Big Data and Food Safety,https://www.qualityassurancemag.com/article/conference-to-address-connection-between-big-data-and-food-safety/,qualityassurancemag.com,English,United States,
Apple Inc,20200101T054500Z,"How a handful of Minnesota stocks , led by UnitedHealth , tell the story of a decade",https://insurancenewsnet.com/oarticle/how-a-handful-of-minnesota-stocks-led-by-unitedhealth-tell-the-story-of-a-decade,insurancenewsnet.com,English,United States,
Apple Inc,20200101T201500Z,Best in jazz : Lots of local musicians on our list,https://www.msn.com/en-us/music/news/best-in-jazz-lots-of-local-musicians-on-our-list/ar-BBYwFxO,msn.com,English,United States,
Apple Inc,20200101T184500Z,6 Technologies That Will Reshape Marketing In The Next Decade,https://www.ctpost.com/business/article/6-Technologies-That-Will-Reshape-Marketing-In-The-14941812.php,ctpost.com,English,United States,
Apple Inc,20200101T233000Z,Home Health Owners Pay Price for $38 Million  Empire of Fraud  ,https://homehealthcarenews.com/2020/01/home-health-owners-pay-price-for-38-million-empire-of-fraud/,homehealthcarenews.com,English,United States,
Apple Inc,20200101T210000Z,6 Technologies That Will Reshape Marketing In The Next Decade,https://www.stamfordadvocate.com/business/article/6-Technologies-That-Will-Reshape-Marketing-In-The-14941812.php,stamfordadvocate.com,English,United States,
Apple Inc,20200101T184500Z,6 Technologies That Will Reshape Marketing In The Next Decade,https://www.greenwichtime.com/business/article/6-Technologies-That-Will-Reshape-Marketing-In-The-14941812.php,greenwichtime.com,English,United States,
Apple Inc,20200101T203000Z,6 Technologies That Will Reshape Marketing In The Next Decade,https://www.thehour.com/business/article/6-Technologies-That-Will-Reshape-Marketing-In-The-14941812.php,thehour.com,English,United States,
Apple Inc,20200101T054500Z,The  Zorfon  Mystery : Answers from a Golden - Age Video Game Developer,https://medium.com/@atarispot/the-zorfon-mystery-6d1f58544254,medium.com,English,United States,
Apple Inc,20200101T174500Z,Ringing in the New Year – let it be by black powder,https://www.lincolntimesnews.com/opinion/ringing-in-the-new-year-let-it-be-by-black/article_f950adfc-2c9d-11ea-8382-cb541bc9c6b6.html,lincolntimesnews.com,English,United States,
Apple Inc,20200101T131500Z,The Best of The Long View : Conversations With Advisors and Retirement Pros,https://www.morningstar.com/articles/960349/the-best-of-the-long-view-conversations-with-advisors-and-retirement-pros,morningstar.com,English,China,
Apple Inc,20200101T113000Z,ellenjb . com Website Analysis and Social Media report impact : Ellenjb . com,https://www.coolsocial.net/sites/www/ellenjb.com.html,coolsocial.net,English,United States,
Apple Inc,20200101T001500Z,"Top moments of the decade , as told by Global News readers",https://q107.com/news/6351891/top-moments-of-the-decade-2019-readers/,q107.com,English,Canada,
Apple Inc,20200101T103000Z,The 2010s : The East Valley decade to remember | News,https://www.ahwatukee.com/news/article_d84abf46-2bec-11ea-9f9f-2b0d7423713b.html,ahwatukee.com,English,United States,
Apple Inc,20200101T123000Z,Year in Review : Jackson County,https://www.vintonjacksoncourier.com/news/year-in-review-jackson-county/article_3729a276-5a7a-56e8-9dc9-c82088e3e320.html,vintonjacksoncourier.com,English,,
Apple Inc,20200101T030000Z,"Decade brought disasters and triumphs to Smyth County , region",https://www.swvatoday.com/news/article_50c0e312-290c-11ea-82c4-47e19e14784f.html,swvatoday.com,English,United States,
Apple Inc,20200101T004500Z,Business Journal Privacy Policy,http://privacy.northbaybusinessjournal.com/policy/,privacy.northbaybusinessjournal.com,English,United States,
Apple Inc,20200101T001500Z,Argus - Courier Privacy Policy,http://privacy.petaluma360.com/policy/,privacy.petaluma360.com,English,United States,
Apple Inc,20200101T010000Z,Index - Tribune Privacy Policy,http://privacy.sonomanews.com/policy/,privacy.sonomanews.com,English,United States,
Apple Inc,20200101T100000Z,Funky Taurus Media - Music Photo Agency & Products,https://www.funkytaurusmedia.com/shop_content.php?coID=2&XTCsid=pfv48ft5ed51o71un8kf213ir2,funkytaurusmedia.com,English,Germany,
Apple Inc,20200101T110000Z,Funky Taurus Media - Music Photo Agency & Products,https://www.funkytaurusmedia.com/shop_content.php?coID=2&XTCsid=atnsa6pgirt3i691qnbprdelm0,funkytaurusmedia.com,English,Germany,
Apple Inc,20200101T004500Z,Funky Taurus Media - Music Photo Agency & Products,https://www.funkytaurusmedia.com/shop_content.php?coID=2&XTCsid=l9hcni5prcr4u77qt1vura8672,funkytaurusmedia.com,English,Germany,
Apple Inc,20200101T091500Z,Funky Taurus Media - Music Photo Agency & Products,https://www.funkytaurusmedia.com/shop_content.php?coID=2&XTCsid=ok00dsntidn5ethrsivqaa0836,funkytaurusmedia.com,English,Germany,
Apple Inc,20200101T013000Z,Funky Taurus Media - Music Photo Agency & Products,https://www.funkytaurusmedia.com/shop_content.php?coID=2&XTCsid=249uklqac5c813r9u552e064a4,funkytaurusmedia.com,English,Germany,
Apple Inc,20200101T050000Z,Funky Taurus Media - Music Photo Agency & Products,https://www.funkytaurusmedia.com/shop_content.php?coID=2&XTCsid=q2kvkv54sftggt7mi3192icmi5,funkytaurusmedia.com,English,Germany,
Apple Inc,20200101T130000Z,Funky Taurus Media - Music Photo Agency & Products,https://www.funkytaurusmedia.com/shop_content.php?coID=2&XTCsid=7r8bhvt2gbb2too5e44ekhg302,funkytaurusmedia.com,English,Germany,
Apple Inc,20200101T180000Z,Funky Taurus Media - Music Photo Agency & Products,https://www.funkytaurusmedia.com/shop_content.php?coID=2&XTCsid=qtafvf1sf82knhsuplbuvf5142,funkytaurusmedia.com,English,Germany,
Apple Inc,20200101T154500Z,Funky Taurus Media - Music Photo Agency & Products,https://www.funkytaurusmedia.com/shop_content.php?coID=2&XTCsid=ukgg51j8oqk663qrfjbfc16eu3,funkytaurusmedia.com,English,Germany,
Apple Inc,20200101T214500Z,Funky Taurus Media - Music Photo Agency & Products,https://www.funkytaurusmedia.com/shop_content.php?coID=2&XTCsid=9163ri1o978nesin0khanjoeq6,funkytaurusmedia.com,English,Germany,
Apple Inc,20200101T110000Z,Funky Taurus Media - Music Photo Agency & Products,https://www.funkytaurusmedia.com/shop_content.php?coID=3&XTCsid=atnsa6pgirt3i691qnbprdelm0,funkytaurusmedia.com,English,Germany,
Apple Inc,20200101T003000Z,Funky Taurus Media - Music Photo Agency & Products,https://www.funkytaurusmedia.com/shop_content.php?coID=3&XTCsid=73odvtsrtoark45kneh3b4o963,funkytaurusmedia.com,English,Germany,
Apple Inc,20200101T063000Z,Funky Taurus Media - Music Photo Agency & Products,https://www.funkytaurusmedia.com/shop_content.php?coID=3&XTCsid=7cdrigehhta0qu323il1rvk183,funkytaurusmedia.com,English,Germany,
Apple Inc,20200101T091500Z,Funky Taurus Media - Music Photo Agency & Products,https://www.funkytaurusmedia.com/shop_content.php?coID=3&XTCsid=ok00dsntidn5ethrsivqaa0836,funkytaurusmedia.com,English,Germany,
Apple Inc,20200101T010000Z,Funky Taurus Media - Music Photo Agency & Products,https://www.funkytaurusmedia.com/shop_content.php?coID=3&XTCsid=2mh9950v5l33tn6fvc5ppu0475,funkytaurusmedia.com,English,Germany,
Apple Inc,20200101T013000Z,Funky Taurus Media - Music Photo Agency & Products,https://www.funkytaurusmedia.com/shop_content.php?coID=3&XTCsid=249uklqac5c813r9u552e064a4,funkytaurusmedia.com,English,Germany,
Apple Inc,20200101T034500Z,Funky Taurus Media - Music Photo Agency & Products,https://www.funkytaurusmedia.com/shop_content.php?coID=3&XTCsid=dvmp01rqd3nacb25ckb10626v4,funkytaurusmedia.com,English,Germany,
Apple Inc,20200101T130000Z,Funky Taurus Media - Music Photo Agency & Products,https://www.funkytaurusmedia.com/shop_content.php?coID=3&XTCsid=7r8bhvt2gbb2too5e44ekhg302,funkytaurusmedia.com,English,Germany,
Apple Inc,20200101T120000Z,Funky Taurus Media - Music Photo Agency & Products,https://www.funkytaurusmedia.com/shop_content.php?coID=3&XTCsid=eerffam96pqrh1je989hcfp3g5,funkytaurusmedia.com,English,Germany,
Apple Inc,20200101T154500Z,Funky Taurus Media - Music Photo Agency & Products,https://www.funkytaurusmedia.com/shop_content.php?coID=3&XTCsid=ukgg51j8oqk663qrfjbfc16eu3,funkytaurusmedia.com,English,Germany,
Apple Inc,20200101T214500Z,Funky Taurus Media - Music Photo Agency & Products,https://www.funkytaurusmedia.com/shop_content.php?coID=3&XTCsid=9163ri1o978nesin0khanjoeq6,funkytaurusmedia.com,English,Germany,
Apple Inc,20200101T221500Z,Funky Taurus Media - Music Photo Agency & Products,https://www.funkytaurusmedia.com/shop_content.php?coID=3&XTCsid=h229u5460jm79ui121dv8ieob5,funkytaurusmedia.com,English,Germany,
Microsoft,20200101T113000Z,Microsoft Takes down 50 Domains of Thallium Hacking Group,https://beebom.com/microsoft-shuts-50-domains-north-korean-hackers/,beebom.com,English,,
Microsoft,20200101T114500Z,Must - have Windows 10 update will leave YOU with a HUGE bill,https://www.express.co.uk/life-style/science-technology/1222793/Windows-10-Update-Bill-Price-Windows-7-End-Of-Life,express.co.uk,English,United Kingdom,
Microsoft,20200101T171500Z,Price drop ! Learn excellent Excel skills for just $8,https://www.androidauthority.com/excel-specialist-bundle-deal-1069883/,androidauthority.com,English,China,
Microsoft,20200101T144500Z,Microsoft seizes web domains used by North Korean hackers,https://www.rappler.com/technology/news/248360-microsoft-seizes-web-domains-north-korean-hackers,rappler.com,English,Philippines,
Microsoft,20200101T020000Z,GST revenue from 1 - line service providers surges - The Financial Express,https://www.financialexpress.com/economy/gst-revenue-from-1-line-service-providers-surges/1809183/,financialexpress.com,English,India,
Microsoft,20200101T133000Z,Microsoft Seizes Web Domains From North Korea - linked Hacker Group,https://markets.businessinsider.com/news/stocks/microsoft-seizes-web-domains-from-north-korea-linked-hacker-group-1028790301,markets.businessinsider.com,English,United States,
Microsoft,20200101T173000Z,Microsoft understated Xbox Series X reveal says a lot about its future,https://www.gamerevolution.com/features/625356-microsoft-xbox-series-x-reveal-future,gamerevolution.com,English,Japan,
Microsoft,20200101T220000Z,Microsoft says  Thallium  hackers stole sensitive information,https://www.bworldonline.com/microsoft-says-thallium-hackers-stole-sensitive-information/,bworldonline.com,English,Philippines,
Microsoft,20200101T154500Z,"Sony PlayStation 5 , Xbox Series X key details leak",https://www.hindustantimes.com/tech/sony-playstation-5-xbox-series-x-key-details-leak/story-oQmSnNqZte4kDTeG8KtlCO.html,hindustantimes.com,English,India,
Microsoft,20200101T134500Z,Microsoft Seizes Web Domains From North Korea - linked Hacker Group,https://www.nasdaq.com/articles/microsoft-seizes-web-domains-from-north-korea-linked-hacker-group-2020-01-01,nasdaq.com,English,United States,
Microsoft,20200101T004500Z,Vietnam facing cybersecurity challenges,https://vietnamnet.vn/en/sci-tech-environment/vietnam-facing-cybersecurity-challenges-604976.html,vietnamnet.vn,English,Vietnam,
Microsoft,20200101T190000Z,Here How To Join The Windows 10 Insider Program Without A Microsoft Account,https://hothardware.com/news/how-join-windows-10-insider-program-without-microsoft-account,hothardware.com,English,United States,
Microsoft,20200101T094500Z,"Top gadgets expected in 2020 : Apple iPhone 12 5G , Samsung Galaxy S11+ , Sony PS5 and more",https://indianexpress.com/article/technology/gadgets/these-are-the-hottest-gadgets-expected-in-2020-6194453/,indianexpress.com,English,India,
Microsoft,20200101T001500Z,Microsoft Seizes  Hotrnall . com  and Other Copycat Domains From North Korea - Linked Hackers,https://www.gizmodo.co.uk/2019/12/microsoft-seizes-hotrnall-com-and-other-copycat-domains-from-north-korea-linked-hackers/,gizmodo.co.uk,English,United Kingdom,
Microsoft,20200101T173000Z,"Hey , Microsoft , it time to take Xbox localization seriously",https://www.windowscentral.com/dear-xbox-if-you-want-reach-2-billion-gamers-you-need-fix-your-localization,windowscentral.com,English,United States,
Microsoft,20200101T170000Z,The cheapest Xbox Live Gold deals and 12 month membership prices for January 2020,https://www.msn.com/en-us/finance/other/the-cheapest-xbox-live-gold-deals-and-12-month-membership-prices-for-january-2020/ar-AAJi7vt,msn.com,English,United States,
Microsoft,20200101T050000Z,Bill Gates wants you to sleep more in 2020 and here why,http://articles.economictimes.indiatimes.com/magazines/panache/bill-gates-wants-you-to-sleep-more-in-2020-and-heres-why/articleshow/73042522.cms,articles.economictimes.indiatimes.com,English,India,
Microsoft,20200101T063000Z,Microsoft says North Korea - linked hackers stole sensitive information,https://www.itnews.com.au/news/microsoft-says-north-korea-linked-hackers-stole-sensitive-information-536055,itnews.com.au,English,Australia,
Microsoft,20200101T000000Z,Microsoft seizes web domains used by North Korean hackers,http://qatar-tribune.com/news-details/id/180035/microsoft-seizes-web-domains-used-by-north-korean-hackers,qatar-tribune.com,English,Qatar,
Microsoft,20200101T021500Z,Microsoft seizes web domains used by North Korean hackers,http://www.qatar-tribune.com/news-details/id/180035/microsoft-seizes-web-domains-used-by-north-korean-hackers,qatar-tribune.com,English,Qatar,
Microsoft,20200101T020000Z,The £1 . 2trillion tech bonanza : How the Silicon valley titans soared in value in the past 12 months,https://www.dailymail.co.uk/money/markets/article-7841629/The-1-2trillion-tech-bonanza-Silicon-valley-titans-soared-value-past-12-months.html,dailymail.co.uk,English,United Kingdom,
Microsoft,20200101T084500Z,The most exciting new gadgets to look forward to in 2020,https://www.walesonline.co.uk/news/uk-news/most-exciting-new-gadgets-look-17492958,walesonline.co.uk,English,United Kingdom,
Microsoft,20200101T030000Z,The £1 . 2trillion tech bonanza : How the Silicon valley titans soared in value in the past 12 months,https://www.thisismoney.co.uk/money/markets/article-7841629/The-1-2trillion-tech-bonanza-Silicon-valley-titans-soared-value-past-12-months.html,thisismoney.co.uk,English,United Kingdom,
Microsoft,20200101T154500Z,"Get $200 off on the Galaxy Note 10 , Galaxy Note 10 Plus and Get a Wireless Charger Absolutely Free",https://wccftech.com/samsung-galaxy-note-10-plus-deal-200-off/,wccftech.com,English,United States,
Microsoft,20200101T114500Z,The most exciting new gadgets to look forward to in 2020,https://www.nottinghampost.com/whats-on/shopping/most-exciting-new-gadgets-look-3693039,nottinghampost.com,English,United Kingdom,
Microsoft,20200101T091500Z,The most exciting new gadgets to look forward to in 2020,https://www.gazettelive.co.uk/news/uk-world-news/most-exciting-new-gadgets-look-17492958,gazettelive.co.uk,English,United Kingdom,
Microsoft,20200101T101500Z,The most exciting new gadgets to look forward to in 2020,https://www.somersetlive.co.uk/news/uk-world-news/most-exciting-new-gadgets-look-3693039,somersetlive.co.uk,English,United Kingdom,
Microsoft,20200101T110000Z,The most exciting new gadgets to look forward to in 2020,https://www.grimsbytelegraph.co.uk/news/uk-world-news/most-exciting-new-gadgets-look-3693039,grimsbytelegraph.co.uk,English,United Kingdom,
Microsoft,20200101T094500Z,The most exciting new gadgets to look forward to in 2020,https://www.leicestermercury.co.uk/news/uk-world-news/most-exciting-new-gadgets-look-3693039,leicestermercury.co.uk,English,United Kingdom,
Microsoft,20200101T053000Z,Why hybrid should lead organisations to the cloud,https://www.vanguardngr.com/2020/01/why-hybrid-should-lead-organisations-to-the-cloud/,vanguardngr.com,English,Nigeria,
Microsoft,20200101T083000Z,The most exciting new gadgets to look forward to in 2020,https://www.stokesentinel.co.uk/news/uk-world-news/most-exciting-new-gadgets-look-3693039,stokesentinel.co.uk,English,United Kingdom,
Microsoft,20200101T111500Z,The most exciting new gadgets to look forward to in 2020,https://www.cambridge-news.co.uk/news/uk-world-news/most-exciting-new-gadgets-look-17492958,cambridge-news.co.uk,English,United Kingdom,
Microsoft,20200101T091500Z,What Microsoft CEO Satya Nadella and the world richest man have in  common  - Latest News,https://www.gadgetsnow.com/tech-news/what-microsoft-ceo-satya-nadella-and-the-worlds-richest-man-have-in-common/articleshow/73053908.cms,gadgetsnow.com,English,India,
Microsoft,20200101T094500Z,The most exciting new gadgets to look forward to in 2020,https://www.hulldailymail.co.uk/news/uk-world-news/most-exciting-new-gadgets-look-3693039,hulldailymail.co.uk,English,United Kingdom,
Microsoft,20200101T181500Z,Debotnet 0 . 2 . 1 Beta,https://www.neowin.net/news/debotnet-021-beta,neowin.net,English,United States,
Microsoft,20200101T020000Z,A $399 PlayStation 5 will conquer next - gen,https://www.tweaktown.com/news/69559/399-playstation-5-conquer-next-gen/,tweaktown.com,English,United States,
Microsoft,20200101T123000Z,Tech that could seriously change the game in 2020,https://mashable.com/article/game-changing-tech-2020/,mashable.com,English,United States,
Microsoft,20200101T104500Z,The most exciting new gadgets to look forward to in 2020,https://www.derbytelegraph.co.uk/news/uk-world-news/most-exciting-new-gadgets-look-3693039,derbytelegraph.co.uk,English,United Kingdom,
Microsoft,20200101T123000Z,January sales 2020 : the best New Year sales live TODAY ! ,https://www.creativebloq.com/news/january-sales-2020-the-best-new-year-sales-for-artists-and-designers,creativebloq.com,English,United Kingdom,
Microsoft,20200101T143000Z,Four Largest Tech Companies Worth $4 Trillion USD,https://hypebeast.com/2020/1/apple-amazon-microsoft-alphabet-worth-4-trillion-usd,hypebeast.com,English,United States,
Microsoft,20200101T150000Z,The Best Authenticator Apps For Protecting Your Accounts,https://www.gizmodo.com.au/2020/01/the-best-authenticator-apps-for-protecting-your-accounts/,gizmodo.com.au,English,Australia,
Microsoft,20200101T190000Z,The Best Authenticator Apps for Protecting Your Accounts,https://www.gizmodo.co.uk/2020/01/the-best-authenticator-apps-for-protecting-your-accounts/,gizmodo.co.uk,English,United Kingdom,
Microsoft,20200101T104500Z,Microsoft account,"https://outlook.live.com/owa/?RpsCsrfState=12f43ecb-579c-fe6a-08c1-794cf9d3f425&id=292841&aadredir=1&CBCXT=out&lw=1&fl=dob,flname,wld&cobrandid=90015",outlook.live.com,English,United States,
Microsoft,20200101T100000Z,Microsoft account,"https://outlook.live.com/owa/?RpsCsrfState=cdd428db-715c-4803-561d-971e66c88335&id=292841&aadredir=1&CBCXT=out&lw=1&fl=dob,flname,wld&cobrandid=90015",outlook.live.com,English,United States,
Microsoft,20200101T101500Z,Microsoft account,"https://outlook.live.com/owa/?RpsCsrfState=feca5fea-0e69-354e-de31-16f03cb9a504&id=292841&aadredir=1&CBCXT=out&lw=1&fl=dob,flname,wld&cobrandid=90015",outlook.live.com,English,United States,
Microsoft,20200101T111500Z,Microsoft account,"https://outlook.live.com/owa/?RpsCsrfState=c86860e9-764e-0ebf-1d3c-be92b1c60d40&id=292841&aadredir=1&CBCXT=out&lw=1&fl=dob,flname,wld&cobrandid=90015",outlook.live.com,English,United States,
Microsoft,20200101T113000Z,Microsoft account,"https://outlook.live.com/owa/?RpsCsrfState=076ba6fc-5453-4857-2ef5-c5cc1ba61285&id=292841&aadredir=1&CBCXT=out&lw=1&fl=dob,flname,wld&cobrandid=90015",outlook.live.com,English,United States,
Microsoft,20200101T110000Z,Microsoft account,"https://outlook.live.com/owa/?RpsCsrfState=14d259b5-9ef8-c047-e060-150351aade48&id=292841&aadredir=1&CBCXT=out&lw=1&fl=dob,flname,wld&cobrandid=90015",outlook.live.com,English,United States,
Microsoft,20200101T004500Z,Microsoft account,"https://outlook.live.com/owa/?RpsCsrfState=24f453ff-a17e-23b5-3944-0b1e433a918e&id=292841&aadredir=1&CBCXT=out&lw=1&fl=dob,flname,wld&cobrandid=90015",outlook.live.com,English,United States,
Microsoft,20200101T011500Z,Microsoft account,"https://outlook.live.com/owa/?RpsCsrfState=803df4f4-59c9-9dfe-c9aa-f7586daba0f4&id=292841&aadredir=1&CBCXT=out&lw=1&fl=dob,flname,wld&cobrandid=90015",outlook.live.com,English,United States,
Microsoft,20200101T063000Z,Microsoft account,"https://outlook.live.com/owa/?RpsCsrfState=c47d4590-27a3-90e8-b193-1319f89efa9c&id=292841&aadredir=1&CBCXT=out&lw=1&fl=dob,flname,wld&cobrandid=90015",outlook.live.com,English,United States,
Microsoft,20200101T070000Z,Microsoft account,"https://outlook.live.com/owa/?RpsCsrfState=9ebab5dd-02db-0067-a81f-25ef8c6bac45&id=292841&aadredir=1&CBCXT=out&lw=1&fl=dob,flname,wld&cobrandid=90015",outlook.live.com,English,United States,
Microsoft,20200101T074500Z,Microsoft account,"https://outlook.live.com/owa/?RpsCsrfState=b97186a3-6ac6-ed5c-1035-c01f76ec2785&id=292841&aadredir=1&CBCXT=out&lw=1&fl=dob,flname,wld&cobrandid=90015",outlook.live.com,English,United States,
Microsoft,20200101T080000Z,Microsoft account,"https://outlook.live.com/owa/?RpsCsrfState=6a721dbb-6669-34e4-6a0a-54482760d3fd&id=292841&aadredir=1&CBCXT=out&lw=1&fl=dob,flname,wld&cobrandid=90015",outlook.live.com,English,United States,
Microsoft,20200101T054500Z,Microsoft account,"https://outlook.live.com/owa/?RpsCsrfState=df87f606-590f-39cf-7276-345aa42ecb1c&id=292841&aadredir=1&CBCXT=out&lw=1&fl=dob,flname,wld&cobrandid=90015",outlook.live.com,English,United States,
Microsoft,20200101T014500Z,Microsoft account,"https://outlook.live.com/owa/?RpsCsrfState=d24e2e8c-db38-68ed-9695-3ad3bb921803&id=292841&aadredir=1&CBCXT=out&lw=1&fl=dob,flname,wld&cobrandid=90015",outlook.live.com,English,United States,
Microsoft,20200101T020000Z,Microsoft account,"https://outlook.live.com/owa/?RpsCsrfState=cf470537-3172-c826-e33d-fff7a662f6c2&id=292841&aadredir=1&CBCXT=out&lw=1&fl=dob,flname,wld&cobrandid=90015",outlook.live.com,English,United States,
Microsoft,20200101T033000Z,Microsoft account,"https://outlook.live.com/owa/?RpsCsrfState=6bf365e7-8295-fdee-39c3-222a40adddad&id=292841&aadredir=1&CBCXT=out&lw=1&fl=dob,flname,wld&cobrandid=90015",outlook.live.com,English,United States,
Microsoft,20200101T043000Z,Microsoft account,"https://outlook.live.com/owa/?RpsCsrfState=fd610247-0b6b-ecb8-a3c9-fd9e9d0abac2&id=292841&aadredir=1&CBCXT=out&lw=1&fl=dob,flname,wld&cobrandid=90015",outlook.live.com,English,United States,
Microsoft,20200101T041500Z,Microsoft account,"https://outlook.live.com/owa/?RpsCsrfState=ca756f4f-dec8-87a5-0b00-9265fe8a8ee7&id=292841&aadredir=1&CBCXT=out&lw=1&fl=dob,flname,wld&cobrandid=90015",outlook.live.com,English,United States,
Microsoft,20200101T130000Z,Microsoft account,"https://outlook.live.com/owa/?RpsCsrfState=6ac37fd8-7937-2471-2ce2-883b40154d63&id=292841&aadredir=1&CBCXT=out&lw=1&fl=dob,flname,wld&cobrandid=90015",outlook.live.com,English,United States,
Microsoft,20200101T121500Z,Microsoft account,"https://outlook.live.com/owa/?RpsCsrfState=89be6c87-ae11-0701-bf54-5274afc4a1af&id=292841&aadredir=1&CBCXT=out&lw=1&fl=dob,flname,wld&cobrandid=90015",outlook.live.com,English,United States,
Microsoft,20200101T133000Z,Microsoft account,"https://outlook.live.com/owa/?RpsCsrfState=fd3be484-bfaa-a05c-a44a-935f4ab35af1&id=292841&aadredir=1&CBCXT=out&lw=1&fl=dob,flname,wld&cobrandid=90015",outlook.live.com,English,United States,
Microsoft,20200101T134500Z,Microsoft account,"https://outlook.live.com/owa/?RpsCsrfState=1a47c0fb-c385-8214-04e0-169542df89e4&id=292841&aadredir=1&CBCXT=out&lw=1&fl=dob,flname,wld&cobrandid=90015",outlook.live.com,English,United States,
Microsoft,20200101T181500Z,Microsoft account,"https://outlook.live.com/owa/?RpsCsrfState=50c80fc5-5e90-57f1-bbc4-97d3de7a813d&id=292841&aadredir=1&CBCXT=out&lw=1&fl=dob,flname,wld&cobrandid=90015",outlook.live.com,English,United States,
Microsoft,20200101T174500Z,Microsoft account,"https://outlook.live.com/owa/?RpsCsrfState=8d5c344b-42ab-8548-e677-9dd36bcc0d9c&id=292841&aadredir=1&CBCXT=out&lw=1&fl=dob,flname,wld&cobrandid=90015",outlook.live.com,English,United States,
Microsoft,20200101T171500Z,Microsoft account,"https://outlook.live.com/owa/?RpsCsrfState=395da0ba-68cf-cdfe-2739-1aabfeafc0f7&id=292841&aadredir=1&CBCXT=out&lw=1&fl=dob,flname,wld&cobrandid=90015",outlook.live.com,English,United States,
Microsoft,20200101T201500Z,Microsoft account,"https://outlook.live.com/owa/?RpsCsrfState=965258cf-2eeb-6f65-2025-b62a9eb433f4&id=292841&aadredir=1&CBCXT=out&lw=1&fl=dob,flname,wld&cobrandid=90015",outlook.live.com,English,United States,
Microsoft,20200101T194500Z,Microsoft account,"https://outlook.live.com/owa/?RpsCsrfState=85375d40-6321-beb8-eab6-ed98c3b81043&id=292841&aadredir=1&CBCXT=out&lw=1&fl=dob,flname,wld&cobrandid=90015",outlook.live.com,English,United States,
Microsoft,20200101T203000Z,Microsoft account,"https://outlook.live.com/owa/?RpsCsrfState=1481e73e-1df5-da40-2253-2a614283b2db&id=292841&aadredir=1&CBCXT=out&lw=1&fl=dob,flname,wld&cobrandid=90015",outlook.live.com,English,United States,
Microsoft,20200101T210000Z,Microsoft account,"https://outlook.live.com/owa/?RpsCsrfState=159bfb9f-d1a6-84e8-1957-12eea1925615&id=292841&aadredir=1&CBCXT=out&lw=1&fl=dob,flname,wld&cobrandid=90015",outlook.live.com,English,United States,
Microsoft,20200101T204500Z,Microsoft account,"https://outlook.live.com/owa/?RpsCsrfState=e44321ea-3a61-513a-39a0-0db3c37b4ab7&id=292841&aadredir=1&CBCXT=out&lw=1&fl=dob,flname,wld&cobrandid=90015",outlook.live.com,English,United States,
Microsoft,20200101T191500Z,Microsoft account,"https://outlook.live.com/owa/?RpsCsrfState=a141fe31-a6db-a42e-de24-ec3d0d1c8e2d&id=292841&aadredir=1&CBCXT=out&lw=1&fl=dob,flname,wld&cobrandid=90015",outlook.live.com,English,United States,
Microsoft,20200101T220000Z,Microsoft account,"https://outlook.live.com/owa/?RpsCsrfState=29670e32-6bb3-a730-a722-f005c25d1bc2&id=292841&aadredir=1&CBCXT=out&lw=1&fl=dob,flname,wld&cobrandid=90015",outlook.live.com,English,United States,
Microsoft,20200101T163000Z,Microsoft account,"https://outlook.live.com/owa/?RpsCsrfState=e140a7fc-0b9f-3106-2e5c-ad33840c8535&id=292841&aadredir=1&CBCXT=out&lw=1&fl=dob,flname,wld&cobrandid=90015",outlook.live.com,English,United States,
Microsoft,20200101T160000Z,Microsoft account,"https://outlook.live.com/owa/?RpsCsrfState=d47b1762-12ac-b4fe-1d9b-007f78f23ce3&id=292841&aadredir=1&CBCXT=out&lw=1&fl=dob,flname,wld&cobrandid=90015",outlook.live.com,English,United States,
Microsoft,20200101T164500Z,Microsoft account,"https://outlook.live.com/owa/?RpsCsrfState=4fc96332-85ab-4ccf-31e2-cfcbdf84e944&id=292841&aadredir=1&CBCXT=out&lw=1&fl=dob,flname,wld&cobrandid=90015",outlook.live.com,English,United States,
Microsoft,20200101T154500Z,Microsoft account,"https://outlook.live.com/owa/?RpsCsrfState=c74128bf-130f-e03c-532f-7d563b74b076&id=292841&aadredir=1&CBCXT=out&lw=1&fl=dob,flname,wld&cobrandid=90015",outlook.live.com,English,United States,
Microsoft,20200101T141500Z,Microsoft account,"https://outlook.live.com/owa/?RpsCsrfState=58081b16-46da-1521-c7df-cad2296ba694&id=292841&aadredir=1&CBCXT=out&lw=1&fl=dob,flname,wld&cobrandid=90015",outlook.live.com,English,United States,
Microsoft,20200101T150000Z,Microsoft account,"https://outlook.live.com/owa/?RpsCsrfState=6e8df7d0-6385-708b-5870-2a4e5f87fd4f&id=292841&aadredir=1&CBCXT=out&lw=1&fl=dob,flname,wld&cobrandid=90015",outlook.live.com,English,United States,
Microsoft,20200101T170000Z,Microsoft account,"https://outlook.live.com/owa/?RpsCsrfState=c3d82285-a0e7-187c-ce68-fc9542a4ee48&id=292841&aadredir=1&CBCXT=out&lw=1&fl=dob,flname,wld&cobrandid=90015",outlook.live.com,English,United States,
Microsoft,20200101T224500Z,Microsoft account,"https://outlook.live.com/owa/?RpsCsrfState=84a04566-ea4a-2e7f-1781-227f985cb96d&id=292841&aadredir=1&CBCXT=out&lw=1&fl=dob,flname,wld&cobrandid=90015",outlook.live.com,English,United States,
Microsoft,20200101T234500Z,Microsoft account,"https://outlook.live.com/owa/?RpsCsrfState=0c3ef958-3297-e255-c422-a56a45c2cd33&id=292841&aadredir=1&CBCXT=out&lw=1&fl=dob,flname,wld&cobrandid=90015",outlook.live.com,English,United States,
Microsoft,20200101T230000Z,Microsoft account,"https://outlook.live.com/owa/?RpsCsrfState=0afb23a5-37cd-d093-09c5-5bf4ba263daa&id=292841&aadredir=1&CBCXT=out&lw=1&fl=dob,flname,wld&cobrandid=90015",outlook.live.com,English,United States,
Microsoft,20200101T231500Z,Microsoft account,"https://outlook.live.com/owa/?RpsCsrfState=f36e9ff6-b779-0c2d-58e0-fad03fc92ea9&id=292841&aadredir=1&CBCXT=out&lw=1&fl=dob,flname,wld&cobrandid=90015",outlook.live.com,English,United States,
Microsoft,20200101T144500Z,Microsoft account,"https://outlook.live.com/owa/?RpsCsrfState=bb4f5cf7-9567-0916-99b0-cf8ed303f85d&id=292841&aadredir=1&CBCXT=out&lw=1&fl=dob,flname,wld&cobrandid=90015",outlook.live.com,English,United States,
Microsoft,20200101T034500Z,Emission spéciale du Nouvel an 2020  Voici venue la nouvelle année ! Amusons - nous follement ! » l KBS WORLD Radio,http://world.kbs.co.kr/service/archive_view.htm?lang=f&id=index&board_seq=548,world.kbs.co.kr,English,South Korea,
Microsoft,20200101T233000Z,Jeff Bezos is still the richest person in the world,https://www.azfamily.com/news/us_world_news/jeff-bezos-is-still-the-richest-person-in-the-world/article_4888e6f7-17bb-56b2-a404-40f214697999.html,azfamily.com,English,United States,
Microsoft,20200101T153000Z,Jeff Bezos is still the richest person in the world,https://www.cnn.com/2020/01/01/business/jeff-bezos-2019-billionaire-index-trnd/,cnn.com,English,United States,
Microsoft,20200101T030000Z,Here Comes 2020 ! Let Have a Ball ! l KBS WORLD Radio,http://world.kbs.co.kr/service/archive_view.htm?lang=e&id=index&board_seq=558,world.kbs.co.kr,English,South Korea,
Microsoft,20200101T040000Z,S . Korea Hopes to Win 10+ Gold Medals to Rank Among Top 10 at Tokyo Olympics,http://world.kbs.co.kr/service/news_view.htm?lang=e&Seq_Code=150360,world.kbs.co.kr,English,South Korea,
Microsoft,20200101T040000Z,Modest Improvement Expected for S . Korean Economy in 2020,http://world.kbs.co.kr/service/news_view.htm?lang=e&Seq_Code=150355,world.kbs.co.kr,English,South Korea,
Microsoft,20200101T040000Z,Folk Art Festival Begins in Central Seoul,http://world.kbs.co.kr/service/news_view.htm?lang=e&Seq_Code=150359,world.kbs.co.kr,English,South Korea,
Microsoft,20200101T234500Z,"N . Korea Threatens to Resume Nuke , ICBM Tests ; Warns of  New Strategic Weapon  ",http://world.kbs.co.kr/service/news_view.htm?lang=e&Seq_Code=150363,world.kbs.co.kr,English,South Korea,
Microsoft,20200101T144500Z,The 5 Best Authenticator Apps for Protecting Your Accounts,https://gizmodo.com/the-best-authenticator-apps-for-protecting-your-account-1840711013,gizmodo.com,English,United States,
Microsoft,20200101T003000Z,Tech Q & A : How to simplify PC photo management,https://www.stltoday.com/business/tech-q-a-how-to-simplify-pc-photo-management/article_8ddf93a2-4bc3-5e6e-abe2-0c09063e1c27.html,stltoday.com,English,United States,
Microsoft,20200101T000000Z,Xbox Game Pass had a banner year in 2019,https://n4g.com/news/2316990/xbox-game-pass-had-a-banner-year-in-2019,n4g.com,English,Japan,
Microsoft,20200101T191500Z,Jeff Bezos is still the richest person in the world at the close of 2019,https://myfox8.com/2020/01/01/jeff-bezos-is-still-the-richest-person-in-the-world-at-the-close-of-2019/,myfox8.com,English,United States,
Microsoft,20200101T180000Z,Jeff Bezos is still the richest person in the world,https://www.erienewsnow.com/story/41510178/jeff-bezos-is-still-the-richest-person-in-the-world,erienewsnow.com,English,United States,
Microsoft,20200101T041500Z,Purpose At Work : 10 Brands Leading With Purpose In 2019,https://www.forbes.com/sites/simonmainwaring/2020/12/31/purpose-at-work-10-brands-leading-with-purpose-in-2019/,forbes.com,English,United States,
Microsoft,20200101T174500Z,Jeff Bezos is still the richest person in the world,https://www.gwinnettdailypost.com/local/business/jeff-bezos-is-still-the-richest-person-in-the-world/article_ad456533-6acf-50aa-a161-f410bac4de81.html,gwinnettdailypost.com,English,United States,
Microsoft,20200101T010000Z,Tech Q & A : How to simplify PC photo management,https://magicvalley.com/business/tech-q-a-how-to-simplify-pc-photo-management/article_979028dd-dba5-5ed7-855b-967bd1e8569f.html,magicvalley.com,English,United States,
Microsoft,20200101T154500Z,"New Year Software Deals : Windows 10 Pro for $9 . 95 , Office 2016 Pro for $23 . 46 And Office 2019 for $44 . 08 ! ",https://wccftech.com/new-year-2020-deal-windows-10-cd-key-9-95-office-2019/,wccftech.com,English,United States,
Microsoft,20200101T054500Z,"Cyberpunk 2077 , Playstation 5 , Marvel Avengers : Let the games begin ! ",https://www.mid-day.com/articles/cyberpunk-2077-playstation-5-marvels-avengers-let-the-games-begin/22357152,mid-day.com,English,India,
Microsoft,20200101T110000Z,California new privacy law takes effect,https://www.axios.com/california-new-privacy-law-effective-3a843f4a-1521-4e33-a20e-f2e1f8803e4d.html,axios.com,English,United States,
Microsoft,20200101T214500Z,Jeff Bezos is still the richest person in the world,https://fox43.com/2020/01/01/jeff-bezos-is-still-the-richest-person-in-the-world/,fox43.com,English,United States,
Microsoft,20200101T004500Z,How to use Outlook Quick Step feature to save time sending email,https://www.techrepublic.com/article/how-to-use-outlooks-quick-step-feature-to-save-time-sending-email/,techrepublic.com,English,United States,
Microsoft,20200101T050000Z,LG submits patent application for a new foldable OLED case for new smartphone,https://www.ibtimes.co.uk/lg-submits-patent-application-new-foldable-oled-case-new-smartphone-1673892,ibtimes.co.uk,English,United Kingdom,
Microsoft,20200101T043000Z,Microsoft Data Scientist - Job at Realdolmen in Leuven,https://www.stepstone.be/jobs--Microsoft-Data-Scientist-Leuven-Realdolmen--1775731-inline.html,stepstone.be,English,Belgium,
Microsoft,20200101T063000Z,"California new data privacy law is tough , but how far will companies go to comply ? ",https://indianexpress.com/article/technology/tech-news-technology/california-new-data-privacy-law-is-tough-but-how-far-will-companies-go-to-comply-6194223/,indianexpress.com,English,India,
Microsoft,20200101T001500Z,Administrative / Accounting Assistant 구합니다 . ,http://www.radiokorea.com/bulletin/bbs/board.php?bo_table=c_jobs&wr_id=2502348,radiokorea.com,English,United States,
Microsoft,20200101T224500Z,Supermodel Natalia Vodianova to marry son of £84bn luxury goods mogul Bernard Arnault,https://www.dailymail.co.uk/tvshowbiz/article-7843511/Supermodel-Natalia-Vodianova-marry-son-84bn-luxury-goods-mogul-Bernard-Arnault.html,dailymail.co.uk,English,United Kingdom,
Microsoft,20200101T001500Z,Costco Sale Alert : Here Are The Best Deals [ Updated ] ,https://www.forbes.com/sites/gordonkelly/2020/12/31/costco-sale-iphone-galaxy-s10-note10-ps4-pro-xbox-one-x-microsoft-surface-pro-7-fitbit-tv-deals/,forbes.com,English,United States,
Microsoft,20200101T160000Z,Jeff Bezos is still the richest person in the world,https://ktvz.com/money/2020/01/01/jeff-bezos-is-still-the-richest-person-in-the-world/,ktvz.com,English,United States,
Microsoft,20200101T090000Z,WhatsApp will stop working on all Windows Mobile handsets TOMORROW - - Microsoft,https://www.dslreports.com/forum/r32615145-WhatsApp-will-stop-working-on-all-Windows-Mobile-handsets-TOMORROW,dslreports.com,English,United States,
Microsoft,20200101T011500Z,Walmart Sale Alert : Here Are The Best Deals [ Updated ] ,https://www.forbes.com/sites/gordonkelly/2020/12/31/walmart-alert-airpods-iphones-xbox-ps4-4k-tv-deals-beat-black-friday/,forbes.com,English,United States,
Microsoft,20200101T021500Z,WhatsApp to Suspend Services on Certain Devices in 2020,https://sputniknews.com/science/202001011077912830-whatsapp-to-suspend-services-on-certain-devices-in-2020/,sputniknews.com,English,Russia,
Microsoft,20200101T153000Z,These 2 stocks dominated S & P 500 returns in 2019 and the decade,https://www.marketwatch.com/story/these-2-stocks-dominated-sp-500-returns-in-2019-and-the-decade-2020-01-01,marketwatch.com,English,United States,
Microsoft,20200101T180000Z,These 2 stocks dominated S & P 500 returns in 2019 and the decade,https://www.marketwatch.com/story/these-2-stocks-dominated-sp-500-returns-in-2019-and-the-decade-2020-01-01-12103011,marketwatch.com,English,United States,
Microsoft,20200101T224500Z,These 2 stocks dominated S & P 500 returns in 2019 and the decade,https://www.marketwatch.com/story/these-2-stocks-dominated-sp-500-returns-in-2019-and-the-decade-2020-01-01-1710307,marketwatch.com,English,United States,
Microsoft,20200101T230000Z,WPS Office Free 11 . 2 . 0 . 9107,https://www.neowin.net/news/wps-office-free-11209107,neowin.net,English,United States,
Microsoft,20200101T114500Z,The most exciting new gadgets to look forward to in 2020,https://www.belfastlive.co.uk/news/uk-world-news/most-exciting-new-gadgets-look-17492958,belfastlive.co.uk,English,United Kingdom,
Microsoft,20200101T174500Z,The decade when tech turned dark : Learning from the mistakes of the past 10 years,https://www.geekwire.com/2020/decade-tech-turned-dark-learning-mistakes-past-10-years/,geekwire.com,English,United States,
Microsoft,20200101T160000Z,Jeff Bezos is still the richest person in the world,http://www.wicz.com/story/41510178/jeff-bezos-is-still-the-richest-person-in-the-world,wicz.com,English,United States,
Microsoft,20200101T014500Z,Microsoft announces new hardware for Windows 8,https://pctechmag.com/2012/07/microsoft-announces-new-hardware-for-windows-8/,pctechmag.com,English,Uganda,
Microsoft,20200101T163000Z,Head of Robotics Company Warns of Catastrophic Consequences for Mankind if AI is Used in Conflicts,https://sputniknews.com/science/202001011077917122-head-of-robotics-company-warns-of-catastrophic-consequences-for-mankind-if-ai-is-used-in-conflicts/,sputniknews.com,English,Russia,
Microsoft,20200101T020000Z,Wall Street has its best year since 2013,https://www.axios.com/wall-street-stocks-best-year-since-2013-38c378b4-cae8-4d37-8385-8b3a954d5718.html,axios.com,English,United States,
Microsoft,20200101T203000Z,Tech extraordinary decade : What mattered most in the past 10 years of innovation – GeekWire,https://www.geekwire.com/2020/techs-extraordinary-decade-mattered-past-10-years-innovation/,geekwire.com,English,United States,
Microsoft,20200102T000000Z,Microsoft researchers used a laser to encode Warner,https://www.onenewspage.com/n/Technology/1zlq13fyr4/Microsoft-researchers-used-laser-to-encode-Warner.htm,onenewspage.com,English,United States,
Microsoft,20200101T223000Z,These ten enterprise M & A deals totaled over $40B in 2019 – TechCrunch,https://techcrunch.com/2020/01/01/these-ten-enterprise-ma-deals-totaled-over-40b-in-2019/,techcrunch.com,English,United States,
Microsoft,20200101T013000Z,What Games On Your Backlog Do You Want To Finish This New Year ? ,https://kotaku.com/what-games-on-your-backlog-do-you-want-to-finish-this-n-1840422376,kotaku.com,English,Japan,
Microsoft,20200101T023000Z,2 stocks accounted for 15 % of market gains in 2019,https://abc11.com/abc11.com/2-stocks-accounted-for-1525-of-market-gains-in-2019/5802962/,abc11.com,English,United States,
Microsoft,20200101T031500Z,2 stocks accounted for 15 % of market gains in 2019,https://6abc.com/6abc.com/2-stocks-accounted-for-1525-of-market-gains-in-2019/5802962/,6abc.com,English,United States,
Microsoft,20200101T013000Z,2 stocks accounted for 15 % of market gains in 2019,https://abc13.com/abc13.com/2-stocks-accounted-for-1525-of-market-gains-in-2019/5802962/,abc13.com,English,United States,
Microsoft,20200101T020000Z,2 stocks accounted for 15 % of market gains in 2019,https://abc7chicago.com/abc7chicago.com/2-stocks-accounted-for-1525-of-market-gains-in-2019/5802962/,abc7chicago.com,English,United States,
Microsoft,20200101T034500Z,2 stocks accounted for 15 % of market gains in 2019,https://abc7.com/abc7.com/2-stocks-accounted-for-1525-of-market-gains-in-2019/5802962/,abc7.com,English,United States,
Microsoft,20200101T044500Z,2 stocks accounted for 15 % of market gains in 2019,https://abc7ny.com/abc7ny.com/2-stocks-accounted-for-1525-of-market-gains-in-2019/5802962/,abc7ny.com,English,United States,
Microsoft,20200101T044500Z,2 stocks accounted for 15 % of market gains in 2019,https://abc7news.com/abc7news.com/2-stocks-accounted-for-1525-of-market-gains-in-2019/5802962/,abc7news.com,English,United States,
Microsoft,20200101T024500Z,What Games On Your Backlog Do You Want To Finish This New Year ? ,https://www.kotaku.com.au/2020/01/what-games-on-your-backlog-do-you-want-to-finish-this-new-year/,kotaku.com.au,English,Australia,
Microsoft,20200101T203000Z,Firewall Jobs in Tirol | aktuell 8 offen,https://www.karriere.at/jobs/firewall/tirol,karriere.at,English,Austria,
Microsoft,20200101T131500Z,Tim Cook Credits iPhone 11 Pro Midnight Green Finish To Seiko Advance,https://www.redmondpie.com/tim-cook-credits-iphone-11-pro-midnight-green-finish-to-seiko-advance/,redmondpie.com,English,United States,
Microsoft,20200101T201500Z,WhatsApp no Longer Supported on Windows Phones / Digital Information World,https://www.digitalinformationworld.com/2020/01/whatsapp-no-longer-supported-on-windows-phones.html,digitalinformationworld.com,English,,
Microsoft,20200101T213000Z,"Xbox Series X may be more powerful , but will third - party devs use it ? ",https://www.tweaktown.com/news/69564/xbox-series-more-powerful-third-party-devs-use/,tweaktown.com,English,United States,
Microsoft,20200101T123000Z,Cheap Surface Pro 7 January sales deal is an absolute STEAL,https://www.creativebloq.com/news/cheap-surface-pro-7-january-sales-deal-is-an-absolute-steal,creativebloq.com,English,United Kingdom,
Microsoft,20200101T201500Z,Rezi Résumé Software Lifetime Subscription Is Up For A Limited Time 94 % Discount Offer For A Few Days,https://wccftech.com/rezi-resume-software-lifetime-limited/,wccftech.com,English,United States,
Microsoft,20200101T031500Z,2 stocks accounted for 15 % of market gains in 2019,https://abc30.com/abc30.com/2-stocks-accounted-for-1525-of-market-gains-in-2019/5802962/,abc30.com,English,United States,
Microsoft,20200101T144500Z,Key investor exits Twitter for 1st time since IPO,https://www.prokerala.com/news/articles/a992880.html,prokerala.com,English,India,
Microsoft,20200102T000000Z,The most popular TechSpot stories and features of 2019,https://www.techspot.com/news/83369-most-popular-techspot-stories-features-2019.html,techspot.com,English,United States,
Microsoft,20200101T201500Z,Microsoft Won a Patent for a Smart Speaker System that Includes a Pico Projector to Support 3D Skype Conferencing,https://www.patentlyapple.com/patently-apple/2020/01/microsoft-won-a-patent-for-a-smart-speaker-system-that-includes-a-pico-projector-to-support-3d-skype-conferencing.html,patentlyapple.com,English,China,
Microsoft,20200101T083000Z,Nasdaq caps a $7tn decade with its best rally since 2009,https://www.thenational.ae/business/markets/nasdaq-caps-a-7tn-decade-with-its-best-rally-since-2009-1.958452,thenational.ae,English,United Arab Emirates,
Microsoft,20200101T013000Z,Nasdaq caps a US$7 - trillion decade with its best rally in 10 years,https://www.bnnbloomberg.ca/nasdaq-caps-a-us-7-trillion-decade-with-its-best-rally-in-10-years-1.1368070,bnnbloomberg.ca,English,Canada,
Microsoft,20200101T073000Z,Opinions | Trump is openly calling for his trial to be as corrupt as possible,https://www.msn.com/en-ca/news/newspolitics/opinions-trump-is-openly-calling-for-his-trial-to-be-as-corrupt-as-possible/ar-BBYvYzq,msn.com,English,United States,
Microsoft,20200101T091500Z,Ethiopian Airlines Group Microsoft partner for ICT skills development – New Business Ethiopia,https://newbusinessethiopia.com/technology/ethiopian-airlines-group-microsoft-partner-for-ict-skills-development/,newbusinessethiopia.com,English,Ethiopia,
Microsoft,20200101T073000Z,An industry confused - Recent,https://aurora.dawn.com/news/1143659/an-industry-confused,aurora.dawn.com,English,Pakistan,
Microsoft,20200101T001500Z,Microsoft Says North Korea - Linked Hackers Stole Sensitive Information,https://hamodia.com/2019/12/30/microsoft-says-north-korea-linked-hackers-stole-sensitive-information/,hamodia.com,English,Israel,
Microsoft,20200101T154500Z,Key investor exits Twitter for 1st time since IPO,http://www.daijiworld.com/news/newsDisplay.aspx?newsID=659025,daijiworld.com,English,India,
Microsoft,20200101T060000Z,Trump And Obama Tie For Most Admired Man Of the Decade,https://blackamericaweb.com/2019/12/31/trump-and-obama-tie-for-most-admired-man-of-the-decade/,blackamericaweb.com,English,United States,
Microsoft,20200101T194500Z,"Australia , your country is burning – dangerous climate change is here with you now",https://www.msn.com/en-gb/news/other/australia-your-country-is-burning-e2-80-93-dangerous-climate-change-is-here-with-you-now/ar-BBYwzZC,msn.com,English,United States,
Microsoft,20200101T021500Z,On the idea of being  Indian  ,https://economictimes.indiatimes.com/blogs/et-editorials/on-the-idea-of-being-indian/,economictimes.indiatimes.com,English,India,
Microsoft,20200101T034500Z,Bill Gates wants you to sleep more in 2020 and here why,https://economictimes.indiatimes.com/magazines/panache/bill-gates-wants-you-to-sleep-more-in-2020-and-heres-why/articleshow/73042522.cms,economictimes.indiatimes.com,English,India,
Microsoft,20200101T073000Z,Microsoft obtains court order to seize web domains used by South Korean hackers,https://www.ripplesnigeria.com/microsoft-obtains-court-order-to-seize-web-domains-used-by-south-korean-hackers/,ripplesnigeria.com,English,Nigeria,
Microsoft,20200101T154500Z,LG patents case for a foldable screen smartphone and it looks more practical than all other foldables out there,https://www.hindustantimes.com/tech/lg-patents-case-for-a-foldable-screen-smartphone-and-it-looks-more-practical-than-all-other-foldables-out-there/story-0TqoPZ2mUTQDchZjNc1oAK.html,hindustantimes.com,English,India,
Microsoft,20200101T213000Z,Xbox Boss Reveals What He Likes About the PlayStation 5,https://comicbook.com/gaming/2020/01/01/ps5-playstation-xbox-phil-spencer/,comicbook.com,English,United States,
Microsoft,20200101T000000Z,"Presidents Donald Trump , Barack Obama share new title : America  Most Admired  men",https://www.masslive.com/politics/2019/12/presidents-donald-trump-barack-obama-share-new-title-americas-most-admired-men.html,masslive.com,English,United States,
Microsoft,20200101T163000Z,"Big 2019 stories : DNA sleuthing , air service , notable deaths",https://www.heraldnet.com/news/big-2019-stories-dna-sleuthing-air-service-notable-deaths/,heraldnet.com,English,United States,
Microsoft,20200101T000000Z,Talking Point : What Free January 2020 PS Plus Games Do You Really Want ? ,http://www.pushsquare.com/news/2019/12/talking_point_what_free_january_2020_ps_plus_games_do_you_really_want,pushsquare.com,English,Japan,
Microsoft,20200101T031500Z,Nasdaq 100 caps $7 - trillion decade with best year of bull run,https://www.latimes.com/business/story/2019-12-31/nasdaq-decade-rally,latimes.com,English,United States,
Microsoft,20200101T171500Z,2019 in Review : Mobile highs and lows,https://www.slashgear.com/2019-in-review-mobile-highs-and-lows-01604724/,slashgear.com,English,United States,
Microsoft,20200101T121500Z,Dark Souls | E3 trailer ( 2011 ) ,http://www.msn.com/it-it/notizie/tecnologiaescienza/dark-souls-e3-trailer-2011/vi-BBYw7eY,msn.com,English,United States,
Microsoft,20200101T174500Z,"Data Science And Machine Learning Service Market Enhancement , Rising Growth , Demand and Developments by 2025",https://www.marketwatch.com/press-release/data-science-and-machine-learning-service-market-enhancement-rising-growth-demand-and-developments-by-2025-2020-01-01,marketwatch.com,English,United States,
Microsoft,20200101T170000Z,Could Sony reveal any PS5 details at CES 2020 ? ,https://bgr.com/2020/01/01/ps5-release-date-will-sony-launch-the-playstation-5-at-ces-2020/,bgr.com,English,United States,
Microsoft,20200101T013000Z,Redmond Town Center sells for $192 million,https://www.seattletimes.com/business/real-estate/redmond-town-center-sells-for-192-million/,seattletimes.com,English,United States,
Microsoft,20200101T000000Z,Xbox Game Pass had a banner year in 2019 - Game Freaks 365,https://gamefreaks365.com/xbox-game-pass-had-a-banner-year-in-2019/,gamefreaks365.com,English,,
Microsoft,20200101T153000Z,Opinion : Will Recession Strike in 2020 ? ,http://www.msn.com/en-us/money/savingandinvesting/opinion-will-recession-strike-in-2020/ar-BBYtO7w,msn.com,English,United States,
Microsoft,20200101T180000Z,January 1st – 2020 Presidential Politics – Trump Administration Day # 1077,https://theconservativetreehouse.com/2020/01/01/january-1st-2020-presidential-politics-trump-administration-day-1077/comment-page-2/,theconservativetreehouse.com,English,United States,
Microsoft,20200101T010000Z,Six New Year resolutions to make you smarter and safer with technology,https://www.zdnet.com/article/new-years-resolutions-to-make-you-smarter-and-safer-with-technology/,zdnet.com,English,Japan,
Microsoft,20200101T161500Z,"Enterprise Application Development Market Enhancement , Rising Growth , Demand and Developments by 2025",https://www.marketwatch.com/press-release/enterprise-application-development-market-enhancement-rising-growth-demand-and-developments-by-2025-2020-01-01,marketwatch.com,English,United States,
Microsoft,20200101T161500Z,RENEWAL MARKETING SPECIALIST,https://reliefweb.int/job/3460793/renewal-marketing-specialist,reliefweb.int,English,Syria,
Microsoft,20200101T181500Z,BeBop Sensors VR haptic glove will be on show at CES,https://www.kitguru.net/gaming/james-dawson/bebop-sensors-vr-haptic-glove-will-be-on-show-at-ces/,kitguru.net,English,United Kingdom,
Microsoft,20200101T113000Z,Historic California data privacy measure leaves companies scrambling,https://thehill.com/policy/technology/476368-historic-california-data-privacy-measure-leaves-companies-scrambling,thehill.com,English,United States,
Microsoft,20200101T151500Z,17 new PC games were excited for in 2020,https://www.pcworld.com/article/3510496/17-new-pc-games-were-excited-for-in-2020.html,pcworld.com,English,United States,
Microsoft,20200101T131500Z,What to expect from Amazon in 2020,https://www.pocket-lint.com/gadgets/news/amazon/150526-what-to-expect-from-amazon-in-2020,pocket-lint.com,English,United Kingdom,
Microsoft,20200101T153000Z,"Artificial Intelligence in Aviation Market Enhancement , Rising Growth , Demand and Developments by 2025",https://www.marketwatch.com/press-release/artificial-intelligence-in-aviation-market-enhancement-rising-growth-demand-and-developments-by-2025-2020-01-01,marketwatch.com,English,United States,
Microsoft,20200101T191500Z,Naidu expresses solidarity with agitating farmers in Capital area,https://www.thehindu.com/news/national/andhra-pradesh/naidu-expresses-solidarity-with-agitating-farmers-in-capital-area/article30454266.ece,thehindu.com,English,India,
Microsoft,20200101T121500Z,17 new PC games were excited for in 2020,https://www.pcworld.idg.com.au/article/669908/17-new-pc-games-we-re-excited-2020/,pcworld.idg.com.au,English,Australia,
Microsoft,20200101T154500Z,Spencer : SSD Can Be Used as Virtual Ram in XSX ; I Like That Sony Is Investing in SSD for PS5 Too,https://wccftech.com/spencer-on-xsx-ssd-can-be-used-as-virtual-ram-i-like-that-sony-is-investing-in-ssd-for-ps5-too/,wccftech.com,English,United States,
Microsoft,20200101T001500Z,"Entry to Mid - level Architect for Contemporary Residential Design Practice - Atlanta , GA , US | Jobs",https://archinect.com/jobs/entry/150176531/entry-to-mid-level-architect-for-contemporary-residential-design-practice,archinect.com,English,United States,
Microsoft,20200101T093000Z,The most exciting new gadgets to look forward to in 2020,https://www.getreading.co.uk/news/uk-world-news/most-exciting-new-gadgets-look-17492958,getreading.co.uk,English,United Kingdom,
Microsoft,20200101T000000Z,Anthony Bourdain Talks About Traveling to Heal From a Breakup in Inspiring 2016 Interview,https://www.travelandleisure.com/travel-tips/celebrity-travel/anthony-bourdain-npr-interview-travel-heartbreak,travelandleisure.com,English,United States,
Microsoft,20200101T203000Z,"Top tech of 2020 – Intel Xe to AMD Zen 3 , Nvidia Ampere and more … ",https://www.pcgamesn.com/the-future-pc-tech-of-2020,pcgamesn.com,English,United States,
Microsoft,20200101T124500Z,"Global Automatic Content Recognition Market Analysis , Trends , and Forecasts 2019 - 2025",https://www.finanznachrichten.de/nachrichten-2020-01/48517208-global-automatic-content-recognition-market-analysis-trends-and-forecasts-2019-2025-researchandmarkets-com-004.htm,finanznachrichten.de,English,Germany,
Microsoft,20200101T174500Z,"Cloud Access Security Brokers Market Enhancement , Growth , Demand and Developments by 2025",https://www.marketwatch.com/press-release/cloud-access-security-brokers-market-enhancement-growth-demand-and-developments-by-2025-2020-01-01,marketwatch.com,English,United States,
Microsoft,20200101T021500Z,"Stepping into 2020 – a new year , a new decade , and new goals to achieve",https://yourstory.com:443/2019/12/2020-new-year-new-decade-stories-startups,yourstory.com,English,India,
Microsoft,20200101T001500Z,"Renovation Project Manager - Los Angeles , CA , US | Jobs",https://archinect.com/jobs/entry/150176527/renovation-project-manager,archinect.com,English,United States,
Microsoft,20200101T111500Z,"Global Automatic Content Recognition Market Analysis , Trends , and Forecasts 2019 - 2025 – ResearchAndMarkets . com",https://www.financialbuzz.com/global-automatic-content-recognition-market-analysis-trends-and-forecasts-2019-2025-researchandmarkets-com/,financialbuzz.com,English,United States,
Microsoft,20200101T223000Z,PS5 Specs Potentially Leak – How Does This Compare With Xbox X Series ? ,http://powerupgaming.co.uk/2020/01/01/ps5-specs-potentially-leak-how-does-this-compare-with-xbox-x-series/,powerupgaming.co.uk,English,United Kingdom,
Microsoft,20200101T073000Z,"Upcoming January 2020 Games : PS4 , Switch , Xbox One , And PC",https://www.gamespot.com/articles/upcoming-january-2020-games-ps4-switch-xbox-one-an/1100-6472430/,gamespot.com,English,United States,
Microsoft,20200101T094500Z,"Amazon , Facebook , Uber : How to make billions in quick and easy cash",https://www.heraldsun.com.au/technology/sick-of-not-being-stinking-rich-learn-from-some-of-the-best-in-the-billionaire-business/news-story/32cd46ae4119933c17f020cd3774d665?nk=c925865ada138b564140ab79956179cb-1577867529,heraldsun.com.au,English,Australia,
Microsoft,20200101T123000Z,Android 2020 primer : 12 bits of telling analysis to mull,https://www.computerworld.com/article/3329749/android-2020-primer.html,computerworld.com,English,United States,
Microsoft,20200101T154500Z,Why Not Open America Doors to All the World Talent ? - HBS Working Knowledge,https://hbswk.hbs.edu/item/why-not-open-america-s-doors-to-all-the-world-s-talent,hbswk.hbs.edu,English,United States,
Microsoft,20200101T141500Z,"Apple Rises 86 %, Pulls The Entire Market Higher",https://247wallst.com/consumer-products/2020/01/01/apple-rises-86-pulls-the-entire-market-higher/,247wallst.com,English,United States,
Microsoft,20200101T114500Z,Relic : BASIC | Gadgets Magazine,https://gadgetsmagazine.com.ph/lifestyle/relic/relic-basic,gadgetsmagazine.com.ph,English,Philippines,
Microsoft,20200101T011500Z,Digital Sales Manager - Entercom Wichita,https://www.allaccess.com/forum/viewtopic.php?t=88187,allaccess.com,English,United States,
Microsoft,20200101T144500Z,It was ( mostly ) a bleak 2019 for JSE - listed technology shares,https://techcentral.co.za/it-was-mostly-a-bleak-2019-for-jse-listed-technology-shares/94913/,techcentral.co.za,English,South Africa,
Microsoft,20200101T141500Z,"Global Affective Computing Market Analysis , Trends , and Forecasts 2019 - 2025 - ResearchAndMarkets . com",https://www.businesswire.com/news/home/20200101005072/en/Global-Affective-Computing-Market-Analysis-Trends-Forecasts,businesswire.com,English,United States,
Microsoft,20200101T101500Z,"Amazon , Facebook , Uber : How to make billions in quick and easy cash",https://www.news.com.au/technology/innovation/sick-of-not-being-stinking-rich-learn-from-some-of-the-best-in-the-billionaire-business/news-story/32cd46ae4119933c17f020cd3774d665,news.com.au,English,Australia,
Microsoft,20200101T074500Z,Apple Stock Price Outperformed Microsoft Stock in 2019,https://learnbonds.com/news/apple-stock-price-outperformed-microsoft-stock-in-2019/,learnbonds.com,English,United States,
Microsoft,20200101T183000Z,Jeff Bezos is still the richest person in the world,http://www.wmac-am.com/news/jeff-bezos-is-still-the-richest-person-in-the-world/,wmac-am.com,English,United States,
Microsoft,20200101T181500Z,Jeff Bezos is still the richest person in the world,https://www.henryherald.com/news/business/jeff-bezos-is-still-the-richest-person-in-the-world/article_da4f4f83-9874-547f-8452-87f3b1c7f5b5.html,henryherald.com,English,United States,
Microsoft,20200101T190000Z,Jeff Bezos is still the richest person in the world,https://www.hartfordbusiness.com/article/jeff-bezos-is-still-the-richest-person-in-the-world,hartfordbusiness.com,English,United States,
Microsoft,20200101T190000Z,Jeff Bezos is still the richest person in the world,https://www.jacksonprogress-argus.com/news/business/jeff-bezos-is-still-the-richest-person-in-the-world/article_2797648a-c4be-5f9f-b724-9fd92d0f33b5.html,jacksonprogress-argus.com,English,United States,
Microsoft,20200101T174500Z,Jeff Bezos is still the richest person in the world,https://www.news-daily.com/news/business/jeff-bezos-is-still-the-richest-person-in-the-world/article_835098de-60e1-536b-8a1c-bce5261eb9c2.html,news-daily.com,English,United States,
Microsoft,20200101T201500Z,Jeff Bezos is still the richest person in the world,http://www.kmjnow.com/news/jeff-bezos-is-still-the-richest-person-in-the-world/,kmjnow.com,English,United States,
Microsoft,20200101T201500Z,Jeff Bezos is still the richest person in the world,http://www.newsradio1440.com/news/jeff-bezos-is-still-the-richest-person-in-the-world/,newsradio1440.com,English,United States,
Microsoft,20200101T193000Z,Jeff Bezos is still the richest person in the world,http://www.wgow.com/news/jeff-bezos-is-still-the-richest-person-in-the-world/,wgow.com,English,United States,
Microsoft,20200101T203000Z,Jeff Bezos is still the richest person in the world,http://www.790business.com/news/jeff-bezos-is-still-the-richest-person-in-the-world/,790business.com,English,United States,
Microsoft,20200101T203000Z,Jeff Bezos is still the richest person in the world,http://www.kkoh.com/news/jeff-bezos-is-still-the-richest-person-in-the-world/,kkoh.com,English,United States,
Microsoft,20200101T203000Z,Jeff Bezos is still the richest person in the world,http://www.wjr.com/news/jeff-bezos-is-still-the-richest-person-in-the-world/,wjr.com,English,United States,
Microsoft,20200101T191500Z,Jeff Bezos is still the richest person in the world,https://www.albanyherald.com/news/business/jeff-bezos-is-still-the-richest-person-in-the-world/article_ff379b78-c870-53be-8501-ba38656dc298.html,albanyherald.com,English,United States,
Microsoft,20200101T211500Z,Jeff Bezos is still the richest person in the world,http://www.wfnc640am.com/news/jeff-bezos-is-still-the-richest-person-in-the-world/,wfnc640am.com,English,United States,
Microsoft,20200101T211500Z,Jeff Bezos is still the richest person in the world,http://www.wbap.com/news/jeff-bezos-is-still-the-richest-person-in-the-world/,wbap.com,English,United States,
Microsoft,20200101T230000Z,Jeff Bezos is still the richest person in the world,http://www.wtma.com/news/jeff-bezos-is-still-the-richest-person-in-the-world/,wtma.com,English,United States,
Microsoft,20200101T223000Z,Jeff Bezos is still the richest person in the world,http://www.klif.com/news/jeff-bezos-is-still-the-richest-person-in-the-world/,klif.com,English,United States,
Microsoft,20200101T221500Z,Jeff Bezos is still the richest person in the world,http://www.kvor.com/news/jeff-bezos-is-still-the-richest-person-in-the-world/,kvor.com,English,United States,
Microsoft,20200101T130000Z,"Amazon , Facebook , Uber : How to make billions in quick and easy cash",https://www.themercury.com.au/technology/sick-of-not-being-stinking-rich-learn-from-some-of-the-best-in-the-billionaire-business/news-story/32cd46ae4119933c17f020cd3774d665?nk=44565f276fc7dc79273c7f9d33360364-1577882862,themercury.com.au,English,Australia,
Microsoft,20200101T191500Z,Minecraft Season of Giving Sale to conclude,https://news.punchjump.com/2020/01/01/minecraft-season-of-giving-sale-to-conclude/,news.punchjump.com,English,Japan,
Microsoft,20200101T004500Z,Brian Roche top 5 scams of 2019,https://www.wgal.com/article/brian-roches-top-5-scams-of-2019-8-on-your-side/30319345,wgal.com,English,United States,
Microsoft,20200101T173000Z,"MyJournals . org - Science -  Sensors , Vol . 20 , Pages 251 : Real - Time Electrical Resistivity Measurement and Mapping Platform of the Soils with an Autonomous Robot for Precision Farming Application ( Sensors ) ",http://www.myjournals.org/index.php?nr=555664,myjournals.org,English,China,
Microsoft,20200101T191500Z,Jeff Bezos is still the richest person in the world,https://www.cbs58.com/news/jeff-bezos-is-still-the-richest-person-in-the-world,cbs58.com,English,United States,
Microsoft,20200101T130000Z,California Consumer Privacy Act of 2020 : What the new privacy law means to you,https://news.yahoo.com/california-consumer-privacy-act-may-110012975.html,news.yahoo.com,English,United States,
Microsoft,20200101T233000Z,"Ric Flair on Charlotte - Andrade Engagement , Rey Mysterio on Retirement , WWE NXT",https://bleacherreport.com/articles/2869300-ric-flair-on-charlotte-andrade-engagement-rey-mysterio-on-retirement-wwe-nxt,bleacherreport.com,English,United States,
Microsoft,20200101T160000Z,"Enterprise Data Integration Market Research and Forecast 2019 to 2025 : IBM Corporation , Microsoft Corporation , Oracle Corporation , SAP SE",https://www.marketwatch.com/press-release/enterprise-data-integration-market-research-and-forecast-2019-to-2025-ibm-corporation-microsoft-corporation-oracle-corporation-sap-se-2020-01-01,marketwatch.com,English,United States,
Microsoft,20200101T184500Z,Online course sale : Get that bread in 2020 with professional skills,https://mashable.com/shopping/jan-1-online-courses-professional-skills/,mashable.com,English,United States,
Microsoft,20200101T134500Z,3 Stocks to Buy and Hold for the Next 50 Years,https://www.fool.com/investing/2020/01/01/3-stocks-to-buy-and-hold-for-the-next-50-years.aspx?source=iedfolrf0000001,fool.com,English,United States,
Microsoft,20200101T173000Z,3 Stocks to Buy and Hold for the Next 50 Years,https://www.fool.com/investing/2020/01/01/3-stocks-to-buy-and-hold-for-the-next-50-years.aspx,fool.com,English,United States,
Microsoft,20200101T160000Z,eMazzanti Technologies Seeks Fast Company 2020 World Changing Ideas Award,https://www.prweb.com/releases/emazzanti_technologies_seeks_fast_companys_2020_world_changing_ideas_award/prweb16811022.htm,prweb.com,English,United States,
Microsoft,20200101T123000Z,Bespoke office solution | When your corporate office overlooks the Qutub Minar,https://www.msn.com/en-in/news/other/bespoke-office-solution-when-your-corporate-office-overlooks-the-qutub-minar/ar-BBYvUoJ,msn.com,English,United States,
Microsoft,20200101T071500Z,Bespoke office solution | When your corporate office overlooks the Qutub Minar,https://www.moneycontrol.com/news/business/real-estate/bespoke-office-solution-when-your-corporate-office-overlooks-the-qutub-minar-4776881.html,moneycontrol.com,English,India,
Microsoft,20200101T053000Z,"Once again , iPhones top tech seller of the year , but AirPods the hit",https://www.thestar.com/business/technology/2019/12/31/once-again-iphones-top-tech-seller-of-the-year-but-airpods-the-hit.html,thestar.com,English,Canada,
Microsoft,20200101T131500Z,Other views : Prepare students with hands - on experience,https://www.yakimaherald.com/opinion/editorials/guest_editorials/other-views-prepare-students-with-hands-on-experience/article_14b8d650-f2f9-5488-a541-bf5467e3823e.html,yakimaherald.com,English,United States,
Microsoft,20200101T034500Z,  Tech tools as solution to drive insurance policy uptake in 2020  | The Guardian Nigeria News - Nigeria and World NewsBusiness The Guardian Nigeria News – Nigeria and World News,https://guardian.ng/business-services/tech-tools-as-solution-to-drive-insurance-policy-uptake-in-2020/,guardian.ng,English,Nigeria,
Microsoft,20200101T050000Z,Mariah Carey Twitter account hacked and used to post racist slurs,https://www.independent.co.uk/life-style/gadgets-and-tech/news/mariah-carey-twitter-tweets-hack-chuckling-squad-jack-dorsey-a9266146.html,independent.co.uk,English,United Kingdom,
Microsoft,20200101T150000Z,Cold War Between Biden and Mayor Pete Suddenly Burns Hot,https://news.yahoo.com/cold-war-between-biden-mayor-102612517.html,news.yahoo.com,English,United States,
Microsoft,20200101T160000Z,"The 8 Biggest Games Of 2020 : Xbox , PS4 , Switch And PC",https://www.forbes.com/sites/davidthier/2020/01/01/the-8-biggest-games-of-2020-xbox-ps4-switch-and-pc/,forbes.com,English,United States,
Microsoft,20200101T061500Z,"New Year Day 2020 store hours : Target , Kohl , Home Depot , more",https://www.usatoday.com/story/money/2020/01/01/new-years-day-2020-store-hours-target-kohls-home-depot/2781805001/,usatoday.com,English,United States,
Microsoft,20200101T003000Z,How Christmas became one of the biggest days of the year for hackers,https://www.nbcnews.com/tech/tech-news/how-christmas-became-one-biggest-days-year-hackers-n1106451?cid=public-rss_20200101,nbcnews.com,English,United States,
Microsoft,20200101T013000Z,20 things to look out for in 2020,https://www.bbc.co.uk/news/newsbeat-50756573,bbc.co.uk,English,United Kingdom,
Microsoft,20200101T031500Z,"New Year Eve , New Year Day 2020 store hours : When retailers close",https://www.azcentral.com/story/money/2019/12/30/new-years-eve-new-years-day-2020-store-hours/2775843001/,azcentral.com,English,United States,
Microsoft,20200101T191500Z,Gears 5 Xbox One No . 36 at united kingdom retail,https://news.punchjump.com/2020/01/01/gears-5-xbox-one-no-36-at-uk-retail/,news.punchjump.com,English,Japan,
Microsoft,20200101T223000Z,New games 2020 : the biggest games coming to console and PC,https://www.techradar.com/uk/news/new-games-2020-ps4-ps5-xbox-pc,techradar.com,English,United Kingdom,
Amazon,20200101T131500Z,What to expect from Amazon in 2020,https://www.pocket-lint.com/gadgets/news/amazon/150526-what-to-expect-from-amazon-in-2020,pocket-lint.com,English,United Kingdom,
Amazon,20200101T211500Z,Amazon tells Florida sheriff to pound sand when asked to help solve a crime | Commentary,http://www.orlandosentinel.com/opinion/scott-maxwell-commentary/os-op-amazon-no-help-florida-arrest-scott-maxwell-20200101-y2a6c7qzxzgwlo2u3xw2ivoo4q-story.html,orlandosentinel.com,English,United States,
Amazon,20200101T160000Z,Serena Williams on the 11 Wellness Products She Swears By,https://www.vogue.com/article/serena-williams-wellness-picks-new-year,vogue.com,English,United States,
Amazon,20200101T004500Z,A homeless shelter is about to open inside Amazon headquarters . Its director says  it not on corporation to solve the homelessness problem . ,https://news.yahoo.com/homeless-shelter-open-inside-amazons-131900052.html,news.yahoo.com,English,United States,
Amazon,20200101T210000Z,The top 5 Amazon security settings to change right now,https://www.komando.com/privacy/5-amazon-security-settings-to-change/584405/,komando.com,English,United States,
Amazon,20200101T104500Z,"Amazon : Amazon leases 4 . 5 lakh sq ft of office space in Chennai , Real Estate News , ET RealEstate",https://realty-stage.economictimes.indiatimes.com/news/commercial/amazon-leases-4-5-lakh-sq-ft-of-office-space-in-chennai/61126349,realty-stage.economictimes.indiatimes.com,English,India,
Amazon,20200101T014500Z,Should Amazon pay warehouse workers while they wait for security screenings ? Pa . Supreme Court will decide,http://www.orlandosentinel.com/sns-tns-bc-amazon-warehouseworkers-20191231-story.html,orlandosentinel.com,English,United States,
Amazon,20200101T203000Z,Amazon breaking ground on HQ2 this year,https://www.wusa9.com/article/news/local/amazon-hq2-groundbreaking-2020-plans/65-5a572835-f71a-4f6b-b2a8-515c2e192ca8,wusa9.com,English,United States,
Amazon,20200101T003000Z,Should Amazon pay warehouse workers while they wait for security screenings ? Pa . Supreme Court will decide,http://www.courant.com/breaking-news/sns-tns-bc-amazon-warehouseworkers-20191231-story.html,courant.com,English,United States,
Amazon,20200101T143000Z,The Mandalorian has a secret Thor Ragnarok Easter egg,https://www.digitalspy.com/tv/ustv/a30372151/mandalorian-star-wars-thor-easter-egg/,digitalspy.com,English,United Kingdom,
Amazon,20200101T230000Z,"Latest gadgets ( general ) News , Photos , Latest News Headlines about gadgets ( general ) ",https://www.thehindu.com/tag/1287-1197/,thehindu.com,English,India,
Amazon,20200101T094500Z,Amazon and rivals deploy robots in warehouses and workers must adapt,https://www.usatoday.com/story/money/business/2020/01/01/amazon-and-rivals-deploy-robots-warehouses-and-workers-must-adapt/2776000001/,usatoday.com,English,United States,
Amazon,20200101T124500Z,Amazon and rivals deploy robots in warehouses and workers must adapt,https://www.azcentral.com/story/money/business/2020/01/01/amazon-and-rivals-deploy-robots-warehouses-and-workers-must-adapt/2776000001/,azcentral.com,English,United States,
Amazon,20200101T001500Z,Snow days are coming . Prepare to keep your kids entertained now,http://www.chicagotribune.com/consumer-reviews/sns-bestreviews-snow-day-fun-for-kids-20191231-pgq6zzfwzvaklkclmzn5abai6q-story.html,chicagotribune.com,English,United States,
Amazon,20200101T100000Z,Amazon and rivals deploy robots in warehouses and workers must adapt,https://www.jsonline.com/story/money/business/2020/01/01/amazon-and-rivals-deploy-robots-warehouses-and-workers-must-adapt/2776000001/,jsonline.com,English,United States,
Amazon,20200101T204500Z,The best light therapy SAD lamps to boost your mood this winter,https://www.cnn.com/2018/01/15/cnn-underscored/light-therapy-lamps-shop/,cnn.com,English,United States,
Amazon,20200101T011500Z,Snow days are coming . Prepare to keep your kids entertained now,http://www.courant.com/consumer-reviews/sns-bestreviews-snow-day-fun-for-kids-20191231-pgq6zzfwzvaklkclmzn5abai6q-story.html,courant.com,English,United States,
Amazon,20200101T121500Z,1 FAANG Stock to Buy and 1 to Avoid in 2020,https://www.fool.com/investing/2020/01/01/1-faang-stock-to-buy-and-1-to-avoid-in-2020.aspx?source=iedfolrf0000001,fool.com,English,United States,
Amazon,20200101T064500Z,Statistic of the Decade : The Massive Deforestation of the Amazon,https://heavy.com/news/2020/01/amazon-deforestation-statistics/,heavy.com,English,United States,
Amazon,20200101T201500Z,Any experience with Amazon shipping packages with DPD ? ,https://www.geekzone.co.nz/forums.asp?forumid=48&topicid=233441&page_no=13,geekzone.co.nz,English,New Zealand,
Amazon,20200101T220000Z,"As robots take over warehousing , workers pushed to adapt",https://japantoday.com/category/tech/as-robots-take-over-warehousing-workers-pushed-to-adapt,japantoday.com,English,Japan,
Amazon,20200101T011500Z,I - Team : Containers of Amazon packages stolen,https://fox8.com/2019/12/31/i-team-containers-of-amazon-packages-stolen/,fox8.com,English,United States,
Amazon,20200101T194500Z,Police : Amazon delivery driver steals UPS package from home :: WRAL . com,https://www.wral.com/police-amazon-delivery-driver-steals-ups-package-from-home/18861789/,wral.com,English,United States,
Amazon,20200101T204500Z,"Amazon workout clothes : Shop the Core 10 line for sports bras , leggings , tank tops and more",https://www.cnn.com/2018/09/21/cnn-underscored/amazon-workout-clothes-core10-shop/,cnn.com,English,United States,
Amazon,20200101T104500Z,Police : Amazon delivery driver steals UPS package from home,https://www.republicworld.com/world-news/us-news/police-amazon-delivery-driver-steals-ups-package-from-home.html,republicworld.com,English,,
Amazon,20200101T011500Z,Should Amazon pay warehouse workers while they wait for security screenings ? Pa . Supreme Court will decide,http://www.dailypress.com/sns-tns-bc-amazon-warehouseworkers-20191231-story.html,dailypress.com,English,United States,
Amazon,20200101T053000Z,"UPS Dropped Off a Package ; Amazon Driver Stole It , Police Say",https://www.necn.com/news/national-international/ups-dropped-off-a-package-amazon-driver-stole-it-police-say/2212875/,necn.com,English,United States,
Amazon,20200101T041500Z,"UPS Dropped Off a Package ; Amazon Driver Stole It , Police Say",https://www.nbcnewyork.com/news/national-international/ups-dropped-off-a-package-amazon-driver-stole-it-police-say/2253180/,nbcnewyork.com,English,United States,
Amazon,20200101T010000Z,Police : Amazon delivery driver steals UPS package from home,https://www.foxbusiness.com/markets/police-amazon-delivery-driver-steals-ups-package-from-home,foxbusiness.com,English,United States,
Amazon,20200101T210000Z,Police : Amazon delivery driver steals UPS package from home,https://www.wect.com/2020/01/01/police-amazon-delivery-driver-steals-ups-package-home/,wect.com,English,United States,
Amazon,20200101T030000Z,Police : Amazon delivery driver steals UPS package from home,https://www.seattlepi.com/news/crime/article/Police-Amazon-delivery-driver-steals-UPS-package-14942242.php,seattlepi.com,English,United States,
Amazon,20200101T034500Z,"UPS Dropped Off a Package ; Amazon Driver Stole It , Police Say",https://www.nbcdfw.com/news/national-international/ups-dropped-off-a-package-amazon-driver-stole-it-police-say/2284675/,nbcdfw.com,English,United States,
Amazon,20200101T040000Z,"UPS Dropped Off a Package ; Amazon Driver Stole It , Police Say",https://www.nbcwashington.com/news/national-international/ups-dropped-off-a-package-amazon-driver-stole-it-police-say/2194924/,nbcwashington.com,English,United States,
Amazon,20200101T153000Z,Jeff Bezos is still the richest person in the world,https://www.cnn.com/2020/01/01/business/jeff-bezos-2019-billionaire-index-trnd/,cnn.com,English,United States,
Amazon,20200101T161500Z,"Not goodbye , but see you later : Here how to watch  Friend now that it no longer on Netflix",https://www.aol.com/article/entertainment/2020/01/01/not-goodbye-but-see-you-later-heres-how-to-watch-friends-now-that-its-no-longer-on-netflix/23890288/,aol.com,English,United States,
Amazon,20200101T201500Z,Police : Amazon delivery driver steals UPS package from home,https://www.hawaiinewsnow.com/2020/01/01/police-amazon-delivery-driver-steals-ups-package-home/,hawaiinewsnow.com,English,United States,
Amazon,20200101T233000Z,Police : Amazon delivery driver steals UPS package from home,https://www.kcrg.com/content/news/Police-Amazon-delivery-driver-steals-UPS-package-from-home-566629951.html,kcrg.com,English,United States,
Amazon,20200101T220000Z,Police : Amazon delivery driver steals UPS package from home,https://www.nbc12.com/2020/01/01/police-amazon-delivery-driver-steals-ups-package-home/,nbc12.com,English,United States,
Amazon,20200101T213000Z,Police : Amazon delivery driver steals UPS package from home,https://www.wistv.com/2020/01/01/police-amazon-delivery-driver-steals-ups-package-home/,wistv.com,English,United States,
Amazon,20200101T020000Z,Police : Amazon delivery driver steals UPS package from home,https://www.news5cleveland.com/news/national/police-amazon-delivery-driver-steals-ups-package-from-home,news5cleveland.com,English,United States,
Amazon,20200101T223000Z,Amazon driver refuses to deliver wine to 92 - year - old grandmother without ID,https://www.foxnews.com/food-drink/amazon-wine-delivery-grandmother-without-id,foxnews.com,English,United States,
Amazon,20200101T060000Z,"UPS Dropped Off a Package ; Amazon Driver Stole It , Police Say",https://www.nbcbayarea.com/news/national-international/ups-dropped-off-a-package-amazon-driver-stole-it-police-say/2208749/,nbcbayarea.com,English,United States,
Amazon,20200101T040000Z,"UPS Dropped Off a Package ; Amazon Driver Stole It , Police Say",https://www.nbcchicago.com/news/national-international/ups-dropped-off-a-package-amazon-driver-stole-it-police-say/2195031/,nbcchicago.com,English,United States,
Amazon,20200101T044500Z,"UPS Dropped Off a Package ; Amazon Driver Stole It , Police Say",https://www.nbcconnecticut.com/news/national-international/ups-dropped-off-a-package-amazon-driver-stole-it-police-say/2204202/,nbcconnecticut.com,English,United States,
Amazon,20200101T034500Z,Amazon Is Having Secret New Year Sale That Only Prime Members Can Shop,https://3wsradio.iheart.com/content/2019-12-31-amazon-is-having-secret-new-year-sale-that-only-prime-members-can-shop/,3wsradio.iheart.com,English,United States,
Amazon,20200101T013000Z,Police : Amazon delivery driver steals UPS package from home,https://www.wfmz.com/news/police-amazon-delivery-driver-steals-ups-package-from-home/article_def1dda5-e2fa-582c-b1a7-90729362ddb6.html,wfmz.com,English,United States,
Amazon,20200101T001500Z,John Boyega mocks major Star Wars : Rise of Skywalker plot point,https://www.digitalspy.com/movies/a30370812/star-wars-rise-of-skywalker-john-boyega-mocks-rey-kylo-ren-romance/,digitalspy.com,English,United Kingdom,
Amazon,20200101T020000Z,GST revenue from 1 - line service providers surges - The Financial Express,https://www.financialexpress.com/economy/gst-revenue-from-1-line-service-providers-surges/1809183/,financialexpress.com,English,India,
Amazon,20200101T031500Z,"UPS Dropped Off a Package ; Amazon Driver Stole It , Police Say",https://www.nbcphiladelphia.com/news/local/ups-dropped-off-a-package-amazon-driver-stole-it-police-say/2269214/,nbcphiladelphia.com,English,United States,
Amazon,20200101T144500Z,Amazon buys 87 acres of land in southeastern Virginia,https://wtvr.com/2020/01/01/amazon-buys-87-acres-of-land-in-southeastern-virginia/,wtvr.com,English,United States,
Amazon,20200101T181500Z,Amazon driver to be charged for stealing package,https://www.ydr.com/story/news/2020/01/01/amazon-driver-charged-stealing-package/2789465001/,ydr.com,English,United States,
Amazon,20200101T214500Z,Police : Amazon delivery driver steals UPS package from home,https://www.wmcactionnews5.com/2020/01/01/police-amazon-delivery-driver-steals-ups-package-home/,wmcactionnews5.com,English,United States,
Amazon,20200101T191500Z,Jeff Bezos is still the richest person in the world at the close of 2019,https://myfox8.com/2020/01/01/jeff-bezos-is-still-the-richest-person-in-the-world-at-the-close-of-2019/,myfox8.com,English,United States,
Amazon,20200101T011500Z,Clip - On Colander Makes Draining Pasta Easier,https://www.mentalfloss.com/article/610885/draining-pasta-far-more-convenient-clip-colander,mentalfloss.com,English,United States,
Amazon,20200101T214500Z,Police : Amazon delivery driver steals UPS package from home,https://www.whsv.com/content/news/Police-Amazon-delivery-driver-steals-UPS-package-from-home-566629951.html,whsv.com,English,United States,
Amazon,20200101T173000Z,The Amazon Has Lost More Than Ten Million Football Fields of Forest in a Decade | Science,https://www.smithsonianmag.com/science-nature/amazon-has-lost-more-ten-million-football-fields-forest-decade-180973879/,smithsonianmag.com,English,United States,
Amazon,20200101T004500Z,The Best Books for Travel Inspiration in 2020,https://www.yahoo.com/lifestyle/best-books-travel-inspiration-2020-154523934.html,yahoo.com,English,United States,
Amazon,20200102T000000Z,Police : Amazon delivery driver steals UPS package from home,https://www.wibw.com/content/news/Police-Amazon-delivery-driver-steals-UPS-package-from-home-566629951.html,wibw.com,English,United States,
Amazon,20200101T064500Z,OPS filter system question - Ford Truck Enthusiasts Forums,https://www.ford-trucks.com/forums/1608428-ops-filter-system-question.html,ford-trucks.com,English,United States,
Amazon,20200101T210000Z,Time to pull cab - Ford Truck Enthusiasts Forums,https://www.ford-trucks.com/forums/1608510-time-to-pull-cab.html,ford-trucks.com,English,United States,
Amazon,20200101T221500Z,Police : Amazon delivery driver steals UPS package from home,https://www.newschannel10.com/2020/01/01/police-amazon-delivery-driver-steals-ups-package-home/,newschannel10.com,English,United States,
Amazon,20200101T224500Z,Police : Amazon delivery driver steals UPS package from home,https://www.wowt.com/content/news/Police-Amazon-delivery-driver-steals-UPS-package-from-home-566629951.html,wowt.com,English,United States,
Amazon,20200101T230000Z,Police : Amazon delivery driver steals UPS package from home,https://www.wsfa.com/2020/01/01/police-amazon-delivery-driver-steals-ups-package-home/,wsfa.com,English,United States,
Amazon,20200101T153000Z,Amazon just discounted Apple AirPods Pro again – but it might be a mistake – BGR,https://bgr.com/2020/01/01/airpods-pro-price-mistake-on-amazon/,bgr.com,English,United States,
Amazon,20200101T204500Z,Police : Amazon delivery driver steals UPS package from home,https://www.wkyt.com/content/news/Police-Amazon-delivery-driver-steals-UPS-package-from-home-566629951.html,wkyt.com,English,United States,
Amazon,20200101T201500Z,Police : Amazon delivery driver steals UPS package from home,https://www.kltv.com/2020/01/01/police-amazon-delivery-driver-steals-ups-package-home/,kltv.com,English,United States,
Amazon,20200101T041500Z,Make your garage door smarter for only $29 with this discounted device,https://www.androidcentral.com/make-your-garage-door-smarter-only-29-discounted-device,androidcentral.com,English,China,
Amazon,20200101T214500Z,Jeff Bezos is still the richest person in the world,https://fox43.com/2020/01/01/jeff-bezos-is-still-the-richest-person-in-the-world/,fox43.com,English,United States,
Amazon,20200101T041500Z,Package Theft – NBC New York,https://www.nbcnewyork.com/tag/package-theft/,nbcnewyork.com,English,United States,
Amazon,20200101T021500Z,"Amazon , WeWork Were at the Center of 2019 Biggest Real Estate Stories",https://therealdeal.com/2019/12/31/amazon-wework-and-more-the-biggest-real-estate-stories-of-2019/,therealdeal.com,English,United States,
Amazon,20200101T034500Z,Package Theft – NBC 5 Dallas - Fort Worth,https://www.nbcdfw.com/tag/package-theft/,nbcdfw.com,English,United States,
Amazon,20200101T134500Z,3 Stocks to Buy and Hold for the Next 50 Years,https://www.fool.com/investing/2020/01/01/3-stocks-to-buy-and-hold-for-the-next-50-years.aspx?source=iedfolrf0000001,fool.com,English,United States,
Amazon,20200101T173000Z,3 Stocks to Buy and Hold for the Next 50 Years,https://www.fool.com/investing/2020/01/01/3-stocks-to-buy-and-hold-for-the-next-50-years.aspx,fool.com,English,United States,
Amazon,20200101T143000Z,Four Largest Tech Companies Worth $4 Trillion USD,https://hypebeast.com/2020/1/apple-amazon-microsoft-alphabet-worth-4-trillion-usd,hypebeast.com,English,United States,
Amazon,20200101T044500Z,package theft – NBC Connecticut,https://www.nbcconnecticut.com/tag/package-theft/,nbcconnecticut.com,English,United States,
Amazon,20200101T153000Z,Why the Rahm Story Matters - The American Interest,https://www.the-american-interest.com/2015/12/29/why-the-rahm-story-matters/,the-american-interest.com,English,United States,
Amazon,20200101T034500Z,Package Theft – NBC10 Philadelphia,https://www.nbcphiladelphia.com/tag/package-theft/,nbcphiladelphia.com,English,United States,
Amazon,20200101T154500Z,Amazon is opening a new office in New York City . Here are 11 mind - blowing facts that show just how wealthy CEO Jeff Bezos really is . ,https://www.businessinsider.com.au/how-rich-is-jeff-bezos-mind-blowing-facts-net-worth-2019-4,businessinsider.com.au,English,Australia,
Amazon,20200101T111500Z,Police : Amazon driver stole UPS package at home in W - B,https://www.citizensvoice.com/news/police-amazon-driver-stole-ups-package-at-home-in-w-b-1.2578042,citizensvoice.com,English,United States,
Amazon,20200101T000000Z,Go greener with these cool eco - friendly products in 2020,https://www.cnet.com/news/best-eco-friendly-green-products-in-2020/,cnet.com,English,Japan,
Amazon,20200101T120000Z,Police : Amazon delivery driver steals UPS package from home,https://www.wfmj.com/story/41509779/police-amazon-delivery-driver-steals-ups-package-from-home,wfmj.com,English,United States,
Amazon,20200101T001500Z,"Jeff Bezos loses $10 billion in 2019 , but is still worth more than anyone else",https://www.kcrg.com/content/news/Jeff-Bezos-loses-10-billion-in-2019-but-is-still-worth-more-than-anyone-else-566608841.html,kcrg.com,English,United States,
Amazon,20200101T170000Z,Apple best true wireless earbuds are back down to Black Friday price for the New Year – BGR,https://bgr.com/2020/01/01/apple-airpods-deals-powerbeats-pro-deal-better/,bgr.com,English,United States,
Amazon,20200101T110000Z,10 best deals of Amazon secret Prime sale,https://www.komando.com/news/10-best-deals-of-amazons-secret-prime-sale/699508/,komando.com,English,United States,
Amazon,20200101T233000Z,Jeff Bezos is still the richest person in the world,https://www.azfamily.com/news/us_world_news/jeff-bezos-is-still-the-richest-person-in-the-world/article_4888e6f7-17bb-56b2-a404-40f214697999.html,azfamily.com,English,United States,
Amazon,20200101T053000Z,"Once again , iPhones top tech seller of the year , but AirPods the hit",https://www.thestar.com/business/technology/2019/12/31/once-again-iphones-top-tech-seller-of-the-year-but-airpods-the-hit.html,thestar.com,English,Canada,
Amazon,20200101T020000Z,The £1 . 2trillion tech bonanza : How the Silicon valley titans soared in value in the past 12 months,https://www.dailymail.co.uk/money/markets/article-7841629/The-1-2trillion-tech-bonanza-Silicon-valley-titans-soared-value-past-12-months.html,dailymail.co.uk,English,United Kingdom,
Amazon,20200101T043000Z,"Jeff Bezos loses $10 billion in 2019 , but is still worth more than anyone else",https://www.wdbj7.com/content/news/Jeff-Bezos-loses-10-billion-in-2019-but-is-still-worth-more-than-anyone-else-566608841.html,wdbj7.com,English,United States,
Amazon,20200101T044500Z,From Google Glass to OnLive : The biggest gadget disasters of the last decade,https://www.bournemouthecho.co.uk/news/national/18131265.google-glass-onlive-biggest-gadget-disasters-last-decade/,bournemouthecho.co.uk,English,United Kingdom,
Amazon,20200101T011500Z,From Google Glass to OnLive : The biggest gadget disasters of the last decade,https://www.eveningexpress.co.uk/news/from-google-glass-to-onlive-the-biggest-gadget-disasters-of-the-last-decade/,eveningexpress.co.uk,English,United Kingdom,
Amazon,20200101T020000Z,"Jeff Bezos loses $10 billion in 2019 , but is still worth more than anyone else",https://www.1011now.com/content/news/Jeff-Bezos-loses-10-billion-in-2019-but-is-still-worth-more-than-anyone-else-566608841.html,1011now.com,English,United States,
Amazon,20200101T221500Z,Police : Amazon delivery driver steals UPS package from home,https://www.wlox.com/2020/01/01/police-amazon-delivery-driver-steals-ups-package-home/,wlox.com,English,United States,
Amazon,20200101T064500Z,A look at new Amazon devices launched in the last two months,https://www.thehindu.com/sci-tech/technology/gadgets/a-look-at-new-amazon-devices-launched-in-the-last-two-months/article30449421.ece,thehindu.com,English,India,
Amazon,20200101T011500Z,From Google Glass to OnLive : The biggest gadget disasters of the last decade,https://www.theargus.co.uk/news/national/18131265.google-glass-onlive-biggest-gadget-disasters-last-decade/,theargus.co.uk,English,United Kingdom,
Amazon,20200101T013000Z,From Google Glass to OnLive : The biggest gadget disasters of the last decade,https://www.echo-news.co.uk/news/national/18131265.google-glass-onlive-biggest-gadget-disasters-last-decade/,echo-news.co.uk,English,United Kingdom,
Amazon,20200101T043000Z,From Google Glass to OnLive : The biggest gadget disasters of the last decade,https://www.salisburyjournal.co.uk/news/national/18131265.google-glass-onlive-biggest-gadget-disasters-last-decade/,salisburyjournal.co.uk,English,United Kingdom,
Amazon,20200101T161500Z,"Redbubble is not a company in crisis , says CEO",https://www.afr.com/technology/redbubble-is-not-a-company-in-crisis-says-ceo-20191219-p53les,afr.com,English,Australia,
Amazon,20200101T094500Z,Police : Amazon delivery driver steals UPS package from home,https://wbng.com/2020/01/01/police-amazon-delivery-driver-steals-ups-package-from-home/,wbng.com,English,United States,
Amazon,20200101T040000Z,From Google Glass to OnLive : The biggest gadget disasters of the last decade,https://www.lancashiretelegraph.co.uk/news/national/18131265.google-glass-onlive-biggest-gadget-disasters-last-decade/,lancashiretelegraph.co.uk,English,United Kingdom,
Amazon,20200101T030000Z,The £1 . 2trillion tech bonanza : How the Silicon valley titans soared in value in the past 12 months,https://www.thisismoney.co.uk/money/markets/article-7841629/The-1-2trillion-tech-bonanza-Silicon-valley-titans-soared-value-past-12-months.html,thisismoney.co.uk,English,United Kingdom,
Amazon,20200101T031500Z,From Google Glass to OnLive : The biggest gadget disasters of the last decade,https://www.herefordtimes.com/news/national/18131265.google-glass-onlive-biggest-gadget-disasters-last-decade/,herefordtimes.com,English,United Kingdom,
Amazon,20200101T223000Z,Police : Amazon delivery driver steals UPS package from home,https://www.13abc.com/content/news/Police-Amazon-delivery-driver-steals-UPS-package-from-home-566629951.html,13abc.com,English,United States,
Amazon,20200101T001500Z,"PS4 Pro , PS4 Slim Sale Alert : New Deals Beat Black Friday Prices [ Updated ] ",https://www.forbes.com/sites/gordonkelly/2020/12/31/sony-ps4-pro-sale-ps4-slim-deals-best-playstation-deals/,forbes.com,English,United States,
Amazon,20200101T063000Z,Caught on Camera : Amazon Delivery Driver Steals Package,https://wnep.com/2019/12/31/caught-on-camera-amazon-delivery-driver-steals-package/,wnep.com,English,United States,
Amazon,20200101T000000Z,"Jeff Bezos loses $10 billion in 2019 , but is still worth more than anyone else",https://www.wsaz.com/content/news/Jeff-Bezos-loses-10-billion-in-2019-but-is-still-worth-more-than-anyone-else-566608841.html,wsaz.com,English,United States,
Amazon,20200102T000000Z,Review :  Studio City  is a captivating new digital drama series on Amazon ( Includes first - hand account ) ,http://www.digitaljournal.com/entertainment/entertainment/review-studio-city-is-a-captivating-new-digital-drama-series-on-amazon/article/564492,digitaljournal.com,English,United States,
Amazon,20200101T231500Z,San Bernardino Airport approves new cargo center - rumored for Amazon,https://www.airliners.net/forum/viewtopic.php?f=3&t=1438195,airliners.net,English,United States,
Amazon,20200101T003000Z,"Delivery dilemma : Americans are ordering more , but the U . S . can only handle so much",https://www.nbcnews.com/tech/tech-news/delivery-dilemma-americans-are-ordering-more-u-s-can-only-n1106426?cid=public-rss_20200101,nbcnews.com,English,United States,
Amazon,20200101T173000Z,"Who Delivers On New Year Day ? Hours For UPS , FedEx , Amazon",https://www.ibtimes.com/who-delivers-new-years-day-hours-ups-fedex-amazon-2894588,ibtimes.com,English,United States,
Amazon,20200101T113000Z,How FANG is sinking its teeth into advertising spending,https://adage.com/article/year-end-lists-2019/how-fang-sinking-its-teeth-advertising-spending/2222646,adage.com,English,United States,
Amazon,20200101T010000Z,Amazon Jeff Bezos remains world richest man despite losing $10 . 1B in 2019,https://fox6now.com/2019/12/31/amazons-jeff-bezos-remains-worlds-richest-man-despite-losing-10-1b-in-2019/,fox6now.com,English,United States,
Amazon,20200101T014500Z,"Jeff Bezos loses $10 billion in 2019 , but is still worth more than anyone else",https://www.wctv.tv/content/news/Jeff-Bezos-loses-10-billion-in-2019-but-is-still-worth-more-than-anyone-else-566608841.html,wctv.tv,English,United States,
Amazon,20200101T211500Z,"The cofounder of Wyze , the home security camera company that accidentally exposed millions of people data , says the incident was a  wake - up call  ",https://news.yahoo.com/cofounder-wyze-home-security-camera-210918328.html,news.yahoo.com,English,United States,
Amazon,20200101T093000Z,The best January sales 2020 : grab one of these final deals,https://www.techradar.com/uk/news/the-best-january-sales-2020,techradar.com,English,United Kingdom,
Amazon,20200101T180000Z,Jeff Bezos is still the richest person in the world,https://www.erienewsnow.com/story/41510178/jeff-bezos-is-still-the-richest-person-in-the-world,erienewsnow.com,English,United States,
Amazon,20200101T211500Z,Police : Amazon delivery driver steals UPS package from home,https://www.kswo.com/2020/01/01/police-amazon-delivery-driver-steals-ups-package-home/,kswo.com,English,United States,
Amazon,20200101T081500Z,India richest man is ready to take on Amazon and Walmart Flipkart,http://www.businessghana.com/site/news/Technology/203437/India%E2%80%99s-richest-man-is-ready-to-take-on-Amazon-and-Walmart%E2%80%99s-Flipkart,businessghana.com,English,Ghana,
Amazon,20200101T011500Z,Walmart Sale Alert : Here Are The Best Deals [ Updated ] ,https://www.forbes.com/sites/gordonkelly/2020/12/31/walmart-alert-airpods-iphones-xbox-ps4-4k-tv-deals-beat-black-friday/,forbes.com,English,United States,
Amazon,20200101T174500Z,Jeff Bezos is still the richest person in the world,https://www.gwinnettdailypost.com/local/business/jeff-bezos-is-still-the-richest-person-in-the-world/article_ad456533-6acf-50aa-a161-f410bac4de81.html,gwinnettdailypost.com,English,United States,
Amazon,20200101T181500Z,"Amazon . com , Inc . ( NASDAQ : AMZN ), Glu Mobile Inc . ( NASDAQ : GLUU ) - 5 Stocks Analysts Recommend Heading Into 2020",https://www.benzinga.com/trading-ideas/long-ideas/20/01/15041911/5-stocks-analysts-recommend-heading-into-2020,benzinga.com,English,United States,
Amazon,20200101T051500Z,From Google Glass to OnLive : The biggest gadget disasters of the last decade,https://www.swindonadvertiser.co.uk/news/national/18131265.google-glass-onlive-biggest-gadget-disasters-last-decade/,swindonadvertiser.co.uk,English,United Kingdom,
Amazon,20200101T011500Z,From Google Glass to OnLive : The biggest gadget disasters of the last decade,https://www.bucksfreepress.co.uk/news/national/18131265.google-glass-onlive-biggest-gadget-disasters-last-decade/,bucksfreepress.co.uk,English,United Kingdom,
Amazon,20200101T141500Z,Price Hikes For Indian Telcos Rain On Netflix Parade,https://www.ibtimes.com/price-hikes-indian-telcos-rain-netflixs-parade-2894798,ibtimes.com,English,United States,
Amazon,20200101T080000Z,  Brat  sister ludicrous reaction to £250 birthday presents sparks Mumsnet fury,https://www.birminghammail.co.uk/news/midlands-news/brat-sisters-ludicrous-reaction-250-17488561,birminghammail.co.uk,English,United Kingdom,
Amazon,20200101T141500Z,How we survive the surveillance apocalypse,https://www.sfgate.com/business/article/How-we-survive-the-surveillance-apocalypse-14943110.php,sfgate.com,English,United States,
Amazon,20200101T200000Z,"Jeff Bezos loses $10 billion in 2019 , but is still worth more than anyone else",https://www.wbay.com/content/news/Jeff-Bezos-loses-10-billion-in-2019-but-is-still-worth-more-than-anyone-else-566608841.html,wbay.com,English,United States,
Amazon,20200101T133000Z,How we survive the surveillance apocalypse,https://www.sfchronicle.com/business/article/How-we-survive-the-surveillance-apocalypse-14943110.php,sfchronicle.com,English,United States,
Amazon,20200101T104500Z,TRADE GIFTCARDS FOR INSTANT NAIRA - Vanguard News,https://www.vanguardngr.com/2020/01/trade-giftcards-for-instant-naira/,vanguardngr.com,English,Nigeria,
Amazon,20200101T160000Z,How we survive the surveillance apocalypse,https://www.houstonchronicle.com/business/article/How-we-survive-the-surveillance-apocalypse-14943110.php,houstonchronicle.com,English,United States,
Amazon,20200101T214500Z,How we survive the surveillance apocalypse,https://www.timesunion.com/business/article/How-we-survive-the-surveillance-apocalypse-14943110.php,timesunion.com,English,United States,
Amazon,20200101T114500Z,A next - generation Batman game should look as good as this 3D model,https://www.tweaktown.com/news/69568/next-generation-batman-game-look-good-3d-model/,tweaktown.com,English,United States,
Amazon,20200101T050000Z,Smoke from Amazon fires could accelerate glacial melting in Andes,https://play.stuff.co.nz/details/_6119055586001,play.stuff.co.nz,English,New Zealand,
Amazon,20200101T183000Z,Friends Leaves Netflix : 3 Things That Will Help Ease the Pain,https://comicbook.com/tv-shows/2020/01/01/friends-leaves-netflix-3-things-to-ease-the-pain/,comicbook.com,English,United States,
Amazon,20200101T141500Z,These Sweatproof Bose Earbuds Are Perfect For Workouts,https://www.travelandleisure.com/style/shopping/bose-soundspot-wireless-headphones,travelandleisure.com,English,United States,
Amazon,20200101T233000Z,Advice on my canele results and various types of molds . ,http://www.thefreshloaf.com/node/62032/advice-my-canele-results-and-various-types-molds,thefreshloaf.com,English,United States,
Amazon,20200101T161500Z,How we survive the surveillance apocalypse,https://www.chron.com/business/article/How-we-survive-the-surveillance-apocalypse-14943110.php,chron.com,English,United States,
Amazon,20200101T073000Z,"Jeff Bezos loses $10 billion in 2019 , but is still worth more than anyone else",https://www.wilx.com/content/news/Jeff-Bezos-loses-10-billion-in-2019-but-is-still-worth-more-than-anyone-else-566608841.html,wilx.com,English,United States,
Amazon,20200101T210000Z,He tried to stop smart devices spying on him . Here why he failed . ,https://www.nzherald.co.nz/business/news/article.cfm?c_id=3&objectid=12297680,nzherald.co.nz,English,New Zealand,
Amazon,20200101T220000Z,This Vizio soundbar is way too good to be on sale for $82,https://bgr.com/2020/01/01/vizio-soundbar-amazon-price-discount-new-year/,bgr.com,English,United States,
Amazon,20200101T114500Z,Capcom do gamers a solid by delaying the new Mega Man X mobile game,https://www.tweaktown.com/news/69571/capcom-gamers-solid-delaying-new-mega-man-mobile-game/,tweaktown.com,English,United States,
Amazon,20200101T114500Z,"Streaming has consumed 80 % of the US music market , was just 7 % in 2010",https://www.tweaktown.com/news/69565/streaming-consumed-80-music-market-7-2010/,tweaktown.com,English,United States,
Amazon,20200101T114500Z,A supermassive black hole is creating gorgeous galactic fireworks,https://www.tweaktown.com/news/69566/supermassive-black-hole-creating-gorgeous-galactic-fireworks/,tweaktown.com,English,United States,
Amazon,20200101T114500Z,Official rating for Metro Redux coming to the Nintendo Switch found,https://www.tweaktown.com/news/69574/official-rating-metro-redux-coming-nintendo-switch-found/,tweaktown.com,English,United States,
Amazon,20200101T100000Z,Partied A Little Too Hard ? These 8 Products Will Stop A Hangover In Its Tracks,https://swirlster.ndtv.com/wellness-mother/partied-a-little-too-hard-these-8-products-will-stop-a-hangover-in-its-tracks-2157151,swirlster.ndtv.com,English,India,
Amazon,20200101T144500Z,Kyle Kucharski ( Author Bio ) ,http://www.pcmag.com/author-bio/kyle-kucharski,pcmag.com,English,United States,
Amazon,20200101T183000Z,Beware of the smart device : Ways to stay private and safe,http://dunyanews.tv/en/Technology/525880-Beware-smart-device-Ways-stay-private-safe,dunyanews.tv,English,Pakistan,
Amazon,20200101T001500Z,Costco Sale Alert : Here Are The Best Deals [ Updated ] ,https://www.forbes.com/sites/gordonkelly/2020/12/31/costco-sale-iphone-galaxy-s10-note10-ps4-pro-xbox-one-x-microsoft-surface-pro-7-fitbit-tv-deals/,forbes.com,English,United States,
Amazon,20200101T010000Z,How to stop your new smart gadgets from eavesdropping on you,https://www.ctvnews.ca/sci-tech/how-to-stop-your-new-smart-gadgets-from-eavesdropping-on-you-1.4749359,ctvnews.ca,English,Canada,
Amazon,20200101T070000Z,"Mentalhood , Tandav , The Family Man 2 , Breathe 2 : Small screen , big ideas",https://www.mid-day.com/articles/mentalhood-tandav-the-family-man-2-breathe-2-small-screen-big-ideas/22360115,mid-day.com,English,India,
Amazon,20200101T023000Z,Beware of the smart device : Ways to stay private and safe,https://www.staradvertiser.com/2019/12/31/news/beware-of-the-smart-device-ways-to-stay-private-and-safe/,staradvertiser.com,English,United States,
Amazon,20200101T184500Z,How we survive the surveillance apocalypse,https://www.ctpost.com/business/article/How-we-survive-the-surveillance-apocalypse-14943110.php,ctpost.com,English,United States,
Amazon,20200101T213000Z,"Semi - truck loses control , crashes in high winds on Colorado highway",https://www.abc15.com/news/national/semi-truck-loses-control-crashes-in-high-winds-on-colorado-highway,abc15.com,English,United States,
Amazon,20200101T120000Z,Warren Buffett Bought These 9 Stocks in 2019,https://www.fool.com/investing/2020/01/01/warren-buffett-bought-these-9-stocks-in-2019.aspx,fool.com,English,United States,
Amazon,20200101T121500Z,Warren Buffett Bought These 9 Stocks in 2019,https://www.fool.com/investing/2020/01/01/warren-buffett-bought-these-9-stocks-in-2019.aspx?source=iedfolrf0000001,fool.com,English,United States,
Amazon,20200101T064500Z,Here are some ( entirely serious ) predictions about tech in 2020,https://www.wired.co.uk/article/tech-predictions-2020,wired.co.uk,English,United Kingdom,
Amazon,20200101T040000Z,Two U . S . towns endure in the heart of Brazil jungle,https://america.cgtn.com/2019/12/31/two-u-s-towns-endure-in-the-heart-of-brazils-jungle,america.cgtn.com,English,China,
Amazon,20200101T001500Z,"Jeff Bezos loses $10 billion in 2019 , but is still worth more than anyone else",https://www.13abc.com/content/news/Jeff-Bezos-loses-10-billion-in-2019-but-is-still-worth-more-than-anyone-else-566608841.html,13abc.com,English,United States,
Amazon,20200101T151500Z,This 1 Successful Tech Stock Is a Must - Own in 2020,https://www.msn.com/en-us/finance/savingandinvesting/this-1-successful-tech-stock-is-a-must-own-in-2020/ar-BBYwmcg,msn.com,English,United States,
Amazon,20200101T153000Z,6 Retailers That Collapsed in the Last Decade,https://www.fool.com/investing/2020/01/01/6-retailers-that-collapsed-in-the-last-decade.aspx?source=iedfolrf0000001,fool.com,English,United States,
Amazon,20200101T160000Z,6 Retailers That Collapsed in the Last Decade,https://www.fool.com/investing/2020/01/01/6-retailers-that-collapsed-in-the-last-decade.aspx,fool.com,English,United States,
Amazon,20200101T154500Z,6 Retailers That Collapsed in the Last Decade,https://www.fool.com/investing/2020/01/01/6-retailers-that-collapsed-in-the-last-decade.aspx?source=eptcnnlnk0000002,fool.com,English,United States,
Amazon,20200101T194500Z,"Semi - truck loses control , crashes in high winds on Colorado highway",https://www.wxyz.com/news/national/semi-truck-loses-control-crashes-in-high-winds-on-colorado-highway,wxyz.com,English,United States,
Amazon,20200101T183000Z,Rob Gronkowski Shares His Amazon Picks to Jump - Start Your New Year,https://www.eonline.com/uk/news/1106631/rob-gronkowski-shares-his-amazon-picks-to-jump-start-your-healthy-new-year,eonline.com,English,United States,
Amazon,20200101T160000Z,Rob Gronkowski Shares His Amazon Picks to Jump - Start Your New Year,https://www.eonline.com/ca/news/1106630/rob-gronkowski-shares-his-amazon-picks-to-jump-start-your-healthy-new-year,eonline.com,English,United States,
Amazon,20200101T164500Z,Rob Gronkowski Shares His Amazon Picks to Jump - Start Your New Year,https://www.eonline.com/news/1106586/rob-gronkowski-shares-his-amazon-picks-to-jump-start-your-healthy-new-year,eonline.com,English,United States,
Amazon,20200101T204500Z,Apple official iPhone 11 and 11 Pro clear cases are up to $15 off today at Amazon – BGR,https://bgr.com/2020/01/01/iphone-11-clear-case-amazon-sale-official-apple-cases/,bgr.com,English,United States,
Amazon,20200101T151500Z,"Now streaming :  Midsommar ,  Messiah  and more",https://www.seattletimes.com/entertainment/tv/now-streaming-midsommar-messiah-and-more/,seattletimes.com,English,United States,
Amazon,20200101T194500Z,Cigna : The Health Services Powerhouse ( Part 2 ) ,https://seekingalpha.com/article/4314809-cigna-health-services-powerhouse-part-2,seekingalpha.com,English,United States,
Amazon,20200101T200000Z,"Semi - truck loses control , crashes in high winds on Colorado highway",https://www.theindychannel.com/news/national/semi-truck-loses-control-crashes-in-high-winds-on-colorado-highway,theindychannel.com,English,United States,
Amazon,20200101T223000Z,Beware of the smart device : Ways to stay private and safe,https://wreg.com/2020/01/01/beware-of-the-smart-device-ways-to-stay-private-and-safe/,wreg.com,English,United States,
Amazon,20200101T233000Z,"Semi - truck loses control , crashes in high winds on Colorado highway",https://www.abcactionnews.com/news/national/semi-truck-loses-control-crashes-in-high-winds-on-colorado-highway,abcactionnews.com,English,United States,
Amazon,20200101T160000Z,My favorite tech items of 2019,https://betanews.com/2020/01/01/tech-2019/,betanews.com,English,United States,
Amazon,20200101T140000Z,"Review :  Bush Runner , by Mark Bourrie",https://madison.com/entertainment/books/review-bush-runner-by-mark-bourrie/article_228c140e-05d3-5c6c-925e-e84292f33564.html,madison.com,English,United States,
Amazon,20200101T140000Z,"Review :  Layover , by David Bell",https://madison.com/entertainment/books/review-layover-by-david-bell/article_20a22b58-96ca-534d-beae-8e4ca2498c98.html,madison.com,English,United States,
Amazon,20200101T133000Z,Add flair to your parties with $21 off these Govee LED outdoor string lights,https://www.androidcentral.com/add-flair-your-parties-21-these-govee-led-outdoor-string-lights,androidcentral.com,English,China,
Amazon,20200101T090000Z,Beware of the smart device : Ways to stay private and safe,https://abcnews.go.com/Lifestyle/wireStory/beware-smart-device-ways-stay-private-safe-68001536,abcnews.go.com,English,United States,
Amazon,20200101T133000Z,Add flair to your parties with $21 off these Govee LED outdoor string lights,https://www.imore.com/add-flair-your-parties-21-these-govee-led-outdoor-string-lights,imore.com,English,United States,
Amazon,20200101T133000Z,Add flair to your parties with $21 off these Govee LED outdoor string lights,https://www.windowscentral.com/add-flair-your-parties-21-these-govee-led-outdoor-string-lights,windowscentral.com,English,United States,
Amazon,20200101T221500Z,One year under Brazil Bolsonaro :  What we expected him to be  ,https://www.aljazeera.com/news/2020/01/year-brazil-bolsonaro-expected-200101162649987.html,aljazeera.com,English,United States,
Amazon,20200101T004500Z,Beware of the smart device : Ways to stay private and safe,https://www.seattletimes.com/business/beware-of-the-smart-device-ways-to-stay-private-and-safe/,seattletimes.com,English,United States,
Amazon,20200101T064500Z,How to stop smart devices from spying on you,https://www.nzherald.co.nz/technology/news/article.cfm?c_id=5&objectid=12297610,nzherald.co.nz,English,New Zealand,
Amazon,20200101T044500Z,How to stop smart devices from spying on you,https://www.nzherald.co.nz/business/news/article.cfm?c_id=3&objectid=12297610,nzherald.co.nz,English,New Zealand,
Amazon,20200101T160000Z,Jeff Bezos is still the richest person in the world,https://ktvz.com/money/2020/01/01/jeff-bezos-is-still-the-richest-person-in-the-world/,ktvz.com,English,United States,
Amazon,20200101T123000Z,The Gentlemen streaming : Can you watch FULL movie online ? Is it legal ? ,https://www.express.co.uk/entertainment/films/1222790/The-Gentlemen-streaming-watch-full-movie-online-legal-netflix-amazon-prime,express.co.uk,English,United Kingdom,
Amazon,20200101T170000Z,Top Stories from the Vatican in 2019 ( and what next in 2020 ) ,https://www.americamagazine.org/faith/2020/01/01/top-stories-vatican-2019-and-whats-next-2020,americamagazine.org,English,United States,
Amazon,20200101T131500Z,"Review :  Layover , by David Bell",https://tucson.com/entertainment/books/review-layover-by-david-bell/article_71050cff-e86f-5841-beda-4a901c8406b3.html,tucson.com,English,United States,
Amazon,20200101T131500Z,"Review :  Bush Runner , by Mark Bourrie",https://tucson.com/entertainment/books/review-bush-runner-by-mark-bourrie/article_534e8a01-0bd7-59dc-8551-2de518e5a665.html,tucson.com,English,United States,
Amazon,20200101T224500Z,"Semi - truck loses control , crashes in high winds on Colorado highway",https://www.newschannel5.com/news/national/semi-truck-loses-control-crashes-in-high-winds-on-colorado-highway,newschannel5.com,English,United States,
Amazon,20200101T191500Z,"Daily Deals : Star Wars Jedi : Fallen Order for Only $34 , Oculus Quest VR With Freebies in Stock on Amazon , Switch Games , and More",https://www.ign.com/articles/2020/01/01/daily-deals-star-wars-jedi-fallen-order-for-only-34-oculus-quest-vr-with-freebies-in-stock-on-amazon-switch-games-and-more,ign.com,English,United States,
Amazon,20200101T163000Z,My 600 Lb Life Live Stream : How to Watch Season 8 Online,https://heavy.com/streaming/2020/01/watch-my-600-lb-life-online-live-stream/,heavy.com,English,United States,
Amazon,20200101T130000Z,Do Not Sell My Info : US retailers rushing to comply with California privacy law,https://www.hindustantimes.com/tech/do-not-sell-my-info-us-retailers-rushing-to-comply-with-california-privacy-law/story-GUYvOzrHSSY5BH4NoQgRkI.html,hindustantimes.com,English,India,
Amazon,20200101T023000Z,From Google Glass to OnLive : The biggest gadget disasters of the last decade,https://www.oxfordmail.co.uk/news/national/18131265.google-glass-onlive-biggest-gadget-disasters-last-decade/,oxfordmail.co.uk,English,United Kingdom,
Amazon,20200101T201500Z,"Semi - truck loses control , crashes in high winds on Colorado highway",https://www.10news.com/news/national/semi-truck-loses-control-crashes-in-high-winds-on-colorado-highway,10news.com,English,United States,
Amazon,20200101T224500Z,Nintendo Switch SKU Listings at GameStop Suggest Another Direct is Coming Soon,https://www.dualshockers.com/nintendo-direct-january-2020-gamestop-sku-listing/,dualshockers.com,English,Japan,
Amazon,20200101T113000Z,3 Things We Can Expect to See in the Content World in 2020,https://www.adweek.com/digital/3-things-we-can-expect-to-see-in-the-content-world-in-2020/,adweek.com,English,United States,
Amazon,20200101T204500Z,"Semi - truck loses control , crashes in high winds on Colorado highway",https://www.fox17online.com/news/national/semi-truck-loses-control-crashes-in-high-winds-on-colorado-highway,fox17online.com,English,United States,
Amazon,20200101T051500Z,Avalara : A Compounding Growth Story,https://seekingalpha.com/article/4314770-avalara-compounding-growth-story,seekingalpha.com,English,United States,
Amazon,20200101T011500Z,10 quotes that defined the year in business,https://www.nbcnews.com/business/business-news/10-quotes-defined-year-business-n1108551?cid=public-rss_20200101,nbcnews.com,English,United States,
Amazon,20200101T133000Z,Kickstart your New Year health goals with $100 off the Garmin Forerunner 235 GPS running watch today,https://www.androidcentral.com/kickstart-your-new-year-health-goals-100-garmin-forerunner-235-gps-running-watch-today,androidcentral.com,English,China,
Amazon,20200101T133000Z,Add a refurbished Blue Yeti microphone to your desk for just $65 today only,https://www.androidcentral.com/add-refurbished-blue-yeti-microphone-your-desk-just-65-today-only-woot,androidcentral.com,English,China,
Amazon,20200101T133000Z,Add a refurbished Blue Yeti microphone to your desk for just $65 today only,https://www.imore.com/add-refurbished-blue-yeti-microphone-your-desk-just-65-today-only-woot,imore.com,English,United States,
Amazon,20200101T133000Z,Add a refurbished Blue Yeti microphone to your desk for just $65 today only,https://www.windowscentral.com/add-refurbished-blue-yeti-microphone-your-desk-just-65-today-only-woot,windowscentral.com,English,United States,
Amazon,20200101T230000Z,Looking back to make a change,https://www.newindianexpress.com/opinions/2020/jan/02/looking-back-to-make-a-change-2083827.html,newindianexpress.com,English,India,
Amazon,20200101T200000Z,How we survive the surveillance apocalypse,https://www.thehour.com/business/article/How-we-survive-the-surveillance-apocalypse-14943110.php,thehour.com,English,United States,
Amazon,20200101T193000Z,Review :  After Forever  releases amazing second season on Amazon Prime ( Includes first - hand account ) ,http://www.digitaljournal.com/entertainment/entertainment/review-after-forever-releases-amazing-second-season-on-amazon-prime/article/564484,digitaljournal.com,English,United States,
Amazon,20200101T004500Z,These Weighted Wristbands Made Me Cancel My Gym Membership,https://www.yahoo.com/lifestyle/weighted-wristbands-made-cancel-gym-150000326.html,yahoo.com,English,United States,
Amazon,20200101T091500Z,  Do Not Sell My Info : U . S . retailers rush to comply with California privacy law,https://finance.yahoo.com/news/not-sell-u-retailers-rush-120945825.html,finance.yahoo.com,English,United States,
Amazon,20200101T200000Z,Does Goldman Sachs really think it can divest from climate change ? ,https://www.adn.com/opinions/2020/01/01/does-goldman-sachs-really-think-it-can-divest-from-climate-change/,adn.com,English,United States,
Amazon,20200101T160000Z,Walmart Supercenter Enhancement Plans Are a Double - Edged Sword,https://www.msn.com/en-us/finance/companies/walmarts-supercenter-enhancement-plans-are-a-double-edged-sword/ar-BBYwxhv,msn.com,English,United States,
Amazon,20200101T230000Z,Music Streaming Now Dominates the U . S . Market at 80 Percent,https://gizmodo.com/music-streaming-jumped-to-80-percent-of-the-u-s-market-1840763527,gizmodo.com,English,United States,
Amazon,20200101T113000Z,WD Blue 1 TB PC HDD is Currently On Sale For $39 . 99,https://wccftech.com/wd-blue-1-tb-pc-hdd-is-currently-on-sale-for-39-99/,wccftech.com,English,United States,
Amazon,20200101T143000Z,Minnesota vs Auburn Live Stream : How to Watch Without Cable,https://heavy.com/streaming/2020/01/minnesota-auburn-outback-bowl-live-stream/,heavy.com,English,United States,
Amazon,20200101T071500Z,Where to find Southampton vs . Spurs on US TV and streaming,https://worldsoccertalk.com/2019/12/31/find-southampton-vs-spurs-us-tv-streaming-3/,worldsoccertalk.com,English,,
Amazon,20200101T071500Z,Where to find Arsenal vs . Man United on US TV and streaming,https://worldsoccertalk.com/2019/12/31/find-arsenal-vs-man-united-us-tv-streaming-2/,worldsoccertalk.com,English,,
Amazon,20200101T071500Z,Where to find Man City vs . Everton on US TV and streaming,https://worldsoccertalk.com/2019/12/31/find-man-city-vs-everton-us-tv-streaming-2/,worldsoccertalk.com,English,,
Amazon,20200101T021500Z,Where to find Brighton vs . Chelsea on US TV and streaming,https://worldsoccertalk.com/2019/12/31/find-brighton-vs-chelsea-us-tv-streaming/,worldsoccertalk.com,English,,
Amazon,20200101T124500Z,"Review :  Bush Runner , by Mark Bourrie",https://poststar.com/entertainment/books/review-bush-runner-by-mark-bourrie/article_e42dd4ec-18aa-5102-af7a-3173d91d8a51.html,poststar.com,English,United States,
Amazon,20200101T231500Z,25 Instant Pot recipes to try this month,https://www.aol.com/article/lifestyle/2020/01/01/25-instant-pot-recipes-to-try-this-month/23643391/,aol.com,English,United States,
Amazon,20200101T143000Z,"  Friend Drops Off Netflix in U . S ., Leaving Frustrated Fans With No Streaming Option For Now",https://www.sfgate.com/entertainment/article/Friends-Drops-Off-Netflix-in-U-S-Leaving-14943143.php,sfgate.com,English,United States,
Amazon,20200101T170000Z,Get a Ring Doorbell with an Echo Dot for just $135 in this Amazon sale,https://bgr.com/2020/01/01/ring-doorbell-deals-with-echo-dot/,bgr.com,English,United States,
Amazon,20200101T133000Z,"Review :  Layover , by David Bell",https://www.pantagraph.com/entertainment/books/review-layover-by-david-bell/article_be85d40c-f6a6-5fe7-8daf-6bb5c2d80103.html,pantagraph.com,English,United States,
Amazon,20200101T133000Z,"Review :  Bush Runner , by Mark Bourrie",https://www.pantagraph.com/entertainment/books/review-bush-runner-by-mark-bourrie/article_165ba980-a3bc-5974-9255-9d5c7d5069ba.html,pantagraph.com,English,United States,
Amazon,20200101T173000Z,Product Liability Cases To Watch In 2020,https://www.law360.com/productliability/articles/1226080/product-liability-cases-to-watch-in-2020,law360.com,English,United States,
Amazon,20200101T180000Z,Product Liability Cases To Watch In 2020,https://www.law360.com/articles/1226080/product-liability-cases-to-watch-in-2020,law360.com,English,United States,
Amazon,20200101T230000Z,Beware of the smart device : Ways to stay private and safe,https://infotel.ca/newsitem/beware-of-the-smart-device-ways-to-stay-private-and-safe/it69023,infotel.ca,English,Canada,
Amazon,20200101T124500Z,"Increasing number of people favouring flexible work , study says",https://www.independent.co.uk/news/business/flexible-working-freelance-agency-millennials-work-life-balance-a9265301.html,independent.co.uk,English,United Kingdom,
Amazon,20200101T141500Z,"Review :  Bush Runner , by Mark Bourrie",https://globegazette.com/entertainment/books/review-bush-runner-by-mark-bourrie/article_98e76ab0-1387-5831-9570-8a4c8570febf.html,globegazette.com,English,United States,
Amazon,20200101T141500Z,"Review :  Layover , by David Bell",https://globegazette.com/entertainment/books/review-layover-by-david-bell/article_a70b6c84-5317-5507-bb7d-88cb150e80a6.html,globegazette.com,English,United States,
Amazon,20200101T143000Z,"  Friend Drops Off Netflix in U . S ., Leaving Frustrated Fans With No Streaming Option For Now",https://www.seattlepi.com/entertainment/article/Friends-Drops-Off-Netflix-in-U-S-Leaving-14943143.php,seattlepi.com,English,United States,
Amazon,20200101T224500Z,How to Have a Healthy Skin Microbiome,https://www.womansworld.com/posts/how-to-have-a-healthy-skin-microbiome-174346,womansworld.com,English,United States,
Amazon,20200101T130000Z,"Review :  Bush Runner , by Mark Bourrie",https://lacrossetribune.com/entertainment/books/review-bush-runner-by-mark-bourrie/article_0225fc66-0b4a-5faf-aa20-3ce6316571af.html,lacrossetribune.com,English,United States,
Amazon,20200101T211500Z,Oregon vs Wisconsin Live Stream : How to Watch Rose Bowl,https://heavy.com/streaming/2020/01/oregon-wisconsin-rose-bowl-live-stream/,heavy.com,English,United States,
Amazon,20200101T200000Z,From HBO Philip Roth adaption to Amazon  Lord of the Ring : What well watch in 2020,https://www.haaretz.com/life/television/.premium-from-a-philip-roth-adaption-to-lord-of-the-rings-what-we-ll-watch-in-2020-1.8343247,haaretz.com,English,Israel,
Amazon,20200101T224500Z,Supermodel Natalia Vodianova to marry son of £84bn luxury goods mogul Bernard Arnault,https://www.dailymail.co.uk/tvshowbiz/article-7843511/Supermodel-Natalia-Vodianova-marry-son-84bn-luxury-goods-mogul-Bernard-Arnault.html,dailymail.co.uk,English,United Kingdom,
Amazon,20200101T094500Z,"Reliance launches online grocery platform JioMart to take on Grofers , Amazon and Flipkart",https://indianexpress.com/article/technology/tech-news-technology/reliance-launches-online-grocery-platform-jiomart-to-take-on-grofers-amazon-flipkart-6194564/,indianexpress.com,English,India,
Amazon,20200101T211500Z,Fantasy series The Witcher shows how hard finding a successor to GoT will be,https://www.stuff.co.nz/entertainment/tv-radio/118555462/fantasy-series-the-witcher-shows-how-hard-finding-a-successor-to-got-will-be,stuff.co.nz,English,New Zealand,
Amazon,20200101T011500Z,Best True Crime Documentaries to Stream,https://www.mentalfloss.com/article/595728/best-true-crime-documentaries-to-stream,mentalfloss.com,English,United States,
Amazon,20200101T233000Z,Hotel and housing considered at Boynton Beach Mall,https://www.wptv.com/news/region-s-palm-beach-county/boynton-beach/hotel-and-housing-considered-at-boynton-beach-mall,wptv.com,English,United States,
Amazon,20200101T170000Z,How we survive the surveillance apocalypse,https://www.thetelegraph.com/business/article/How-we-survive-the-surveillance-apocalypse-14943110.php,thetelegraph.com,English,United States,
Amazon,20200101T074500Z,"Seven things that shook the tech world in 2019 , Telecom News , ET Telecom",https://telecom.economictimes.indiatimes.com/news/seven-things-that-shook-the-tech-world-in-2019/73053613,telecom.economictimes.indiatimes.com,English,India,
Amazon,20200101T120000Z,EXCLUSIVE : Shimla Mirchi to release in single screens before being out on OTT ; talks with multiplexes on : Bollywood News,https://www.bollywoodhungama.com/news/bollywood/exclusive-shimla-mirchi-release-single-screens-ott-talks-multiplexes/,bollywoodhungama.com,English,India,
Amazon,20200101T094500Z,"Amazon , Facebook , Uber : How to make billions in quick and easy cash",https://www.heraldsun.com.au/technology/sick-of-not-being-stinking-rich-learn-from-some-of-the-best-in-the-billionaire-business/news-story/32cd46ae4119933c17f020cd3774d665?nk=c925865ada138b564140ab79956179cb-1577867529,heraldsun.com.au,English,Australia,
Amazon,20200101T104500Z,"Review : Nebula Soundbar Fire TV Edition - a big , bassy beast",https://knowtechie.com/review-nebula-soundbar-fire-tv-edition-a-big-bassy-beast/,knowtechie.com,English,United States,
Amazon,20200101T224500Z,2 Virginia hospital systems pledge $15 - an - hour wage by 2022,https://www.chron.com/news/article/2-Virginia-hospital-systems-pledge-15-an-hour-14943670.php,chron.com,English,United States,
Amazon,20200101T221500Z,2 Virginia hospital systems pledge $15 - an - hour wage by 2022,https://www.sfgate.com/news/article/2-Virginia-hospital-systems-pledge-15-an-hour-14943670.php,sfgate.com,English,United States,
Amazon,20200101T220000Z,2 Virginia hospital systems pledge $15 - an - hour wage by 2022,https://apnews.com/330fb5cb7b78f7709acdd1ebaef59ec5,apnews.com,English,United States,
Amazon,20200101T194500Z,Georgia vs Baylor Live Stream : How to Watch Without Cable,https://heavy.com/streaming/2020/01/georgia-baylor-sugar-bowl-live-stream/,heavy.com,English,United States,
Amazon,20200101T004500Z,How to lose weight fast : 10 strategies to start losing weight and burning belly fat now,https://www.t3.com/features/how-to-lose-belly-fat-5-ways-to-lose-weight-and-reveal-your-abs-in-2020,t3.com,English,United Kingdom,
Amazon,20200101T193000Z,Cash machines to offer basic banking services in next five years,https://www.independent.co.uk/news/business/banking-cash-machine-loan-application-a9265431.html,independent.co.uk,English,United Kingdom,
Amazon,20200101T003000Z,The 12 Films of 2019 That Tell Us 2020 Box Office and Industry Trends,https://www.yahoo.com/entertainment/12-films-2019-tell-us-223829531.html,yahoo.com,English,United States,
Tesla,20200101T134500Z,Customers Losing Money Because Of Tesla Delays,https://carbuzz.com/news/customers-losing-money-because-of-tesla-delays,carbuzz.com,English,United States,
Tesla,20200101T050000Z,Tesla Getting Very Close To Million - Mile Battery,https://carbuzz.com/news/tesla-getting-very-close-to-million-mile-battery,carbuzz.com,English,United States,
Tesla,20200101T093000Z,Tesla Model Y Dual Motor Performance Spotted : Video,https://insideevs.com/news/390168/tesla-model-y-dual-motor-performance/,insideevs.com,English,United States,
Tesla,20200101T190000Z,"Tesla Earnings In 2019 & 2020 What Can We Learn ? Plus , Happy New Year ! ",https://cleantechnica.com/2020/01/01/tesla-earnings-in-2019-2020-what-can-we-learn-plus-happy-new-year/,cleantechnica.com,English,United States,
Tesla,20200101T141500Z,"Tesla Gigafactory 3 Aims To Hit 3 , 000 / Week Made - In - China Model 3",https://www.ibtimes.com/tesla-gigafactory-3-aims-hit-3000week-made-china-model-3-2894857,ibtimes.com,English,United States,
Tesla,20200101T101500Z,Last - Minute Tesla Deliveries in 2012 vs . 2019,https://cleantechnica.com/2020/01/01/last-minute-tesla-deliveries-in-2012-vs-2019/,cleantechnica.com,English,United States,
Tesla,20200101T024500Z,U . S . auto safety agency to investigate fatal Tesla crash in California,https://www.reuters.com/article/us-tesla-crash/us-auto-safety-agency-to-investigate-fatal-tesla-crash-in-california-idUSKBN1Z01GF,reuters.com,English,United States,
Tesla,20200101T013000Z,U . S . auto safety agency to investigate fatal Tesla crash in California,https://www.reuters.com/article/us-tesla-crash/u-s-auto-safety-agency-to-investigate-fatal-tesla-crash-in-california-idUSKBN1Z01GF,reuters.com,English,United States,
Tesla,20200101T021500Z,U . S . auto safety agency to investigate fatal Tesla crash in California,https://uk.reuters.com/article/us-tesla-crash/u-s-auto-safety-agency-to-investigate-fatal-tesla-crash-in-california-idUKKBN1Z01GF,uk.reuters.com,English,United States,
Tesla,20200101T021500Z,U . S . auto safety agency to investigate fatal Tesla crash in California,https://in.reuters.com/article/us-tesla-crash/u-s-auto-safety-agency-to-investigate-fatal-tesla-crash-in-california-idINKBN1Z01GF,in.reuters.com,English,United States,
Tesla,20200101T011500Z,U . S . auto safety agency to investigate fatal Tesla crash in California,https://www.oann.com/u-s-auto-safety-agency-to-probe-fatal-tesla-crash-in-los-angeles/,oann.com,English,United States,
Tesla,20200101T204500Z,US auto safety regulator to investigate Tesla fatal December crash,https://www.thenews.com.pk/latest/591990-teslas-fatal-december-crash-to-be-investigated-by-us-governments-auto-safety-regulator,thenews.com.pk,English,Pakistan,
Tesla,20200101T004500Z,U . S . auto safety agency to probe fatal Tesla crash in Los Angeles,https://www.msn.com/en-ca/autos/news/us-auto-safety-agency-to-probe-fatal-tesla-crash-in-los-angeles/ar-BBYvyKR,msn.com,English,United States,
Tesla,20200101T003000Z,Tesla sputtering ; analyst sees sales falling short of targets,https://www.stltoday.com/business/tesla-sputtering-analyst-sees-sales-falling-short-of-targets/article_993a39b2-4675-5619-b132-dc5e5e09240f.html,stltoday.com,English,United States,
Tesla,20200101T041500Z,U . S . auto safety agency to investigate fatal Tesla crash in California,https://www.firstpost.com/business/u-s-auto-safety-agency-to-investigate-fatal-tesla-crash-in-california-7846871.html,firstpost.com,English,India,
Tesla,20200101T061500Z,UPDATE 1 - U . S . auto safety agency to investigate fatal Tesla crash in California,https://www.cnbc.com/2019/12/31/reuters-america-update-1-u-s-auto-safety-agency-to-investigate-fatal-tesla-crash-in-california.html,cnbc.com,English,United States,
Tesla,20200101T194500Z,Tesla Model S fatal crash prompts NHTSA investigation,https://www.cnet.com/roadshow/news/tesla-model-s-fatal-crash-prompts-nhtsa-investigation/,cnet.com,English,Japan,
Tesla,20200101T120000Z,NHTSA To Investigate Fatal Tesla Crash In California,https://markets.businessinsider.com/news/stocks/nhtsa-to-investigate-fatal-tesla-crash-in-california-1028790242,markets.businessinsider.com,English,United States,
Tesla,20200101T020000Z,U . S . auto safety agency to investigate fatal Tesla crash in California,https://finance.yahoo.com/news/u-auto-safety-agency-probe-001450234.html,finance.yahoo.com,English,United States,
Tesla,20200101T073000Z,U . S . auto safety agency to investigate fatal Tesla crash in California,https://www.investing.com/news/stock-market-news/us-auto-safety-agency-to-probe-fatal-tesla-crash-in-los-angeles-2050658,investing.com,English,United States,
Tesla,20200101T140000Z,US auto safety agency to investigate fatal Tesla crash in California,http://dunyanews.tv/en/Technology/525849-US-auto-safety-agency-investigate-fatal-Tesla-crash-California,dunyanews.tv,English,Pakistan,
Tesla,20200101T160000Z,US auto safety agency to investigate fatal Tesla crash in California,https://www.geo.tv/latest/265066-us-auto-safety-agency-to-investigate-fatal-tesla-crash-in-california,geo.tv,English,Pakistan,
Tesla,20200101T101500Z,US traffic safety agency launches probe of fatal Tesla Model S crash,https://www.msn.com/en-us/autos/news/us-traffic-safety-agency-launches-probe-of-fatal-tesla-model-s-crash/ar-BBYvZme,msn.com,English,United States,
Tesla,20200101T043000Z,Here why this is the absolute  car of the decade  ,https://www.wheels24.co.za/News/Guides_and_Lists/heres-why-this-is-the-absolute-car-of-the-decade-20191231,wheels24.co.za,English,South Africa,
Tesla,20200101T003000Z,2019 From The View Of Tesla Road Trips,https://cleantechnica.com/2019/12/31/2019-from-the-view-of-tesla-road-trips/,cleantechnica.com,English,United States,
Tesla,20200101T210000Z,Tesla Decade Of Survival,https://jalopnik.com/teslas-decade-of-survival-1840562906,jalopnik.com,English,United States,
Tesla,20200101T003000Z,Tesla 2019 Highlights & Lowlights Sustainable Energy,https://cleantechnica.com/2019/12/31/tesla-2019-highlights-lowlights-sustainable-energy/,cleantechnica.com,English,United States,
Tesla,20200101T064500Z,Feds will investigate deadly Tesla crash in California,https://www.chron.com/neighborhood/business/technology/article/Feds-will-investigate-deadly-Tesla-crash-in-14942832.php,chron.com,English,United States,
Tesla,20200101T140000Z,"Tesla was on Autopilot in California crash which killed two , authorities say",https://www.theguardian.com/technology/2020/jan/01/tesla-autopilot-california-crash-two-deaths,theguardian.com,English,United Kingdom,
Tesla,20200101T064500Z,Tesla must face lawsuit claiming racism at California factory,https://tribune.com.pk/story/2128464/8-tesla-must-face-lawsuit-claiming-racism-california-factory/,tribune.com.pk,English,Pakistan,
Tesla,20200101T061500Z,Federal agency to probe fatal Tesla crash in Los Angeles : report,https://thehill.com/policy/transportation/476425-federal-agency-to-probe-fatal-tesla-crash-in-los-angeles,thehill.com,English,United States,
Tesla,20200101T151500Z,Feds will investigate deadly Tesla crash in California,https://www.dailymail.co.uk/news/article-7842109/Feds-investigate-deadly-Tesla-crash-California.html,dailymail.co.uk,English,United Kingdom,
Tesla,20200101T071500Z,Tesla fans build Cybertruck tributes,https://www.dailytelegraph.com.au/motoring/motoring-news/tesla-fans-build-cybertruck-tributes/news-story/0547a0495d2e00f84868fc3bbbe5837b?nk=011a0038ec31246c2e34f781e57434a6-1577862105,dailytelegraph.com.au,English,Australia,
Tesla,20200101T083000Z,Feds will investigate deadly Tesla crash in California,https://www.detroitnews.com/story/business/autos/mobility/2019/12/31/feds-investigating-deadly-tesla-crash-california/40927021/,detroitnews.com,English,United States,
Tesla,20200101T071500Z,Feds will investigate deadly Tesla crash in California,https://www.seattlepi.com/business/technology/article/Feds-will-investigate-deadly-Tesla-crash-in-14942832.php,seattlepi.com,English,United States,
Tesla,20200101T101500Z,Top 10 Tesla Moments of 2019,https://cleantechnica.com/2020/01/01/top-10-tesla-moments-of-2019/,cleantechnica.com,English,United States,
Tesla,20200101T090000Z,Feds will investigate deadly Tesla crash in California,https://www.timesunion.com/business/technology/article/Feds-will-investigate-deadly-Tesla-crash-in-14942832.php,timesunion.com,English,United States,
Tesla,20200101T143000Z,NHTSA investigating fatal California Tesla crash,https://www.foxnews.com/auto/nhtsa-investigating-fatal-california-tesla-crash,foxnews.com,English,United States,
Tesla,20200101T044500Z,Feds will investigate deadly Tesla crash in California,https://abcnews.go.com/Technology/wireStory/feds-investigate-deadly-tesla-crash-california-68013781,abcnews.go.com,English,United States,
Tesla,20200101T053000Z,Feds will investigate deadly Tesla crash in California,https://www.chron.com/business/technology/article/Feds-will-investigate-deadly-Tesla-crash-in-14942832.php,chron.com,English,United States,
Tesla,20200101T050000Z,Feds will investigate deadly Tesla crash in California,https://www.sfgate.com/business/technology/article/Feds-will-investigate-deadly-Tesla-crash-in-14942832.php,sfgate.com,English,United States,
Tesla,20200101T061500Z,Feds will investigate deadly Tesla crash in California,https://www.ksl.com/article/46697894/feds-will-investigate-deadly-tesla-crash-in-california,ksl.com,English,United States,
Tesla,20200101T051500Z,Feds will investigate deadly Tesla crash in California,https://www.seattletimes.com/business/feds-will-investigate-deadly-tesla-crash-in-california/,seattletimes.com,English,United States,
Tesla,20200101T164500Z,Feds will investigate deadly Tesla crash in California,https://www.ctvnews.ca/autos/feds-will-investigate-deadly-tesla-crash-in-california-1.4749579,ctvnews.ca,English,Canada,
Tesla,20200101T051500Z,Feds will investigate deadly Tesla crash in California,http://www.startribune.com/feds-will-investigate-deadly-tesla-crash-in-california/566621001/,startribune.com,English,United States,
Tesla,20200101T094500Z,Tesla must face lawsuit claiming racism at California factory,https://www.enca.com/business/tesla-must-face-lawsuit-claiming-racism-california-factory,enca.com,English,South Africa,
Tesla,20200101T154500Z,Tesla setting up Israel R & D office,https://en.globes.co.il/en/article-tesla-setting-up-israel-rd-office-1001313297,en.globes.co.il,English,Israel,
Tesla,20200101T064500Z,Feds will investigate deadly Tesla crash in California,https://www.sfchronicle.com/business/technology/article/Feds-will-investigate-deadly-Tesla-crash-in-14942832.php,sfchronicle.com,English,United States,
Tesla,20200101T183000Z,Federal agency will investigate Tesla crash that killed 2 in Harbor Gateway,https://abc7.com/abc7.com/federal-agency-will-investigate-deadly-tesla-crash-in-harbor-gateway/5805023/,abc7.com,English,United States,
Tesla,20200101T180000Z,Federal agency will investigate Tesla crash that killed 2 in Harbor Gateway,https://abc7.com/federal-agency-will-investigate-deadly-tesla-crash-in-harbor-gateway/5805023/,abc7.com,English,United States,
Tesla,20200101T081500Z,Feds will investigate deadly Tesla crash in California,https://www.winnipegfreepress.com/business/feds-will-investigate-deadly-tesla-crash-in-california-566622651.html,winnipegfreepress.com,English,Canada,
Tesla,20200101T100000Z,Feds will investigate deadly Tesla crash in California,https://whdh.com/news/feds-will-investigate-deadly-tesla-crash-in-california/,whdh.com,English,United States,
Tesla,20200101T051500Z,Feds will investigate deadly Tesla crash in California,https://www.sandiegouniontribune.com/news/california/story/2019-12-31/feds-will-investigate-deadly-tesla-crash-in-california,sandiegouniontribune.com,English,United States,
Tesla,20200101T073000Z,Feds Investigate Deadly Gardena Crash Involving Tesla,https://ktla.com/2019/12/31/feds-investigate-deadly-gardena-crash-involving-tesla/,ktla.com,English,United States,
Tesla,20200101T131500Z,Tesla Crash Kills 2,https://www.newser.com/story/285062/feds-investigating-fatal-tesla-crash.html,newser.com,English,United States,
Tesla,20200101T011500Z,U . S . auto safety agency to probe fatal Tesla crash in Los Angeles | Reuters | Business,https://www.thechronicleherald.ca/business/reuters/us-auto-safety-agency-to-probe-fatal-tesla-crash-in-los-angeles-393236/,thechronicleherald.ca,English,Canada,
Tesla,20200101T054500Z,U . S . auto safety agency to investigate fatal Tesla crash in California | Reuters | Business,https://www.thechronicleherald.ca/business/reuters/us-auto-safety-agency-to-investigate-fatal-tesla-crash-in-california-393236/,thechronicleherald.ca,English,Canada,
Tesla,20200101T094500Z,Feds will investigate deadly Tesla crash in California,https://www.thestar.com/news/world/us/2020/01/01/feds-will-investigate-deadly-tesla-crash-in-california.html,thestar.com,English,Canada,
Tesla,20200101T061500Z,Feds will investigate deadly Tesla crash in California,https://www.mysanantonio.com/business/technology/article/Feds-will-investigate-deadly-Tesla-crash-in-14942832.php,mysanantonio.com,English,United States,
Tesla,20200101T050000Z,Feds will investigate deadly Tesla crash in California,http://westchester.news12.com/story/41509566/feds-will-investigate-deadly-tesla-crash-in-california,westchester.news12.com,English,United States,
Tesla,20200101T044500Z,Feds will investigate deadly Tesla crash in California,https://mynorthwest.com/1656616/feds-will-investigate-deadly-tesla-crash-in-california/,mynorthwest.com,English,United States,
Tesla,20200101T234500Z,The Link Between China 1 Child Policy & Tesla Model 3 Rise,https://cleantechnica.com/2020/01/01/the-link-between-chinas-1-child-policy-tesla-model-3-rise/,cleantechnica.com,English,United States,
Tesla,20200101T071500Z,Feds will investigate deadly Tesla crash in California,https://www.dailyherald.com/article/20200101/business/301019996/,dailyherald.com,English,United States,
Tesla,20200101T064500Z,Elon Musk is spending New Year Eve at Tesla California factory to help deliver vehicles in the final hours of 2019,https://www.businessinsider.com.au/elon-musk-spending-nye-at-tesla-factory-to-deliver-vehicles-2019-12,businessinsider.com.au,English,Australia,
Tesla,20200101T063000Z,Feds Will Investigate Deadly Tesla Crash in Gardena – NBC Los Angeles,https://www.nbclosangeles.com/news/local/feds-will-investigate-deadly-crash-in-gardena/2283631/,nbclosangeles.com,English,United States,
Tesla,20200101T080000Z,Feds will investigate deadly Tesla crash in California,https://www.kob.com/us-news/feds-will-investigate-deadly-tesla-crash-in-california/5595102/?cat=606,kob.com,English,United States,
Tesla,20200101T080000Z,Feds will investigate deadly Tesla crash in California,https://www.kob.com/us-news/feds-will-investigate-deadly-tesla-crash-in-california/5595102/?cat=600,kob.com,English,United States,
Tesla,20200101T080000Z,Feds will investigate deadly Tesla crash in California,https://www.kob.com/us-news/feds-will-investigate-deadly-tesla-crash-in-california/5595102/?cat=602,kob.com,English,United States,
Tesla,20200101T004500Z,U . S . auto safety agency to probe fatal Tesla crash in Los Angeles,https://uk.reuters.com/article/us-tesla-crash/u-s-auto-safety-agency-to-probe-fatal-tesla-crash-in-los-angeles-idUKKBN1Z01GF,uk.reuters.com,English,United States,
Tesla,20200101T011500Z,U . S . auto safety agency to probe fatal Tesla crash in Los Angeles,https://www.reuters.com/article/us-tesla-crash-idUSKBN1Z01GF,reuters.com,English,United States,
Tesla,20200101T010000Z,U . S . auto safety agency to probe fatal Tesla crash in Los Angeles,https://in.reuters.com/article/us-tesla-crash/u-s-auto-safety-agency-to-probe-fatal-tesla-crash-in-los-angeles-idINKBN1Z01GF,in.reuters.com,English,United States,
Tesla,20200101T054500Z,"U . S . auto safety agency to probe fatal Tesla crash in Los Angeles - Technology News , Firstpost",https://www.firstpost.com/tech/news-analysis/u-s-auto-safety-agency-to-probe-fatal-tesla-crash-in-los-angeles-7846861.html,firstpost.com,English,India,
Tesla,20200101T051500Z,Feds will investigate deadly Tesla crash in California,https://www.wfmz.com/news/ap/ap-business/feds-will-investigate-deadly-tesla-crash-in-california/article_7699e4fa-baee-562a-8e40-52d3dedd1cec.html,wfmz.com,English,United States,
Tesla,20200101T073000Z,Feds will investigate deadly Tesla crash in California,https://www.ctpost.com/business/technology/article/Feds-will-investigate-deadly-Tesla-crash-in-14942832.php,ctpost.com,English,United States,
Tesla,20200101T074500Z,Feds will investigate deadly Tesla crash in California,https://gazette.com/ap/state/feds-will-investigate-deadly-tesla-crash-in-california/article_97286445-1ff4-5363-b369-ef2df092c39f.html,gazette.com,English,United States,
Tesla,20200101T070000Z,Feds Will Investigate Deadly Tesla Crash in Gardena,https://www.msn.com/en-us/news/us/feds-will-investigate-deadly-tesla-crash-in-gardena/ar-BBYvFIL,msn.com,English,United States,
Tesla,20200101T210000Z,Feds will investigate deadly Tesla crash in Southern California,https://www.ktvu.com/news/feds-will-investigate-deadly-tesla-crash-in-southern-california,ktvu.com,English,United States,
Tesla,20200101T063000Z,Feds will investigate deadly Tesla crash in California,https://www.680news.com/2020/01/01/feds-will-investigate-deadly-tesla-crash-in-california/,680news.com,English,Canada,
Tesla,20200101T053000Z,Feds will investigate deadly Tesla crash in California,https://kvia.com/news/us-world/2019/12/31/feds-will-investigate-deadly-tesla-crash-in-california/,kvia.com,English,United States,
Tesla,20200101T143000Z,Tesla Delivers More Than 12K Model 3s In Netherlands In December,https://markets.businessinsider.com/news/stocks/tesla-delivers-more-than-12k-model-3s-in-netherlands-in-december-1028790367,markets.businessinsider.com,English,United States,
Tesla,20200101T034500Z,Fatal Tesla crash near L . A . being investigated by NHTSA,https://www.latimes.com/business/story/2019-12-31/fatal-tesla-crash-nhtsa-gardena-los-angeles,latimes.com,English,United States,
Tesla,20200101T043000Z,Tesla must face lawsuit claiming racism at California factory,https://finance.yahoo.com/news/tesla-must-face-lawsuit-claiming-175735003.html,finance.yahoo.com,English,United States,
Tesla,20200101T104500Z,Feds will investigate deadly Tesla crash in California,https://www.vancourier.com/feds-will-investigate-deadly-tesla-crash-in-california-1.24044535,vancourier.com,English,Canada,
Tesla,20200101T091500Z,Feds will investigate deadly Tesla crash in California,https://www.timescolonist.com/feds-will-investigate-deadly-tesla-crash-in-california-1.24044535,timescolonist.com,English,Canada,
Tesla,20200101T063000Z,Feds will investigate deadly Tesla crash in California,https://www.stamfordadvocate.com/business/technology/article/Feds-will-investigate-deadly-Tesla-crash-in-14942832.php,stamfordadvocate.com,English,United States,
Tesla,20200101T054500Z,Feds will investigate deadly Tesla crash in California,https://www.daytondailynews.com/news/national/feds-will-investigate-deadly-tesla-crash-california/4Ad4pAnr6xXOEth23Dz0YI/,daytondailynews.com,English,United States,
Tesla,20200101T081500Z,Feds will investigate deadly Tesla crash in California,https://www.greenwichtime.com/business/technology/article/Feds-will-investigate-deadly-Tesla-crash-in-14942832.php,greenwichtime.com,English,United States,
Tesla,20200101T053000Z,Feds will investigate deadly Tesla crash in California,https://www.stltoday.com/news/national/feds-will-investigate-deadly-tesla-crash-in-california/article_8aa4c949-31b9-5045-beca-a8bd3d7f313b.html,stltoday.com,English,United States,
Tesla,20200101T023000Z,Tesla must face lawsuit claiming racism at California factory,https://www.investing.com/news/stock-market-news/tesla-must-face-lawsuit-claiming-racism-at-california-factory-2050555,investing.com,English,United States,
Tesla,20200101T193000Z,Lawsuit regarding racism at Tesla factory could go to trial,https://www.autoblog.com/2020/01/01/tesla-racism-lawsuit-may-go-to-trial/,autoblog.com,English,United States,
Tesla,20200101T044500Z,"Tesla must face lawsuit claiming racism at Calif . factory , judge rules",https://www.autonews.com/automakers-suppliers/tesla-must-face-lawsuit-claiming-racism-calif-factory-judge-rules,autonews.com,English,United States,
Tesla,20200101T070000Z,Feds will investigate deadly Tesla crash in California,https://www.newstimes.com/business/technology/article/Feds-will-investigate-deadly-Tesla-crash-in-14942832.php,newstimes.com,English,United States,
Tesla,20200101T070000Z,Feds will investigate deadly Tesla crash in California,https://www.nhregister.com/business/technology/article/Feds-will-investigate-deadly-Tesla-crash-in-14942832.php,nhregister.com,English,United States,
Tesla,20200101T094500Z,Feds will investigate deadly Tesla crash in California,https://lasvegassun.com/news/2020/jan/01/feds-will-investigate-deadly-tesla-crash-in-califo/,lasvegassun.com,English,United States,
Tesla,20200101T193000Z,Feds will investigate deadly Tesla crash in Gardena,https://www.foxla.com/news/feds-will-investigate-deadly-tesla-crash-in-gardena,foxla.com,English,United States,
Tesla,20200101T020000Z,Tesla must face lawsuit claiming  severe racial harassment  at factory,https://www.freemalaysiatoday.com/category/business/2020/01/01/tesla-must-face-lawsuit-claiming-severe-racial-harassment-at-factory/,freemalaysiatoday.com,English,Malaysia,
Tesla,20200101T163000Z,Tesla Delivers More Than 12K Model 3s In Netherlands In December,https://www.nasdaq.com/articles/tesla-delivers-more-than-12k-model-3s-in-netherlands-in-december-2020-01-01,nasdaq.com,English,United States,
Tesla,20200101T073000Z,Feds will investigate deadly Tesla crash in California,https://www.dailyprogress.com/business/wire/feds-will-investigate-deadly-tesla-crash-in-california/article_d5900c44-bd88-5ee4-8bf7-c5126ef7bb02.html,dailyprogress.com,English,United States,
Tesla,20200101T024500Z,U . S . auto safety agency to investigate fatal Tesla crash in California,https://isp.netscape.com/pf/story/0002/20200101/KBN1Z01GF_4,isp.netscape.com,English,United States,
Tesla,20200101T024500Z,U . S . auto safety agency to investigate fatal Tesla crash in California,https://isp.netscape.com/news/story/0002/20200101/KBN1Z01GF_4,isp.netscape.com,English,United States,
Tesla,20200101T063000Z,Feds will investigate deadly Tesla crash in California,https://onenewsnow.com/ap/business/feds-will-investigate-deadly-tesla-crash-in-california,onenewsnow.com,English,United States,
Tesla,20200101T054500Z,"Tesla must face lawsuit claiming racism at California factory - Technology News , Firstpost",https://www.firstpost.com/tech/news-analysis/tesla-must-face-lawsuit-claiming-racism-at-california-factory-7846531.html,firstpost.com,English,India,
Tesla,20200101T070000Z,Feds will investigate deadly Tesla crash in California,https://tucson.com/news/national/feds-will-investigate-deadly-tesla-crash-in-california/article_f92b8db1-0617-52d2-a6df-9d8cc542be64.html,tucson.com,English,United States,
Tesla,20200101T070000Z,Feds will investigate deadly Tesla crash in California,https://missoulian.com/news/national/feds-will-investigate-deadly-tesla-crash-in-california/article_1706fe35-5d29-54a6-a9de-b5ac9a8e0754.html,missoulian.com,English,United States,
Tesla,20200101T103000Z,Feds will investigate deadly Tesla crash in California,https://www.bakersfield.com/ap/state/feds-will-investigate-deadly-tesla-crash-in-california/article_8e827d3c-16e3-5343-8bf4-4ad131ce6879.html,bakersfield.com,English,United States,
Tesla,20200101T011500Z,U . S . auto safety agency to investigate fatal Tesla crash in ... ,http://news.trust.org/item/20200101002525-ky5j4,news.trust.org,English,United States,
Tesla,20200101T054500Z,Feds will investigate deadly Tesla crash in California,https://ktar.com/story/2901585/feds-will-investigate-deadly-tesla-crash-in-california/,ktar.com,English,United States,
Tesla,20200101T061500Z,Feds will investigate deadly Tesla crash in California,https://www.wandtv.com/news/national/feds-will-investigate-deadly-tesla-crash-in-california/article_720218e4-2fe8-509c-a1b3-11e6037bdf9f.html,wandtv.com,English,United States,
Tesla,20200101T093000Z,Feds will investigate deadly Tesla crash in California,https://www.smdailyjournal.com/news/state/feds-will-investigate-deadly-tesla-crash-in-california/article_58f01844-6f64-531f-a95c-bf36e78d919b.html,smdailyjournal.com,English,United States,
Tesla,20200101T060000Z,Feds will investigate deadly Tesla crash in California,https://www.smdailyjournal.com/business/feds-will-investigate-deadly-tesla-crash-in-california/article_58f01844-6f64-531f-a95c-bf36e78d919b.html,smdailyjournal.com,English,United States,
Tesla,20200101T101500Z,NHTSA will probe fatal Tesla Model S crash,https://www.cnbc.com/2020/01/01/nhtsa-will-probe-fatal-tesla-model-s-crash.html,cnbc.com,English,United States,
Tesla,20200101T171500Z,China Focus : Tesla Shanghai delivery highlights China full - speed opening - up - Xinhua,http://www.xinhuanet.com/english/2020-01/01/c_138672049.htm,xinhuanet.com,English,China,
Tesla,20200101T093000Z,"Today The $1 , 875 Federal Tax Credit For Tesla Is Gone",https://insideevs.com/news/390520/today-federal-tax-credit-tesla-gone/,insideevs.com,English,United States,
Tesla,20200101T063000Z,Feds Will Investigate Deadly Tesla Crash in California,https://www.nytimes.com/aponline/2019/12/31/business/bc-us-tesla-fatal-crash-investigation.html,nytimes.com,English,United States,
Tesla,20200101T010000Z,US auto safety agency to probe fatal Tesla crash in Los Angeles,https://www.cnbc.com/2019/12/31/us-auto-safety-agency-to-probe-fatal-tesla-crash-in-los-angeles.html,cnbc.com,English,United States,
Tesla,20200101T043000Z,Tesla Model 3 With  Acceleration Boost  Vs Tesla Model 3 Without,https://insideevs.com/news/389852/tesla-model-3-acceleration-boost-comparison/,insideevs.com,English,United States,
Tesla,20200101T064500Z,Feds will investigate deadly Tesla crash in California,https://www.whec.com/news/feds-will-investigate-deadly-tesla-crash-in-california/5595104/?cat=10036,whec.com,English,United States,
Tesla,20200101T153000Z,Feds will investigate deadly Tesla crash in California,https://www.whec.com/national/feds-will-investigate-deadly-tesla-crash-in-california/5595245/?cat=10036,whec.com,English,United States,
Tesla,20200101T013000Z,U . S . auto safety agency to probe fatal Tesla crash in Los Angeles,https://www.jpost.com/Breaking-News/US-auto-safety-agency-to-probe-fatal-Tesla-crash-in-Los-Angeles-612722,jpost.com,English,Israel,
Tesla,20200101T074500Z,Feds will investigate deadly Tesla crash in California,http://www.wboc.com/story/41509566/feds-will-investigate-deadly-tesla-crash-in-california,wboc.com,English,United States,
Tesla,20200101T004500Z,US auto safety agency to probe fatal Tesla crash in Los Angeles,https://www.channelnewsasia.com/news/business/us-auto-safety-agency-to-probe-fatal-tesla-crash-in-los-angeles-12224788,channelnewsasia.com,English,United States,
Tesla,20200101T051500Z,Feds will investigate deadly Tesla crash in California,https://www.ktbs.com/news/business/feds-will-investigate-deadly-tesla-crash-in-california/article_1a00fa73-ecd7-513a-be56-412ba24366a7.html,ktbs.com,English,United States,
Tesla,20200101T014500Z,U . S . auto safety agency to probe fatal Tesla crash in Los Angeles,https://www.reuters.com/article/tesla-crash/u-s-auto-safety-agency-to-probe-fatal-tesla-crash-in-los-angeles-idUSL1N296001,reuters.com,English,United States,
Tesla,20200101T083000Z,Feds will investigate deadly Tesla crash in California,https://www.thehour.com/business/technology/article/Feds-will-investigate-deadly-Tesla-crash-in-14942832.php,thehour.com,English,United States,
Tesla,20200101T233000Z,All - New Tesla Model S Could Look Like This,https://carbuzz.com/news/all-new-tesla-model-s-could-look-like-this,carbuzz.com,English,United States,
Tesla,20200101T071500Z,U . S . auto safety agency to investigate fatal Tesla crash in California | Reuters | Business,https://www.theguardian.pe.ca/business/reuters/us-auto-safety-agency-to-investigate-fatal-tesla-crash-in-california-393236/,theguardian.pe.ca,English,Canada,
Tesla,20200101T021500Z,U . S . auto safety agency to probe fatal Tesla crash in Los Angeles | Reuters | Business,https://www.theguardian.pe.ca/business/reuters/us-auto-safety-agency-to-probe-fatal-tesla-crash-in-los-angeles-393236/,theguardian.pe.ca,English,Canada,
Tesla,20200101T024500Z,Tesla must face lawsuit claiming racism at California factory - Netscape Money & Business,https://isp.netscape.com/pf/story/0002/20200101/KBN1YZ18E_4,isp.netscape.com,English,United States,
Tesla,20200101T124500Z,Motoring : US auto safety agency to investigate fatal Tesla crash in California,http://www.gdnonline.com/Details/715077/US-auto-safety-agency-to-investigate-fatal-Tesla-crash-in-California,gdnonline.com,English,United States,
Tesla,20200101T020000Z,U . S . auto safety agency to probe fatal Tesla crash in Los Angeles,https://www.nasdaq.com/articles/u.s.-auto-safety-agency-to-probe-fatal-tesla-crash-in-los-angeles-2019-12-31,nasdaq.com,English,United States,
Tesla,20200101T070000Z,Feds will investigate deadly Tesla crash in California,https://www.wfmj.com/story/41509566/feds-will-investigate-deadly-tesla-crash-in-california,wfmj.com,English,United States,
Tesla,20200101T184500Z,Why Did Ford Choose An Electric Mustang SUV To Compete With Tesla ? ,https://insideevs.com/features/390620/story-behind-ford-mustang-mach-e-vs-tesla/,insideevs.com,English,United States,
Tesla,20200101T144500Z,Cyberquad ATV Add - On Sweetens Appeal of Tesla Cybertruck,https://news.yahoo.com/cyberquad-atv-add-sweetens-appeal-140024077.html,news.yahoo.com,English,United States,
Tesla,20200101T071500Z,Hot New Electric Cars Are Coming Soon,https://news.yahoo.com/hot-electric-cars-coming-soon-221359602.html,news.yahoo.com,English,United States,
Tesla,20200101T013000Z,Tesla Cybertruck : Elon Musk pays year - end tribute to Blade Runner artist that inspired it all,https://www.teslarati.com/tesla-cybertruck-inspiration-syd-mead-tribute-elon-musk/,teslarati.com,English,United States,
Tesla,20200101T204500Z,Tesla Massive Month of Dutch Demand Buoys Model 3 Deliveries,https://nz.finance.yahoo.com/news/tesla-massive-month-dutch-demand-165306943.html,nz.finance.yahoo.com,English,United States,
Tesla,20200101T224500Z,Car and Driver : Our Tesla Model 3 Suffered  Catastrophic Failure  - While Parked,https://www.breitbart.com/tech/2019/12/31/car-and-driver-our-tesla-model-3-suffered-catastrophic-failure-while-parked/,breitbart.com,English,United States,
Tesla,20200101T073000Z,Feds will investigate deadly Tesla crash in California,https://www.thetelegraph.com/business/technology/article/Feds-will-investigate-deadly-Tesla-crash-in-14942832.php,thetelegraph.com,English,United States,
Tesla,20200101T081500Z,Feds will investigate deadly Tesla crash in California,https://www.yakimaherald.com/news/business/national/feds-will-investigate-deadly-tesla-crash-in-california/article_7a340504-bbbe-5830-b32c-da4422e23d91.html,yakimaherald.com,English,United States,
Tesla,20200101T233000Z,Tesla fans build Cybertruck tributes,https://www.qt.com.au/news/tesla-fans-build-cybertruck-tributes/3911470/,qt.com.au,English,Australia,
Tesla,20200101T011500Z,U . S . auto safety agency to probe fatal Tesla crash in Los ... ,http://news.trust.org/item/20191231233852-cxy18,news.trust.org,English,United States,
Tesla,20200101T110000Z,International Business : Tesla must face lawsuit claiming racism at California factory,http://www.gdnonline.com/Details/715078,gdnonline.com,English,United States,
Tesla,20200101T124500Z,International Business : Tesla must face lawsuit claiming racism at California factory,http://www.gdnonline.com/Details/715078/Tesla-must-face-lawsuit-claiming-racism-at-California-factory,gdnonline.com,English,United States,
Tesla,20200101T161500Z,Fun fact . ,https://oppositelock.kinja.com/fun-fact-1840760223,oppositelock.kinja.com,English,United States,
Tesla,20200101T073000Z,Feds will investigate deadly Tesla crash in California,https://www.lmtonline.com/business/technology/article/Feds-will-investigate-deadly-Tesla-crash-in-14942832.php,lmtonline.com,English,United States,
Tesla,20200101T080000Z,20 cars were looking forward to in 2020,https://www.topgear.com/car-news/electric/20-cars-were-looking-forward-2020,topgear.com,English,United Kingdom,
Tesla,20200101T183000Z,It Was A Strangely Unexpected Decade Inside Tesla And The Fledgling California EV Industry,https://jalopnik.com/it-was-a-strangely-unexpected-decade-inside-tesla-and-t-1840539958,jalopnik.com,English,United States,
Tesla,20200101T234500Z,Tesla fans build Cybertruck tributes,https://www.northernstar.com.au/news/tesla-fans-build-cybertruck-tributes/3911470/,northernstar.com.au,English,Australia,
Tesla,20200101T160000Z,Can Tesla Hold Its Charge ? ,https://www.wsj.com/articles/can-tesla-hold-its-charge-11577892780,wsj.com,English,United States,
Tesla,20200101T200000Z,Watch Tesla Model X Vs BMW X3 M Competition & Alfa Romeo Stelvio Quad,https://insideevs.com/news/390558/video-tesla-model-x-vs-bmw-alfa/,insideevs.com,English,United States,
Tesla,20200101T181500Z,Feds investigating fatal Tesla crash in California,https://www.weau.com/content/news/Feds-will-investigate-deadly-Tesla-crash-in-California-566627451.html,weau.com,English,United States,
Tesla,20200101T184500Z,Pressurized Tesla Cybertruck To Be Official Pickup Truck Of Mars,https://insideevs.com/news/390548/tesla-cybertruck-built-for-mars/,insideevs.com,English,United States,
Tesla,20200101T220000Z,"CCS Reaches 8 , 000 DC Fast Charging Locations In Europe",https://insideevs.com/news/390092/ccs-8000-fast-chargers-europe/,insideevs.com,English,United States,
Tesla,20200101T013000Z,"Tesla Delays Some U . S . Deliveries ; Costing the Unfortunate , 875 in the Process",https://www.topspeed.com/cars/car-news/tesla-delays-some-us-deliveries-costing-the-unfortunate-1-875-in-the-process-ar187391.html,topspeed.com,English,United States,
Tesla,20200101T060000Z,Insane Cybertruck - Inspired Cyberhouse Wouldnt Look Out Of Place In Area 51,https://www.carscoops.com/2019/12/insane-tesla-inspired-cyberhouse-wouldnt-look-out-of-place-in-area-51/,carscoops.com,English,United States,
Tesla,20200101T234500Z,Rich Rebuild Tesla Model X Is Finished And It Broke Him Big Time,https://insideevs.com/features/389571/tesla-model-x-broke-rich-rebuilds/,insideevs.com,English,United States,
Tesla,20200101T030000Z,Tesla 2020 ! Where Do YOU Think Its Shares Will Wind Up ? One Analyst Is Calling For A 40 % REVERSAL ... ,http://www.autospies.com/news/Tesla-2020-Where-Do-YOU-Think-Its-Shares-Will-Wind-Up-One-Analyst-Is-Calling-For-A-40-REVERSAL-101112/,autospies.com,English,United States,
Tesla,20200101T034500Z,Bill Gates wants you to sleep more in 2020 and here why,https://economictimes.indiatimes.com/magazines/panache/bill-gates-wants-you-to-sleep-more-in-2020-and-heres-why/articleshow/73042522.cms,economictimes.indiatimes.com,English,India,
Tesla,20200101T194500Z,Jipmer gets new scanning units,https://www.thehindu.com/news/cities/puducherry/jipmer-gets-new-scanning-units/article30454414.ece,thehindu.com,English,India,
Tesla,20200101T184500Z,Shrunken Tesla Cybertruck Crashes Before It Is Completed But It OK,https://insideevs.com/news/390402/shrunken-tesla-cybertruck-crashes/,insideevs.com,English,United States,
Tesla,20200101T043000Z,"The Tesla Cybertruck Is Well - Priced , But There Are Hidden Expenses",https://insideevs.com/news/389820/tesla-cybertruck-hidden-costs/,insideevs.com,English,United States,
Tesla,20200101T013000Z,Charles Lane : Why electric cars still dont live up to the hype,https://www.greensboro.com/opinion/columns/charles-lane-why-electric-cars-still-don-t-live-up/article_4c9abbd7-95b1-5afb-aa3f-bcca4cb33bb5.html,greensboro.com,English,United States,
Tesla,20200101T203000Z,Renault - Nissan without Carlos Ghosn were worst car stocks of 2019,https://www.business-standard.com/article/international/renault-nissan-without-carlos-ghosn-were-worst-car-stocks-of-2019-120010200012_1.html,business-standard.com,English,India,
Tesla,20200101T134500Z,The 10 weirdest automotive news stories from 2019,https://driving.ca/features/feature-story/the-10-weirdest-automotive-news-stories-from-2019,driving.ca,English,Canada,
Tesla,20200101T111500Z,Well likely see a few electric vehicles on every street by the end of this decade,https://www.theglobeandmail.com/drive/mobility/article-well-likely-see-a-few-electric-vehicles-on-every-street-by-the-end-of/,theglobeandmail.com,English,Canada,
Tesla,20200101T003000Z,Tesla Stock Went on a Wild Ride This Year . It Got a Bumpy Road Ahead . ,https://www.barrons.com/articles/tesla-stock-went-on-a-wild-ride-this-year-its-got-a-bumpy-road-ahead-51577829897,barrons.com,English,China,
Tesla,20200101T100000Z,Elon Musk Takes a Jab at Ex - Nissan Head Carlos Ghosn in a Bizarre Twitter Post,https://sputniknews.com/viral/202001011077914015-elon-musk-takes-a-jab-at-ex-nissan-head-carlos-ghosn-in-a-bizarre-twitter-post-/,sputniknews.com,English,Russia,
Tesla,20200101T121500Z,New books & media,https://physicstoday.scitation.org/doi/10.1063/PT.3.4393,physicstoday.scitation.org,English,United States,
Tesla,20200101T074500Z,Industrials Fall in Quiet Trading -- Industrials Roundup,https://www.marketscreener.com/news/Industrials-Fall-in-Quiet-Trading-Industrials-Roundup--29784185/,marketscreener.com,English,,
Tesla,20200101T103000Z,The cars were most looking forward to in 2020,https://www.cnet.com/roadshow/news/cars-looking-forward-to-in-2020/,cnet.com,English,Japan,
Tesla,20200101T110000Z,Here is the latest news from The Associated Press at 5 : 45 a . m . EST,https://www.ksl.com/article/46697910/here-is-the-latest-news-from-the-associated-press-at-440-am-est,ksl.com,English,United States,
Tesla,20200101T083000Z,Here is the latest news from The Associated Press at 2 : 40 a . m . EST,https://www.ksl.com/article/46697910/here-is-the-latest-news-from-the-associated-press-at-240-am-est,ksl.com,English,United States,
Tesla,20200101T160000Z,5 Things Ford Fans Can Look Forward to in 2020,https://www.ford-trucks.com/articles/5-things-ford-fans-can-look-forward-to-in-2020/,ford-trucks.com,English,United States,
Tesla,20200101T030000Z,Car And Driver Long - term Test Of A Tesla Model 3 Comes To An Abrupt End As It Goes Kaput On Christmas Day,http://www.autospies.com/news/Car-And-Driver-s-Long-term-Test-Of-A-Tesla-Model-3-Comes-To-An-Abrupt-End-As-It-Goes-Kaput-On-Christmas-Day-101111/,autospies.com,English,United States,
Tesla,20200101T061500Z,India solar storage needs a leg - up - The Hindu BusinessLine,https://www.thehindubusinessline.com/opinion/columns/from-the-viewsroom/indias-solar-storage-needs-a-leg-up/article30444906.ece,thehindubusinessline.com,English,India,
Tesla,20200101T114500Z,The auto industry wont ever be the same after a tumultuous 2019 :: WRAL . com,https://www.wral.com/the-auto-industry-wont-ever-be-the-same-after-a-tumultuous-2019/18860990/,wral.com,English,United States,
Tesla,20200101T163000Z,"Solar panels on homes are increasingly popular , but should you buy , lease or rent ? ",https://www.cbsnews.com/news/solar-panels-for-your-home-buy-lease-or-rent/,cbsnews.com,English,United States,
Tesla,20200101T173000Z,2020 findus Superchargers in New England,https://teslamotorsclub.com/tmc/threads/2020-findus-superchargers-in-new-england.180201/,teslamotorsclub.com,English,,
Tesla,20200101T024500Z,Xinhua China news advisory -- Jan . 1,http://www.china.org.cn/china/Off_the_Wire/2020-01/01/content_75568336.htm,china.org.cn,English,China,
Tesla,20200101T041500Z,Purpose At Work : 10 Brands Leading With Purpose In 2019,https://www.forbes.com/sites/simonmainwaring/2020/12/31/purpose-at-work-10-brands-leading-with-purpose-in-2019/,forbes.com,English,United States,
Tesla,20200102T000000Z,The most popular TechSpot stories and features of 2019,https://www.techspot.com/news/83369-most-popular-techspot-stories-features-2019.html,techspot.com,English,United States,
Tesla,20200101T200000Z,Add new comment,https://www.torquenews.com/comment/reply/36804,torquenews.com,English,United States,
Tesla,20200101T211500Z,"Solar panels are increasingly popular . Should you buy , lease or rent ? ",https://www.msn.com/en-us/finance/markets/solar-panels-are-increasingly-popular-should-you-buy-lease-or-rent/ar-BBYwuwl,msn.com,English,United States,
Tesla,20200101T034500Z,"Theft suspect floods jail cell toilet , complains of chest pains , escapes from hospital : Lyndhurst",https://www.cleveland.com/community/2020/01/theft-suspect-floods-jail-cell-toilet-complains-of-chest-pains-escapes-from-hospital-lyndhurst-police-blotter.html,cleveland.com,English,United States,
Tesla,20200101T184500Z,The 2010s Proved EVs Could Work ; The 2020s Will Show If People Actually Care,https://www.carscoops.com/2020/01/the-2010s-proved-evs-could-work-the-2020s-will-show-if-people-actually-care/,carscoops.com,English,United States,
Tesla,20200101T093000Z,FujiwaraMuro Architects House in Takamatsu Info,https://hypebeast.com/2020/1/fujiwaramuro-architects-has-constructed-a-minimalist-and-geometric-japanese-residence,hypebeast.com,English,United States,
Tesla,20200101T071500Z,First millennium baby in NH reflects on turning 20 years old,https://www.wcvb.com/article/nathan-kumar-first-millennium-baby-in-new-hampshire-reflects-on-turning-20-years-old/30371615,wcvb.com,English,United States,
Tesla,20200101T190000Z,Registration fees are going up for electric and plug - in hybrids,https://www.wsfa.com/2020/01/01/registration-fees-are-going-up-electric-plug-in-hybrids/,wsfa.com,English,United States,
Tesla,20200101T063000Z,U . S . auto safety agency to investigate fatal Tesla crash in California | News | NewsTalk 610 AM & 103 . 9 FM KDAL,https://kdal610.com/news/articles/2020/jan/01/us-auto-safety-agency-to-probe-fatal-tesla-crash-in-los-angeles/970689/,kdal610.com,English,United States,
Tesla,20200101T063000Z,U . S . auto safety agency to investigate fatal Tesla crash in California | Reuters | Business,https://www.journalpioneer.com/business/reuters/us-auto-safety-agency-to-investigate-fatal-tesla-crash-in-california-393236/,journalpioneer.com,English,Canada,
Tesla,20200101T090000Z,U . S . auto safety agency to investigate fatal Tesla crash in California | News,https://kfgo.com/news/articles/2020/jan/01/us-auto-safety-agency-to-probe-fatal-tesla-crash-in-los-angeles/970689/,kfgo.com,English,United States,
Tesla,20200101T081500Z,U . S . auto safety agency to investigate fatal Tesla crash in California | News,https://wdsm710.com/news/articles/2020/jan/01/us-auto-safety-agency-to-probe-fatal-tesla-crash-in-los-angeles/970689/,wdsm710.com,English,United States,
Tesla,20200101T081500Z,U . S . auto safety agency to investigate fatal Tesla crash in California | News,https://wibqam.com/news/articles/2020/jan/01/us-auto-safety-agency-to-probe-fatal-tesla-crash-in-los-angeles/970689/,wibqam.com,English,United States,
Tesla,20200101T081500Z,U . S . auto safety agency to investigate fatal Tesla crash in California | News,https://whtc.com/news/articles/2020/jan/01/us-auto-safety-agency-to-probe-fatal-tesla-crash-in-los-angeles/970689/,whtc.com,English,United States,
Tesla,20200101T014500Z,U . S . auto safety agency to probe fatal Tesla crash in Los Angeles | Reuters | Business,https://www.journalpioneer.com/business/reuters/us-auto-safety-agency-to-probe-fatal-tesla-crash-in-los-angeles-393236/,journalpioneer.com,English,Canada,
Tesla,20200101T021500Z,U . S . auto safety agency to investigate fatal Tesla crash in California | News,https://whbl.com/news/articles/2020/jan/01/us-auto-safety-agency-to-probe-fatal-tesla-crash-in-los-angeles/970689/,whbl.com,English,United States,
Tesla,20200101T033000Z,U . S . auto safety agency to investigate fatal Tesla crash in California | Reuters | Business,https://www.capebretonpost.com/business/reuters/us-auto-safety-agency-to-investigate-fatal-tesla-crash-in-california-393236/,capebretonpost.com,English,Canada,
Tesla,20200101T053000Z,U . S . auto safety agency to investigate fatal Tesla crash in California | Reuters | Business,https://www.thetelegram.com/business/reuters/us-auto-safety-agency-to-investigate-fatal-tesla-crash-in-california-393236/,thetelegram.com,English,Canada,
Tesla,20200101T044500Z,U . S . auto safety agency to investigate fatal Tesla crash in California | Reuters | Business,https://www.saltwire.com/business/reuters/us-auto-safety-agency-to-investigate-fatal-tesla-crash-in-california-393236/,saltwire.com,English,,
Tesla,20200101T051500Z,U . S . auto safety agency to investigate fatal Tesla crash in California | News,https://wnmtradio.com/news/articles/2020/jan/01/us-auto-safety-agency-to-probe-fatal-tesla-crash-in-los-angeles/970689/,wnmtradio.com,English,United States,
Tesla,20200101T014500Z,The auto industry wont ever be the same after a tumultuous 2019,https://ktvz.com/money/2019/12/31/the-auto-industry-wont-ever-be-the-same-after-a-tumultuous-2019/,ktvz.com,English,United States,
Tesla,20200101T114500Z,Feds will investigate deadly Tesla crash in California - Medicine Hat NewsMedicine Hat News,https://medicinehatnews.com/news/world-news/2020/01/01/feds-will-investigate-deadly-tesla-crash-in-california/,medicinehatnews.com,English,United States,
Tesla,20200101T163000Z,Registration fees are going up for electric and plug - in hybrids,https://www.waff.com/2020/01/01/registration-fees-are-going-up-electric-plug-in-hybrids/,waff.com,English,United States,
Tesla,20200101T010000Z,Einhorn Greenlight Gains 14 % for Year After Dip in December,https://finance.yahoo.com/news/einhorn-greenlight-gains-14-dip-232527663.html,finance.yahoo.com,English,United States,
Tesla,20200101T044500Z,  Blade Runner  artist Syd Mead dies at 86,https://sg.finance.yahoo.com/news/blade-runner-artist-syd-mead-dies-86-011526456.html,sg.finance.yahoo.com,English,United States,
Tesla,20200101T133000Z,  Blade Runner  artist Syd Mead dies at 86,https://www.msn.com/en-in/news/other/blade-runner-artist-syd-mead-dies-at-86/ar-BBYvVyv,msn.com,English,United States,
Tesla,20200101T100000Z,U . S . auto safety agency to investigate fatal Tesla crash in California | News,https://wsau.com/news/articles/2020/jan/01/us-auto-safety-agency-to-probe-fatal-tesla-crash-in-los-angeles/970689/,wsau.com,English,United States,
Tesla,20200101T093000Z,U . S . auto safety agency to investigate fatal Tesla crash in California | News,https://wtvbam.com/news/articles/2020/jan/01/us-auto-safety-agency-to-probe-fatal-tesla-crash-in-los-angeles/970689/,wtvbam.com,English,United States,
Tesla,20200101T041500Z,U . S . auto safety agency to investigate fatal Tesla crash in California | News,https://wkzo.com/news/articles/2020/jan/01/us-auto-safety-agency-to-probe-fatal-tesla-crash-in-los-angeles/970689/,wkzo.com,English,United States,
Tesla,20200101T040000Z,U . S . auto safety agency to investigate fatal Tesla crash in California | News,https://kelo.com/news/articles/2020/jan/01/us-auto-safety-agency-to-probe-fatal-tesla-crash-in-los-angeles/970689/,kelo.com,English,United States,
Tesla,20200101T091500Z,  Blade Runner  artist Syd Mead dies at 86 | Hollywood – Gulf News,https://gulfnews.com/entertainment/hollywood/blade-runner-artist-syd-mead-dies-at-86-1.68749314,gulfnews.com,English,United Arab Emirates,
Tesla,20200101T104500Z,Feds will investigate deadly Tesla crash in California,https://www.theintelligencer.com/business/technology/article/Feds-will-investigate-deadly-Tesla-crash-in-14942832.php,theintelligencer.com,English,United States,
Tesla,20200101T103000Z,Feds will investigate deadly Tesla crash in California,https://www.michigansthumb.com/business/technology/article/Feds-will-investigate-deadly-Tesla-crash-in-14942832.php,michigansthumb.com,English,United States,
Tesla,20200101T070000Z,Feds will investigate deadly Tesla crash in California,https://www.fairfieldcitizenonline.com/business/technology/article/Feds-will-investigate-deadly-Tesla-crash-in-14942832.php,fairfieldcitizenonline.com,English,United States,
Tesla,20200101T071500Z,Feds will investigate deadly Tesla crash in California,https://www.myplainview.com/business/technology/article/Feds-will-investigate-deadly-Tesla-crash-in-14942832.php,myplainview.com,English,United States,
Tesla,20200101T083000Z,Feds will investigate deadly Tesla crash in California,https://www.westport-news.com/business/technology/article/Feds-will-investigate-deadly-Tesla-crash-in-14942832.php,westport-news.com,English,United States,
Tesla,20200101T083000Z,Feds will investigate deadly Tesla crash in California,https://www.newmilfordspectrum.com/business/technology/article/Feds-will-investigate-deadly-Tesla-crash-in-14942832.php,newmilfordspectrum.com,English,United States,
Tesla,20200101T083000Z,Feds will investigate deadly Tesla crash in California,https://www.ourmidland.com/business/technology/article/Feds-will-investigate-deadly-Tesla-crash-in-14942832.php,ourmidland.com,English,United States,
Tesla,20200101T104500Z,Feds will investigate deadly Tesla crash in California,https://www.coastreporter.net/feds-will-investigate-deadly-tesla-crash-in-california-1.24044535,coastreporter.net,English,Canada,
Tesla,20200101T100000Z,Feds will investigate deadly Tesla crash in California,https://www.news957.com/world/2020/01/01/feds-will-investigate-deadly-tesla-crash-in-california/,news957.com,English,United States,
Tesla,20200101T100000Z,Feds will investigate deadly Tesla crash in California,https://www.herald-dispatch.com/ap/ap_nation/feds-will-investigate-deadly-tesla-crash-in-california/article_a61b8d9f-6d97-56af-9fb7-c480e936d29d.html,herald-dispatch.com,English,United States,
Tesla,20200101T100000Z,Feds will investigate deadly Tesla crash in California,https://www.570news.com/2020/01/01/feds-will-investigate-deadly-tesla-crash-in-california/,570news.com,English,Canada,
Tesla,20200101T093000Z,Feds will investigate deadly Tesla crash in California,https://www.mankatofreepress.com/news/state_national_news/feds-will-investigate-deadly-tesla-crash-in-california/article_fef3e49f-baf3-5546-8812-afbcef02c9c6.html,mankatofreepress.com,English,United States,
Tesla,20200101T093000Z,Feds will investigate deadly Tesla crash in California,https://accesswdun.com/article/2020/1/863435,accesswdun.com,English,United States,
Tesla,20200101T094500Z,Feds will investigate deadly Tesla crash in California,https://www.estevanmercury.ca/feds-will-investigate-deadly-tesla-crash-in-california-1.24044535,estevanmercury.ca,English,Canada,
Tesla,20200101T064500Z,Feds will investigate deadly Tesla crash in California,https://www.clintonherald.com/region/feds-will-investigate-deadly-tesla-crash-in-california/article_a10c828b-7183-5f72-bc4b-2d3989f2f47b.html,clintonherald.com,English,United States,
Tesla,20200101T060000Z,Feds will investigate deadly Tesla crash in California,https://wcfcourier.com/news/national/feds-will-investigate-deadly-tesla-crash-in-california/article_efab4fc0-da50-5621-a79e-40f64aadc2f2.html,wcfcourier.com,English,United States,
Tesla,20200101T061500Z,Feds will investigate deadly Tesla crash in California,https://www.abcfoxmontana.com/national_news/feds-will-investigate-deadly-tesla-crash-in-california/article_c11ecec8-8de1-5d0f-a2bc-115e93a89ed5.html,abcfoxmontana.com,English,United States,
Tesla,20200101T061500Z,Feds will investigate deadly Tesla crash in California,https://www.bozemandailychronicle.com/ap_news/business/feds-will-investigate-deadly-tesla-crash-in-california/article_2d580705-9491-5456-aed0-47167139ebda.html,bozemandailychronicle.com,English,United States,
Tesla,20200101T074500Z,Feds will investigate deadly Tesla crash in California,https://www.1310news.com/2020/01/01/feds-will-investigate-deadly-tesla-crash-in-california/,1310news.com,English,United States,
Tesla,20200101T071500Z,Feds will investigate deadly Tesla crash in California,https://www.voiceofalexandria.com/news/national_business_news/feds-will-investigate-deadly-tesla-crash-in-california/article_c5ee9d94-299a-521f-9b3c-2c431aeb0ae9.html,voiceofalexandria.com,English,United States,
Tesla,20200101T071500Z,Feds will investigate deadly Tesla crash in California,https://www.ncnewsonline.com/news/national/feds-will-investigate-deadly-tesla-crash-in-california/article_dc83d0eb-2f61-51e1-b384-dcfce3377e86.html,ncnewsonline.com,English,United States,
Tesla,20200101T071500Z,Feds will investigate deadly Tesla crash in California,http://www.therepublic.com/2019/12/31/us-tesla-fatal-crash-investigation/,therepublic.com,English,United States,
Tesla,20200101T071500Z,Feds will investigate deadly Tesla crash in California,https://www.dailyitem.com/region/feds-will-investigate-deadly-tesla-crash-in-california/article_9b402144-c852-547f-a349-8daf845e4047.html,dailyitem.com,English,United States,
Tesla,20200101T081500Z,Feds will investigate deadly Tesla crash in California,https://www.1170kfaq.com/story/41509566/feds-will-investigate-deadly-tesla-crash-in-california,1170kfaq.com,English,United States,
Tesla,20200101T081500Z,Feds will investigate deadly Tesla crash in California,https://www.gazettextra.com/news/nation_world/feds-will-investigate-deadly-tesla-crash-in-california/article_1612cdbd-fd5a-584c-ad40-789ee8a280c4.html,gazettextra.com,English,United States,
Tesla,20200101T073000Z,Feds will investigate deadly Tesla crash in California,http://www.elpasoinc.com/news/ap_wire/business/feds-will-investigate-deadly-tesla-crash-in-california/article_8edf4d7a-787f-56a0-8e34-d6e56204cfc7.html,elpasoinc.com,English,United States,
Tesla,20200101T073000Z,Feds will investigate deadly Tesla crash in California,https://www.recorderonline.com/news/state_news/feds-will-investigate-deadly-tesla-crash-in-california/article_9586e51a-f2be-5652-bb49-74b85a8e0b2b.html,recorderonline.com,English,United States,
Tesla,20200101T073000Z,Feds will investigate deadly Tesla crash in California,https://www.heraldpalladium.com/news/regional/feds-will-investigate-deadly-tesla-crash-in-california/article_5d54c24c-4c0c-5b8a-aad4-28d0cbc5367b.html,heraldpalladium.com,English,United States,
Tesla,20200101T084500Z,Feds will investigate deadly Tesla crash in California,http://www.tribtown.com/2019/12/31/us-tesla-fatal-crash-investigation/,tribtown.com,English,United States,
Tesla,20200101T084500Z,Feds will investigate deadly Tesla crash in California,https://www.richmond-news.com/feds-will-investigate-deadly-tesla-crash-in-california-1.24044535,richmond-news.com,English,Canada,
Tesla,20200101T080000Z,Feds will investigate deadly Tesla crash in California,http://www.standard-journal.com/news/news_ap/article_f1dd7cdd-8c20-5878-a77a-c542fa6bc526.html,standard-journal.com,English,United States,
Tesla,20200101T051500Z,Feds will investigate deadly Tesla crash in California,https://wtmj.com/news/national/2019/12/31/feds-will-investigate-deadly-tesla-crash-in-california/,wtmj.com,English,United States,
Tesla,20200101T051500Z,Feds will investigate deadly Tesla crash in California,http://www.wdtimes.com/news/national/article_6bea8466-a029-5b03-96a3-d9838dbbea2d.html,wdtimes.com,English,United States,
Tesla,20200101T051500Z,Feds will investigate deadly Tesla crash in California,http://www.dailyjournal.net/2019/12/31/us-tesla-fatal-crash-investigation/,dailyjournal.net,English,United States,
Tesla,20200101T051500Z,Feds will investigate deadly Tesla crash in California,https://www.mymotherlode.com/news/state/966196/feds-will-investigate-deadly-tesla-crash-in-california.html,mymotherlode.com,English,United States,
Tesla,20200101T050000Z,Feds will investigate deadly Tesla crash in California,https://www.timesdaily.com/news/nation/feds-will-investigate-deadly-tesla-crash-in-california/article_13383638-907b-55c8-94e1-50e9fb293100.html,timesdaily.com,English,United States,
Tesla,20200101T050000Z,Feds will investigate deadly Tesla crash in California,https://www.beaumontenterprise.com/business/technology/article/Feds-will-investigate-deadly-Tesla-crash-in-14942832.php,beaumontenterprise.com,English,United States,
Tesla,20200101T124500Z,Feds will investigate deadly Tesla crash in California,https://www.princegeorgecitizen.com/news/world/feds-will-investigate-deadly-tesla-crash-in-california-1.24044535,princegeorgecitizen.com,English,Canada,
Tesla,20200101T131500Z,Feds will investigate deadly Tesla crash in California,https://www.newwestrecord.ca/feds-will-investigate-deadly-tesla-crash-in-california-1.24044535,newwestrecord.ca,English,Canada,
Microsoft,20200102T151500Z,Microsoft Edge for Android now supports legacy and new Edge syncing,https://betanews.com/2020/01/02/microsoft-edge-for-android-now-supports-legacy-and-new-edge-syncing/,betanews.com,English,United States,
Microsoft,20200102T131500Z,Microsoft Outlook milestone : Android app tops 100 million Google Play Store installs,https://www.zdnet.com/article/microsofts-outlook-milestone-android-app-tops-100-million-google-play-store-installs/,zdnet.com,English,Japan,
Microsoft,20200102T141500Z,What to expect from Microsoft in 2020,http://www.msn.com/en-gb/news/other/what-to-expect-from-microsoft-in-2020/ar-BBYxw8L,msn.com,English,United States,
Microsoft,20200102T224500Z,3 Things Microsoft Does Better Than Google,https://www.fool.com/investing/2020/01/02/3-things-microsoft-does-better-than-google.aspx,fool.com,English,United States,
Microsoft,20200102T224500Z,3 Things Microsoft Does Better Than Google,https://www.fool.com/investing/2020/01/02/3-things-microsoft-does-better-than-google.aspx?source=iedfolrf0000001,fool.com,English,United States,
Microsoft,20200102T131500Z,What to expect from Microsoft in 2020,https://www.pocket-lint.com/laptops/news/microsoft/150545-what-to-expect-from-microsoft-in-2020,pocket-lint.com,English,United Kingdom,
Microsoft,20200102T143000Z,Sunrise Technologies Will Exhibit at Retail Big Show 2020,https://www.prweb.com/releases/sunrise_technologies_will_exhibit_at_retails_big_show_2020/prweb16810699.htm,prweb.com,English,United States,
Microsoft,20200102T163000Z,Microsoft ( MSFT ) Disarms 50 Domains Used for Cyberattacks,https://news.yahoo.com/microsoft-msft-disarms-50-domains-151603407.html,news.yahoo.com,English,United States,
Microsoft,20200102T003000Z,Microsoft takes action against North Korea hackers,https://finance.yahoo.com/news/microsoft-takes-action-against-north-143920522.html,finance.yahoo.com,English,United States,
Microsoft,20200102T193000Z,"Windows 7 Retires on January 14 But , MSE Will Live On",https://wccftech.com/windows-7-retires-on-january-14-mse-will-live-on/,wccftech.com,English,United States,
Microsoft,20200102T090000Z,"How To Lose A Monopoly : Microsoft , IBM And Anti - Trust",https://seekingalpha.com/article/4314831-how-to-lose-monopoly-microsoft-ibm-and-anti-trust,seekingalpha.com,English,United States,
Microsoft,20200102T010000Z,"Ericsson , Microsoft Team Up for Next Generation of Connected Cars",https://www.thisdaylive.com/index.php/2020/01/02/ericsson-microsoft-team-up-for-next-generation-of-connected-cars/,thisdaylive.com,English,Nigeria,
Microsoft,20200102T150000Z,"System Center isnt going away , but Microsoft Endpoint Manager will make office PCs faster",https://www.techrepublic.com/article/system-center-isnt-going-away-but-microsoft-endpoint-manager-will-make-office-pcs-faster/,techrepublic.com,English,United States,
Microsoft,20200102T210000Z,"Hey , Microsoft , it time to take Xbox localization seriously",https://n4g.com/news/2317133/hey-microsoft-its-time-to-take-xbox-localization-seriously,n4g.com,English,Japan,
Microsoft,20200102T180000Z,"Microsoft : Luxoft collaborates with Microsoft to deliver connected vehicle solutions , Auto News , ET Auto",https://auto.economictimes.indiatimes.com/news/auto-technology/luxoft-collaborates-with-microsoft-to-deliver-connected-vehicle-solutions/73073461,auto.economictimes.indiatimes.com,English,India,
Microsoft,20200102T201500Z,Amazon Web Services could cut prices as it tries to fend off Microsoft,https://www.businessinsider.com/amazon-web-services-price-cut-microsoft-azure-2020-1,businessinsider.com,English,United States,
Microsoft,20200102T191500Z,Snowy new Microsoft Flight Simulator looks lovely,https://www.rockpapershotgun.com/2020/01/02/the-earth-freezes-over-in-the-latest-microsoft-flight-simulator-trailer/,rockpapershotgun.com,English,United States,
Microsoft,20200102T173000Z,Pointr Deep Location Now Available in the Microsoft Azure Marketplace,https://www.prnewswire.com/news-releases/pointr-deep-location-now-available-in-the-microsoft-azure-marketplace-300980564.html,prnewswire.com,English,United States,
Microsoft,20200102T174500Z,Pointr Deep Location Now Available in the Microsoft Azure Marketplace,https://www.prnewswire.com:443/news-releases/pointr-deep-location-now-available-in-the-microsoft-azure-marketplace-300980564.html,prnewswire.com,English,United States,
Microsoft,20200102T211500Z,Microsoft targets North Korean hackers for stealing  sensitive  information,https://www.vanguardngr.com/2020/01/microsoft-targets-north-korean-hackers-for-stealing-sensitive-information/,vanguardngr.com,English,Nigeria,
Microsoft,20200102T163000Z,KnowledgeLake Recognized in the  20 Most Promising Content Services Platform Solution Provider by CIOReview,https://www.prnewswire.com:443/news-releases/knowledgelake-recognized-in-the-20-most-promising-content-services-platform-solution-providers-by-cioreview-300980449.html,prnewswire.com,English,United States,
Microsoft,20200102T173000Z,"Dow Jones News : Microsoft , Intel Hit the Ground Running in 2020",https://www.nasdaq.com/articles/dow-jones-news%3A-microsoft-intel-hit-the-ground-running-in-2020-2020-01-02,nasdaq.com,English,United States,
Microsoft,20200102T071500Z,Microsoft successfully stopped cyber attack by North Korea,https://www.techjuice.pk/microsoft-successfully-stopped-cyber-attack-by-north-korea/,techjuice.pk,English,Pakistan,
Microsoft,20200102T163000Z,Luxoft drives into Microsoft connected vehicle platform ecosystem,https://www.computerweekly.com/news/252476164/Luxoft-drives-into-Microsoft-connected-vehicle-platform-ecosystem,computerweekly.com,English,United Kingdom,
Microsoft,20200102T094500Z,Luxoft Joins Microsoft Connected Vehicle Platform Ecosystem to Accelerate Delivery of Connected Vehicle Solutions,https://www.businesswire.com/news/home/20200102005097/en/Luxoft-Joins-Microsoft-Connected-Vehicle-Platform-Ecosystem,businesswire.com,English,United States,
Microsoft,20200102T224500Z,"Dow Jones News : Microsoft , Intel Hit the Ground Running in 2020",https://www.fool.com/investing/2020/01/02/dow-jones-news-microsoft-intel-hit-the-ground-runn.aspx?source=iedfolrf0000001,fool.com,English,United States,
Microsoft,20200102T124500Z,Two tips to make multifactor authentication for Office 365 more effective,https://www.csoonline.com/article/3510504/two-tips-to-make-multifactor-authentication-for-office-365-more-effective.html,csoonline.com,English,United States,
Microsoft,20200102T163000Z,Microsoft Shuts Down 50 Domains Used by North ... ,https://www.darkreading.com/threat-intelligence/microsoft-shuts-down-50-domains-used-by-north-korean-hacking-group-/d/d-id/1336705?piddl_msgid=339697,darkreading.com,English,United States,
Microsoft,20200102T154500Z,Microsoft Flight Simulator Gets New Trailer Showing Off Winter Weather,https://www.xboxachievements.com/news/news-34621-Microsoft-Flight-Simulator-Gets-New-Trailer-Showing-Off-Winter-Weather.html,xboxachievements.com,English,United States,
Microsoft,20200102T223000Z,Edge beta for Android updated with new icon ahead of Chromium Edge for desktop launch,https://www.windowscentral.com/edge-android-beta-updated-new-icon-ahead-chromium-edge-launch,windowscentral.com,English,United States,
Microsoft,20200102T174500Z,Microsoft could be plotting a smart speaker with a built - in Pico projector,https://www.trustedreviews.com/news/microsoft-plotting-smart-speaker-with-built-in-pico-projector-3966380,trustedreviews.com,English,United Kingdom,
Microsoft,20200102T123000Z,Windows 10 update will leave Windows 7 users with huge bill in just two weeks,https://www.birminghammail.co.uk/news/midlands-news/windows-10-update-leave-windows-17500332,birminghammail.co.uk,English,United Kingdom,
Microsoft,20200102T061500Z,3 Reasons Why Slack Stock Can Start Working in 2020,https://finance.yahoo.com/news/3-reasons-why-slack-stock-123628819.html,finance.yahoo.com,English,United States,
Microsoft,20200102T123000Z,Luxoft Joins Microsoft Connected Vehicle Platform Ecosystem to Accelerate Delivery of Connected Vehicle Solutions,https://business.financialpost.com/pmn/press-releases-pmn/business-wire-news-releases-pmn/luxoft-joins-microsoft-connected-vehicle-platform-ecosystem-to-accelerate-delivery-of-connected-vehicle-solutions,business.financialpost.com,English,Canada,
Microsoft,20200102T084500Z,Huge Windows change from January 14 could cost you hundreds,https://www.walesonline.co.uk/news/uk-news/huge-windows-change-january-14-17500179,walesonline.co.uk,English,United Kingdom,
Microsoft,20200102T150000Z,Will Microsoft Discuss Xbox Lockhart at CES 2020 ? ,https://segmentnext.com/2020/01/02/will-microsoft-discuss-xbox-lockhart-at-ces-2020/,segmentnext.com,English,United States,
Microsoft,20200102T101500Z,"PlayStation 5  wont be as powerful as Xbox Series X , source claims",https://www.mirror.co.uk/tech/playstation-5-wont-powerful-xbox-21199415,mirror.co.uk,English,United Kingdom,
Microsoft,20200102T014500Z,Xbox Lockhart going digital - only at launch would be a mistake,https://www.tweaktown.com/news/69560/xbox-lockhart-going-digital-launch-mistake/,tweaktown.com,English,United States,
Microsoft,20200102T174500Z,"3 Stocks That Turned $1 , 000 Into $1 Million",https://www.fool.com/investing/2020/01/02/3-stocks-that-turned-1000-into-1-million.aspx,fool.com,English,United States,
Microsoft,20200102T161500Z,"3 Stocks That Turned $1 , 000 Into $1 Million",https://www.fool.com/investing/2020/01/02/3-stocks-that-turned-1000-into-1-million.aspx?source=iedfolrf0000001,fool.com,English,United States,
Microsoft,20200102T080000Z,Huge Windows change from January 14 could cost you hundreds,https://www.gazettelive.co.uk/news/uk-world-news/huge-windows-change-january-14-17500179,gazettelive.co.uk,English,United Kingdom,
Microsoft,20200102T151500Z,Is Google P / E Ratio Too High Or Too Low ? ,https://www.forbes.com/sites/greatspeculations/2020/01/02/is-googles-pe-ratio-too-high-or-too-low/,forbes.com,English,United States,
Microsoft,20200102T090000Z,Microsoft Windows 10 five upcoming features you must know - tech,https://www.hindustantimes.com/tech/microsoft-windows-10-s-five-upcoming-features-you-must-know/story-6A7e9Eq3RfmTfmhUhgEsOL.html,hindustantimes.com,English,India,
Microsoft,20200102T214500Z,Microsoft Edge Beta gets its new icon on Android,https://www.neowin.net/news/microsoft-edge-beta-gets-its-new-icon-on-android,neowin.net,English,United States,
Microsoft,20200102T104500Z,"Amazon , Google , Microsoft : Who had the best year in cloud in 2019 ? ",https://www.theregister.co.uk/2020/01/02/amazon_google_microsoft_who_had_the_best_year_in_cloud_in_2019/,theregister.co.uk,English,United Kingdom,
Microsoft,20200102T091500Z,Major change to Windows from January 14 could cost you hundreds,https://www.hulldailymail.co.uk/news/uk-world-news/major-change-windows-january-14-3697567,hulldailymail.co.uk,English,United Kingdom,
Microsoft,20200102T231500Z,"Apple Inc . ( NASDAQ : AAPL ), Amazon . com , Inc . ( NASDAQ : AMZN ) - 12 Stocks That Have Been The World Most Valuable Company",https://www.benzinga.com/general/education/20/01/15061903/12-stocks-that-have-been-the-worlds-most-valuable-company,benzinga.com,English,United States,
Microsoft,20200102T074500Z,Tepper ( $$ ) vs Foster ( $$ ) vs Ross ( no aid ) : Ask Veritas Prep,https://gmatclub.com/forum/tepper-vs-foster-vs-ross-no-aid-313575.html,gmatclub.com,English,United States,
Microsoft,20200102T074500Z,Tepper ( $$ ) vs Foster ( $$ ) vs Ross ( no aid ) : Ask Veritas Prep,https://gmatclub.com/forum/tepper-vs-foster-vs-ross-no-aid-313572.html,gmatclub.com,English,United States,
Microsoft,20200102T141500Z,Microsoft to End Windows 7 Support this Month - What You Need to Know,https://tech.co/news/windows-7-support-ends-2020-01,tech.co,English,United States,
Microsoft,20200102T124500Z,"Market Morning : Microsoft vs North Korea , Uber vs California , Ghosn vs Japan , Rioters vs US Embassy",https://finance.yahoo.com/news/market-morning-microsoft-vs-north-120058056.html,finance.yahoo.com,English,United States,
Microsoft,20200102T180000Z,Microsoft sees 50 North Korean phishing sites taken offline,https://www.itproportal.com/news/microsoft-sees-50-north-korean-phishing-sites-taken-offline/,itproportal.com,English,United Kingdom,
Microsoft,20200102T003000Z,"Cory Barlog Accused Of Wanting To Work For Microsoft , Barlog Replies",https://segmentnext.com/2020/01/02/cory-barlog-accused-wanting-work-microsoft-barlog/,segmentnext.com,English,United States,
Microsoft,20200102T154500Z,"Xbox Series X , PlayStation 5 set for video game console war in 2020",https://www.foxbusiness.com/technology/xbox-series-x-playstation-5-consoles-2020-details,foxbusiness.com,English,United States,
Microsoft,20200102T060000Z,Microsoft Flight Simulator Continues to Look Stunning in New Snow Video,https://wccftech.com/microsoft-flight-simulator-continues-to-look-stunning-in-new-snow-video/,wccftech.com,English,United States,
Microsoft,20200102T104500Z,"The gadgets , consoles and phones to watch out for in 2020",https://www.siliconrepublic.com/companies/5g-iphone-playstation-5-xbox-series-x-foldable-phones,siliconrepublic.com,English,Ireland,
Microsoft,20200102T210000Z,Xbox Game Pass Is Microsoft Biggest Advantage Over PlayStation 5,https://www.escapistmagazine.com/v2/xbox-game-pass-is-microsofts-biggest-advantage-over-playstation-5/,escapistmagazine.com,English,United States,
Microsoft,20200102T180000Z,Performance Of Dow Components In 2019,https://seekingalpha.com/article/4314929-performance-of-dow-components-in-2019,seekingalpha.com,English,United States,
Microsoft,20200102T130000Z,RPA : From strength to strength in 2019,https://www.itproportal.com/features/rpa-from-strength-to-strength-in-2019/,itproportal.com,English,United Kingdom,
Microsoft,20200102T223000Z,The doctor is in : Notable analyst Dr . Serkan Toto is positive a Switch Pro will launch in 2020,https://www.nintendoenthusiast.com/analyst-dr-toto-switch-pro-2020/,nintendoenthusiast.com,English,Japan,
Microsoft,20200102T013000Z,Best Buy Sale Alert : New Deals Beat Black Friday Prices [ Updated ] ,https://www.forbes.com/sites/gordonkelly/2020/01/01/best-buy-sale-airpods-pro-iphone-11-pro-max-xbox-ps4-macbook-microsoft-surface-pro7-4k-tv-deals/,forbes.com,English,United States,
Microsoft,20200102T101500Z,Frontline Systems Launches Analytic Solver V2020 : Tool for Analytics - Powered Decision Models in the Microsoft Ecosystem,https://www.prweb.com/releases/frontline_systems_launches_analytic_solver_v2020_tool_for_analytics_powered_decision_models_in_the_microsoft_ecosystem/prweb16811134.htm,prweb.com,English,United States,
Microsoft,20200102T120000Z,Microsoft account,"https://outlook.live.com/owa/?RpsCsrfState=adbd19e2-3a2e-2ac5-cc70-89a2faccea3c&id=292841&aadredir=1&CBCXT=out&lw=1&fl=dob,flname,wld&cobrandid=90015",outlook.live.com,English,United States,
Microsoft,20200102T123000Z,Microsoft account,"https://outlook.live.com/owa/?RpsCsrfState=662a3c0a-c296-b6ec-17d7-b6725d64fefb&id=292841&aadredir=1&CBCXT=out&lw=1&fl=dob,flname,wld&cobrandid=90015",outlook.live.com,English,United States,
Microsoft,20200102T163000Z,Microsoft account,"https://outlook.live.com/owa/?RpsCsrfState=7ff5e858-65af-5929-9f9d-f49dd396816c&id=292841&aadredir=1&CBCXT=out&lw=1&fl=dob,flname,wld&cobrandid=90015",outlook.live.com,English,United States,
Microsoft,20200102T174500Z,Microsoft account,"https://outlook.live.com/owa/?RpsCsrfState=48241b43-8a2e-92bb-e46c-e271b5d8bb79&id=292841&aadredir=1&CBCXT=out&lw=1&fl=dob,flname,wld&cobrandid=90015",outlook.live.com,English,United States,
Microsoft,20200102T164500Z,Microsoft account,"https://outlook.live.com/owa/?RpsCsrfState=54736dbf-3fad-2426-f391-30de3dc6a947&id=292841&aadredir=1&CBCXT=out&lw=1&fl=dob,flname,wld&cobrandid=90015",outlook.live.com,English,United States,
Microsoft,20200102T171500Z,Microsoft account,"https://outlook.live.com/owa/?RpsCsrfState=6f8f0fdb-8b72-e976-7a82-c057e49fcefc&id=292841&aadredir=1&CBCXT=out&lw=1&fl=dob,flname,wld&cobrandid=90015",outlook.live.com,English,United States,
Microsoft,20200102T140000Z,Microsoft account,"https://outlook.live.com/owa/?RpsCsrfState=3525ca8a-47bf-8ec0-6a3b-cdea7648e7dc&id=292841&aadredir=1&CBCXT=out&lw=1&fl=dob,flname,wld&cobrandid=90015",outlook.live.com,English,United States,
Microsoft,20200102T104500Z,Microsoft account,"https://outlook.live.com/owa/?RpsCsrfState=a00f02e5-f967-f3b3-4fe0-5e02561cd321&id=292841&aadredir=1&CBCXT=out&lw=1&fl=dob,flname,wld&cobrandid=90015",outlook.live.com,English,United States,
Microsoft,20200102T113000Z,Microsoft account,"https://outlook.live.com/owa/?RpsCsrfState=c58fe7ce-bb15-0ff3-491e-d129a23adcb7&id=292841&aadredir=1&CBCXT=out&lw=1&fl=dob,flname,wld&cobrandid=90015",outlook.live.com,English,United States,
Microsoft,20200102T121500Z,Microsoft account,"https://outlook.live.com/owa/?RpsCsrfState=33d49bae-70ff-5469-5d1c-e2b7d5c420ae&id=292841&aadredir=1&CBCXT=out&lw=1&fl=dob,flname,wld&cobrandid=90015",outlook.live.com,English,United States,
Microsoft,20200102T101500Z,Microsoft account,"https://outlook.live.com/owa/?RpsCsrfState=ad5ddc9a-fb0d-6a24-9cbf-b96aa3ede7a6&id=292841&aadredir=1&CBCXT=out&lw=1&fl=dob,flname,wld&cobrandid=90015",outlook.live.com,English,United States,
Microsoft,20200102T213000Z,Microsoft account,"https://outlook.live.com/owa/?RpsCsrfState=46264daa-ec5b-00bb-74de-755b349637b0&id=292841&aadredir=1&CBCXT=out&lw=1&fl=dob,flname,wld&cobrandid=90015",outlook.live.com,English,United States,
Microsoft,20200102T231500Z,Microsoft account,"https://outlook.live.com/owa/?RpsCsrfState=feb61b89-e321-b66a-8e76-dfceca2f19b0&id=292841&aadredir=1&CBCXT=out&lw=1&fl=dob,flname,wld&cobrandid=90015",outlook.live.com,English,United States,
Microsoft,20200102T223000Z,Microsoft account,"https://outlook.live.com/owa/?RpsCsrfState=9ab0d057-bc7f-86b0-a08f-9b2b7af34b0c&id=292841&aadredir=1&CBCXT=out&lw=1&fl=dob,flname,wld&cobrandid=90015",outlook.live.com,English,United States,
Microsoft,20200102T224500Z,Microsoft account,"https://outlook.live.com/owa/?RpsCsrfState=14896cf0-8abc-d0a8-df93-f15636c5777d&id=292841&aadredir=1&CBCXT=out&lw=1&fl=dob,flname,wld&cobrandid=90015",outlook.live.com,English,United States,
Microsoft,20200102T221500Z,Microsoft account,"https://outlook.live.com/owa/?RpsCsrfState=a9d67980-f541-e264-8f0d-38852c04e501&id=292841&aadredir=1&CBCXT=out&lw=1&fl=dob,flname,wld&cobrandid=90015",outlook.live.com,English,United States,
Microsoft,20200102T233000Z,Microsoft account,"https://outlook.live.com/owa/?RpsCsrfState=31fb74de-bc6c-e8f7-6716-b93f2297db90&id=292841&aadredir=1&CBCXT=out&lw=1&fl=dob,flname,wld&cobrandid=90015",outlook.live.com,English,United States,
Microsoft,20200102T220000Z,Microsoft account,"https://outlook.live.com/owa/?RpsCsrfState=f384e19c-d04e-1155-cfc4-3f246e492460&id=292841&aadredir=1&CBCXT=out&lw=1&fl=dob,flname,wld&cobrandid=90015",outlook.live.com,English,United States,
Microsoft,20200102T193000Z,Microsoft account,"https://outlook.live.com/owa/?RpsCsrfState=d78e8b84-f3d7-bde1-6779-9e76909c3f43&id=292841&aadredir=1&CBCXT=out&lw=1&fl=dob,flname,wld&cobrandid=90015",outlook.live.com,English,United States,
Microsoft,20200102T183000Z,Microsoft account,"https://outlook.live.com/owa/?RpsCsrfState=2fad44d1-b0b9-5097-84b4-0bd7cb9c2e07&id=292841&aadredir=1&CBCXT=out&lw=1&fl=dob,flname,wld&cobrandid=90015",outlook.live.com,English,United States,
Microsoft,20200102T181500Z,Microsoft account,"https://outlook.live.com/owa/?RpsCsrfState=41599014-8a4b-cc12-73ba-d0180a53e3fb&id=292841&aadredir=1&CBCXT=out&lw=1&fl=dob,flname,wld&cobrandid=90015",outlook.live.com,English,United States,
Microsoft,20200102T214500Z,Microsoft account,"https://outlook.live.com/owa/?RpsCsrfState=29776a86-a7d9-942d-18aa-8b8c8883f03b&id=292841&aadredir=1&CBCXT=out&lw=1&fl=dob,flname,wld&cobrandid=90015",outlook.live.com,English,United States,
Microsoft,20200102T210000Z,Microsoft account,"https://outlook.live.com/owa/?RpsCsrfState=0ea2fa9d-14a9-abf9-8a5e-f795915e7fd8&id=292841&aadredir=1&CBCXT=out&lw=1&fl=dob,flname,wld&cobrandid=90015",outlook.live.com,English,United States,
Microsoft,20200102T201500Z,Microsoft account,"https://outlook.live.com/owa/?RpsCsrfState=3e72779c-a022-fc15-e016-c54ae72d2c82&id=292841&aadredir=1&CBCXT=out&lw=1&fl=dob,flname,wld&cobrandid=90015",outlook.live.com,English,United States,
Microsoft,20200102T200000Z,Microsoft account,"https://outlook.live.com/owa/?RpsCsrfState=76577435-09ee-cf37-45f0-54171b535c37&id=292841&aadredir=1&CBCXT=out&lw=1&fl=dob,flname,wld&cobrandid=90015",outlook.live.com,English,United States,
Microsoft,20200102T203000Z,Microsoft account,"https://outlook.live.com/owa/?RpsCsrfState=00d86ed7-49a1-0311-1fb8-9790af97be1c&id=292841&aadredir=1&CBCXT=out&lw=1&fl=dob,flname,wld&cobrandid=90015",outlook.live.com,English,United States,
Microsoft,20200102T124500Z,Microsoft account,"https://outlook.live.com/owa/?RpsCsrfState=495cdfaf-ee82-15d5-c5d1-247033748f31&id=292841&aadredir=1&CBCXT=out&lw=1&fl=dob,flname,wld&cobrandid=90015",outlook.live.com,English,United States,
Microsoft,20200102T143000Z,Microsoft account,"https://outlook.live.com/owa/?RpsCsrfState=850c7d0a-55bb-bbf9-8a6f-e929b043853d&id=292841&aadredir=1&CBCXT=out&lw=1&fl=dob,flname,wld&cobrandid=90015",outlook.live.com,English,United States,
Microsoft,20200102T131500Z,Microsoft account,"https://outlook.live.com/owa/?RpsCsrfState=60d24a41-6933-6293-5d87-d7b973b09c71&id=292841&aadredir=1&CBCXT=out&lw=1&fl=dob,flname,wld&cobrandid=90015",outlook.live.com,English,United States,
Microsoft,20200102T134500Z,Microsoft account,"https://outlook.live.com/owa/?RpsCsrfState=7d39c725-376e-2b5e-8ccb-828f8ee7fade&id=292841&aadredir=1&CBCXT=out&lw=1&fl=dob,flname,wld&cobrandid=90015",outlook.live.com,English,United States,
Microsoft,20200102T014500Z,Microsoft account,"https://outlook.live.com/owa/?RpsCsrfState=35bf9cd5-e1dc-6e46-0f82-69fb1d200790&id=292841&aadredir=1&CBCXT=out&lw=1&fl=dob,flname,wld&cobrandid=90015",outlook.live.com,English,United States,
Microsoft,20200102T011500Z,Microsoft account,"https://outlook.live.com/owa/?RpsCsrfState=dc87b6cf-f891-238e-0b65-2778e91ea6be&id=292841&aadredir=1&CBCXT=out&lw=1&fl=dob,flname,wld&cobrandid=90015",outlook.live.com,English,United States,
Microsoft,20200102T021500Z,Microsoft account,"https://outlook.live.com/owa/?RpsCsrfState=26c0036e-a9e5-c04a-73e6-1989decd7c35&id=292841&aadredir=1&CBCXT=out&lw=1&fl=dob,flname,wld&cobrandid=90015",outlook.live.com,English,United States,
Microsoft,20200102T013000Z,Microsoft account,"https://outlook.live.com/owa/?RpsCsrfState=76dfbc16-b10c-de18-239f-ea582fe2883c&id=292841&aadredir=1&CBCXT=out&lw=1&fl=dob,flname,wld&cobrandid=90015",outlook.live.com,English,United States,
Microsoft,20200102T023000Z,Microsoft account,"https://outlook.live.com/owa/?RpsCsrfState=470f30eb-65e5-0e63-0f58-f4636be9ce80&id=292841&aadredir=1&CBCXT=out&lw=1&fl=dob,flname,wld&cobrandid=90015",outlook.live.com,English,United States,
Microsoft,20200102T020000Z,Microsoft account,"https://outlook.live.com/owa/?RpsCsrfState=f458db49-8b60-2e10-89f7-8dcd90b3bc84&id=292841&aadredir=1&CBCXT=out&lw=1&fl=dob,flname,wld&cobrandid=90015",outlook.live.com,English,United States,
Microsoft,20200102T030000Z,Microsoft account,"https://outlook.live.com/owa/?RpsCsrfState=023fb8f6-75b4-d618-ec8e-ef636aefd202&id=292841&aadredir=1&CBCXT=out&lw=1&fl=dob,flname,wld&cobrandid=90015",outlook.live.com,English,United States,
Microsoft,20200102T033000Z,Microsoft account,"https://outlook.live.com/owa/?RpsCsrfState=2ff57570-482b-6ef6-4a39-e875eb892f74&id=292841&aadredir=1&CBCXT=out&lw=1&fl=dob,flname,wld&cobrandid=90015",outlook.live.com,English,United States,
Microsoft,20200102T034500Z,Microsoft account,"https://outlook.live.com/owa/?RpsCsrfState=f5d99bf9-5521-330b-945f-cce0691ebb2f&id=292841&aadredir=1&CBCXT=out&lw=1&fl=dob,flname,wld&cobrandid=90015",outlook.live.com,English,United States,
Microsoft,20200102T040000Z,Microsoft account,"https://outlook.live.com/owa/?RpsCsrfState=254f4d34-d12d-4d45-676a-7d84c4a13a4e&id=292841&aadredir=1&CBCXT=out&lw=1&fl=dob,flname,wld&cobrandid=90015",outlook.live.com,English,United States,
Microsoft,20200102T090000Z,Microsoft account,"https://outlook.live.com/owa/?RpsCsrfState=65f09b54-1160-f61f-fd29-f3c263cc8570&id=292841&aadredir=1&CBCXT=out&lw=1&fl=dob,flname,wld&cobrandid=90015",outlook.live.com,English,United States,
Microsoft,20200102T080000Z,Microsoft account,"https://outlook.live.com/owa/?RpsCsrfState=70a53e08-eff7-aeda-65d3-12f4869cc115&id=292841&aadredir=1&CBCXT=out&lw=1&fl=dob,flname,wld&cobrandid=90015",outlook.live.com,English,United States,
Microsoft,20200102T081500Z,Microsoft account,"https://outlook.live.com/owa/?RpsCsrfState=71472563-6761-6064-9303-37a41a45ece4&id=292841&aadredir=1&CBCXT=out&lw=1&fl=dob,flname,wld&cobrandid=90015",outlook.live.com,English,United States,
Microsoft,20200102T061500Z,Microsoft account,"https://outlook.live.com/owa/?RpsCsrfState=9ab0bfad-dd6f-38b9-1a17-315d6d1ac549&id=292841&aadredir=1&CBCXT=out&lw=1&fl=dob,flname,wld&cobrandid=90015",outlook.live.com,English,United States,
Microsoft,20200102T053000Z,Microsoft account,"https://outlook.live.com/owa/?RpsCsrfState=5be3e83c-ccb0-9edd-ec21-9d60fe7aad66&id=292841&aadredir=1&CBCXT=out&lw=1&fl=dob,flname,wld&cobrandid=90015",outlook.live.com,English,United States,
Microsoft,20200102T063000Z,Microsoft account,"https://outlook.live.com/owa/?RpsCsrfState=ba5ebfa5-a7e4-76e4-09de-6705ee79b4e6&id=292841&aadredir=1&CBCXT=out&lw=1&fl=dob,flname,wld&cobrandid=90015",outlook.live.com,English,United States,
Microsoft,20200102T001500Z,Microsoft account,"https://outlook.live.com/owa/?RpsCsrfState=7d2b0e86-7666-1479-ad85-0968fd066709&id=292841&aadredir=1&CBCXT=out&lw=1&fl=dob,flname,wld&cobrandid=90015",outlook.live.com,English,United States,
Microsoft,20200102T073000Z,Microsoft account,"https://outlook.live.com/owa/?RpsCsrfState=f58349e0-1274-0047-aaf2-6ea4a8de83a7&id=292841&aadredir=1&CBCXT=out&lw=1&fl=dob,flname,wld&cobrandid=90015",outlook.live.com,English,United States,
Microsoft,20200102T070000Z,Microsoft account,"https://outlook.live.com/owa/?RpsCsrfState=f4a67615-732f-bbed-18d2-a7555e92857d&id=292841&aadredir=1&CBCXT=out&lw=1&fl=dob,flname,wld&cobrandid=90015",outlook.live.com,English,United States,
Microsoft,20200102T194500Z,Microsoft account,"https://outlook.live.com/owa/?RpsCsrfState=e62432b2-ba4d-4cac-83d3-10a97e68d297&id=292841&aadredir=1&CBCXT=out&lw=1&fl=dob,flname,wld&cobrandid=90015",outlook.live.com,English,United States,
Microsoft,20200102T130000Z,Microsoft account,"https://outlook.live.com/owa/?RpsCsrfState=73d42bd7-809b-94e3-72c3-8c4c3cd25e17&id=292841&aadredir=1&CBCXT=out&lw=1&fl=dob,flname,wld&cobrandid=90015",outlook.live.com,English,United States,
Microsoft,20200103T000000Z,Microsoft account,"https://outlook.live.com/owa/?RpsCsrfState=48ca0c74-8ded-5dfd-d3ec-abb7537da0ec&id=292841&aadredir=1&CBCXT=out&lw=1&fl=dob,flname,wld&cobrandid=90015",outlook.live.com,English,United States,
Microsoft,20200102T194500Z,"  There is Absolutely No Doubt  Nintendo Will Launch Switch Pro This Year , Says Analyst",https://www.gamepur.com/news/45822-anaylst-believes-nintendo-switch-pro-will-debut-2020.html,gamepur.com,English,United States,
Microsoft,20200102T100000Z,Skill development key to India inclusive growth : Microsoft,http://www.daijiworld.com/news/newsDisplay.aspx?newsID=659179,daijiworld.com,English,India,
Microsoft,20200102T181500Z,"WhatsApp to stop working on older Windows , Android and iOS smartphones in the new year",https://www.standard.co.uk/tech/whatsapp-stop-working-older-phones-ios-android-a4325016.html,standard.co.uk,English,United Kingdom,
Microsoft,20200102T021500Z,Donald Trump reste mesuré suite à lannonce de Kim Jong - un l KBS WORLD Radio,http://world.kbs.co.kr/service/news_view.htm?lang=f&Seq_Code=68233,world.kbs.co.kr,English,South Korea,
Microsoft,20200102T034500Z,Corée du Nord : Kim Jong - un se rend au palais du soleil de Geumsusan,http://world.kbs.co.kr/service/news_view.htm?lang=f&Seq_Code=68237,world.kbs.co.kr,English,South Korea,
Microsoft,20200102T034500Z,BTS ouvre le Nouvel an américain sur Times Square à New York,http://world.kbs.co.kr/service/news_view.htm?lang=f&Seq_Code=68236,world.kbs.co.kr,English,South Korea,
Microsoft,20200102T080000Z,Bourse : forte chute pour lancer 2020,http://world.kbs.co.kr/service/news_view.htm?lang=f&Seq_Code=68249,world.kbs.co.kr,English,South Korea,
Microsoft,20200102T060000Z,Les exportations en recul de plus de 10 % en 2019,http://world.kbs.co.kr/service/news_view.htm?lang=f&Seq_Code=68240,world.kbs.co.kr,English,South Korea,
Microsoft,20200102T060000Z,Ahn Cheol - soo annonce son retour sur la scène politique,http://world.kbs.co.kr/service/news_view.htm?lang=f&Seq_Code=68238,world.kbs.co.kr,English,South Korea,
Microsoft,20200102T060000Z,ONU : António Guterres exprime « sa profonde préoccupation » suite aux propos de Kim Jong - un,http://world.kbs.co.kr/service/news_view.htm?lang=f&Seq_Code=68241,world.kbs.co.kr,English,South Korea,
Microsoft,20200102T071500Z,Près de la moitié des sud - Coréens sont satisfaits de leur vie,http://world.kbs.co.kr/service/news_view.htm?lang=f&Seq_Code=68244,world.kbs.co.kr,English,South Korea,
Microsoft,20200102T073000Z,"La mairie de Séoul assure ses habitants , y compris les résidents étrangers , contre les accidents",http://world.kbs.co.kr/service/news_view.htm?lang=f&Seq_Code=68246,world.kbs.co.kr,English,South Korea,
Microsoft,20200102T070000Z,La Corée du Nord organise une grande fête du Nouvel an,http://world.kbs.co.kr/service/news_view.htm?lang=f&Seq_Code=68243,world.kbs.co.kr,English,South Korea,
Microsoft,20200102T153000Z,Jeff Bezos is still the richest person in the world,https://whdh.com/news/jeff-bezos-is-still-the-richest-person-in-the-world/,whdh.com,English,United States,
Microsoft,20200102T223000Z,In memoriam : The Microsoft apps and services we lost in 2019,https://www.windowscentral.com/memoriam-microsoft-apps-and-services-we-lost-2019,windowscentral.com,English,United States,
Microsoft,20200102T021500Z,Jeff Bezos is still the richest person in the world,https://cnnphilippines.com:443/business/2020/1/2/jeff-bezos-richest-person-2019-amazon-.html,cnnphilippines.com,English,Philippines,
Microsoft,20200102T070000Z,Phil Spencer praises Sony for integrating new storage technology for PlayStation 5,https://www.ibtimes.co.uk/phil-spencer-praises-sony-integrating-new-storage-technology-playstation-5-1673942,ibtimes.co.uk,English,United Kingdom,
Microsoft,20200102T101500Z,Prosecution Raids National Police Agency over Campaign Tip - off,http://world.kbs.co.kr/service/news_view.htm?lang=e&Seq_Code=150388,world.kbs.co.kr,English,South Korea,
Microsoft,20200102T101500Z,Unification Minister Calls for Efforts to Improve Inter - Korean Relations,http://world.kbs.co.kr/service/news_view.htm?Seq_Code=150387,world.kbs.co.kr,English,South Korea,
Microsoft,20200102T110000Z,Visiting Japanese Students Urge Apology from Abe Govt,http://world.kbs.co.kr/service/news_view.htm?lang=e&Seq_Code=150386,world.kbs.co.kr,English,South Korea,
Microsoft,20200102T110000Z,Unification Minister Calls for Efforts to Improve Inter - Korean Relations,http://world.kbs.co.kr/service/news_view.htm?lang=e&Seq_Code=150387,world.kbs.co.kr,English,South Korea,
Microsoft,20200102T110000Z,China Says Actions to Raise Tension on Korean Peninsula Not Desirable,http://world.kbs.co.kr/service/news_view.htm?lang=e&Seq_Code=150385,world.kbs.co.kr,English,South Korea,
Microsoft,20200102T110000Z,S . Koreans Continue to Refrain from Trips to Japan,http://world.kbs.co.kr/service/news_view.htm?lang=e&Seq_Code=150390,world.kbs.co.kr,English,South Korea,
Microsoft,20200102T110000Z,"S . Korea , US Resume High - Level Diplomatic Talks This Week",http://world.kbs.co.kr/service/news_view.htm?lang=e&Seq_Code=150389,world.kbs.co.kr,English,South Korea,
Microsoft,20200102T234500Z,Pentagon Chief Urges N . Korean Leader to Exercise  Restraint  ,http://world.kbs.co.kr/service/news_view.htm?lang=e&Seq_Code=150392,world.kbs.co.kr,English,South Korea,
Microsoft,20200102T091500Z,Transaction of Online Shopping Hits Record High,http://world.kbs.co.kr/service/news_view.htm?lang=e&Seq_Code=150383,world.kbs.co.kr,English,South Korea,
Microsoft,20200102T091500Z,Hyundai - Kia Aim to Sell 7 . 54 Million Vehicles in 2020,http://world.kbs.co.kr/service/news_view.htm?lang=e&Seq_Code=150384,world.kbs.co.kr,English,South Korea,
Microsoft,20200102T100000Z,China Says Actions to Raise Tension on Korean Peninsula Not Desirable,http://world.kbs.co.kr/service/news_view.htm?Seq_Code=150385,world.kbs.co.kr,English,South Korea,
Microsoft,20200103T000000Z,Court Rejects Arrest Warrant for Conservative Pastor,http://world.kbs.co.kr/service/news_view.htm?lang=e&Seq_Code=150393,world.kbs.co.kr,English,South Korea,
Microsoft,20200103T000000Z,Preemptive Fine Dust Reduction Measures Enforced in Seoul Metro Area,http://world.kbs.co.kr/service/news_view.htm?lang=e&Seq_Code=150391,world.kbs.co.kr,English,South Korea,
Microsoft,20200102T013000Z,"Top Nuke Envoys of S . Korea , US Discuss N . Korea",http://world.kbs.co.kr/service/news_view.htm?lang=e&Seq_Code=150368,world.kbs.co.kr,English,South Korea,
Microsoft,20200102T013000Z,S . Korea Urges N . Korea Not to Conduct Test of  New Strategic Weapon  ,http://world.kbs.co.kr/service/news_view.htm?Seq_Code=150369,world.kbs.co.kr,English,South Korea,
Microsoft,20200102T013000Z,S . Korea Urges N . Korea Not to Conduct Test of  New Strategic Weapon  ,http://world.kbs.co.kr/service/news_view.htm?lang=e&Seq_Code=150369,world.kbs.co.kr,English,South Korea,
Microsoft,20200102T013000Z,S . Korea Exports Fell 10 . 3 % in 2019,http://world.kbs.co.kr/service/news_view.htm?lang=e&Seq_Code=150367,world.kbs.co.kr,English,South Korea,
Microsoft,20200102T003000Z,Choo Mi - ae Becomes New Justice Minister,http://world.kbs.co.kr/service/news_view.htm?lang=e&Seq_Code=150365,world.kbs.co.kr,English,South Korea,
Microsoft,20200102T003000Z,Bolton : US Should Fully Resume Military Exercises with S . Korea,http://world.kbs.co.kr/service/news_view.htm?lang=e&Seq_Code=150366,world.kbs.co.kr,English,South Korea,
Microsoft,20200102T033000Z,Moon Vows  Clear Change  for S . Korea in New Year,http://world.kbs.co.kr/service/news_view.htm?lang=e&Seq_Code=150370,world.kbs.co.kr,English,South Korea,
Microsoft,20200102T033000Z,Pres . Moon Underlines Co - Prosperity in New Year Address,http://world.kbs.co.kr/service/news_view.htm?lang=e&Seq_Code=150372,world.kbs.co.kr,English,South Korea,
Microsoft,20200102T040000Z,S . Korea Central Bank Chief Doesnt Expect Drastic Economic Recovery in 2020,http://world.kbs.co.kr/service/news_view.htm?lang=e&Seq_Code=150371,world.kbs.co.kr,English,South Korea,
Microsoft,20200102T080000Z,KOSPI Closes Thursday Down 1 . 02 % ,http://world.kbs.co.kr/service/news_view.htm?lang=e&Seq_Code=150380,world.kbs.co.kr,English,South Korea,
Microsoft,20200102T080000Z,Rival Parties Criticize Prosecution Indictments Over  Fast - Track  Brawl,http://world.kbs.co.kr/service/news_view.htm?lang=e&Seq_Code=150379,world.kbs.co.kr,English,South Korea,
Microsoft,20200102T080000Z,Fmr . Pres . Candidate Ahn Cheol - soo Announces Plan to Return to Politics,http://world.kbs.co.kr/service/news_view.htm?lang=e&Seq_Code=150382,world.kbs.co.kr,English,South Korea,
Microsoft,20200102T061500Z,"Moon Recommits to Prosecution Reform , Peninsula Co - prosperity",http://world.kbs.co.kr/service/news_view.htm?lang=e&Seq_Code=150376,world.kbs.co.kr,English,South Korea,
Microsoft,20200102T061500Z,S . Korea Believes N . Korea  New Strategic Weapon  Could be ICBM with Multiple Warheads,http://world.kbs.co.kr/service/news_view.htm?lang=e&Seq_Code=150373,world.kbs.co.kr,English,South Korea,
Microsoft,20200102T053000Z,Defense Ministry : No Change in Stance on S . Korea - US Military Drills,http://world.kbs.co.kr/service/news_view.htm?Seq_Code=150374,world.kbs.co.kr,English,South Korea,
Microsoft,20200102T053000Z,Defense Ministry : No Change in Stance on S . Korea - US Military Drills,http://world.kbs.co.kr/service/news_view.htm?lang=e&Seq_Code=150374,world.kbs.co.kr,English,South Korea,
Microsoft,20200102T064500Z,Prosecution Indicts Dozens of Lawmakers over  Fast - Track  Brawl,http://world.kbs.co.kr/service/news_view.htm?lang=e&Seq_Code=150377,world.kbs.co.kr,English,South Korea,
Microsoft,20200102T001500Z,Trump Downplays N . Korean Leader Nuclear Threats,http://world.kbs.co.kr/service/news_view.htm?lang=e&Seq_Code=150364,world.kbs.co.kr,English,South Korea,
Microsoft,20200102T073000Z,CNN Says BTS One of 10 Most Influential Music Acts of 2010s,http://world.kbs.co.kr/service/news_view.htm?lang=e&Seq_Code=150381,world.kbs.co.kr,English,South Korea,
Microsoft,20200102T203000Z,"How Google , Microsoft , and Big Tech Are Automating the Climate Crisis",https://gizmodo.com/how-google-microsoft-and-big-tech-are-automating-the-1832790799?_ga=2.17407358.637979793.1577712079-248962609.1559160032,gizmodo.com,English,United States,
Microsoft,20200102T113000Z,Microsoft Seizes Domains to Disrupt North Korean Hackers - Infosecurity Magazine,https://www.infosecurity-magazine.com:443/news/microsoft-domains-disrupt-north/,infosecurity-magazine.com,English,United Kingdom,
Microsoft,20200102T110000Z,Microsoft Seizes Domains to Disrupt North Korean Hackers - Infosecurity Magazine,https://www.infosecurity-magazine.com/news/microsoft-domains-disrupt-north/,infosecurity-magazine.com,English,United Kingdom,
Microsoft,20200102T173000Z,Why Skill Development is Critical For India ? ,https://www.siliconindia.com/news/general/Why-Skill-Development-is-Critical-For-India-nid-211699-cid-1.html,siliconindia.com,English,India,
Microsoft,20200102T194500Z,"REFILE - US STOCKS - Wall St kicks off 2020 at record levels on China stimulus , trade hopes",https://www.reuters.com/article/usa-stocks/refile-us-stocks-wall-st-kicks-off-2020-at-record-levels-on-china-stimulus-trade-hopes-idUSL4N29722K,reuters.com,English,United States,
Microsoft,20200102T124500Z,Privacy Eraser Free 4 . 58 Build 3351,https://www.neowin.net/news/privacy-eraser-free-458-build-3351,neowin.net,English,United States,
Microsoft,20200102T191500Z,"Wall St . kicks off 2020 at record levels on China stimulus , trade hopes",https://in.reuters.com/article/usa-stocks/wall-st-kicks-off-2020-at-record-levels-on-china-stimulus-trade-hopes-idINKBN1Z10YG,in.reuters.com,English,United States,
Microsoft,20200102T201500Z,These tech stocks were the biggest winners and losers in the Seattle area for 2019,https://www.geekwire.com/2020/tech-stocks-biggest-winners-losers-seattle-area-2019/,geekwire.com,English,United States,
Microsoft,20200102T144500Z,Researchers unearth zero - day exploit in Windows OS,https://www.deccanchronicle.com/technology/in-other-news/020120/researchers-unearth-zero-day-exploit-in-windows-os.html,deccanchronicle.com,English,India,
Microsoft,20200102T204500Z,"CES 2020 : News , Reviews & Analysis From Las Vegas ( Jan 7 - 10 ) ",https://www.digitaltrends.com/ces-2020/,digitaltrends.com,English,United States,
Microsoft,20200102T094500Z,The Head of Xbox Shares What He Admires About the PS5,https://cogconnected.com/2020/01/head-xbox-shares-admires-ps5/,cogconnected.com,English,United States,
Microsoft,20200102T170000Z,"CES 2020 : Dell Interactive Touch Monitor Grows to 85 . 6 - Inches , Gets USB - C",https://www.anandtech.com/show/15235/ces-2020-dells-interactive-touch-monitor-grows-to-856inches-not-ready,anandtech.com,English,China,
Microsoft,20200102T191500Z,"CES , the tech industry big show , to feature keynote from Ivanka Trump",https://www.stltoday.com/business/ces-the-tech-industry-s-big-show-to-feature-keynote/article_acd272a5-b36b-55bd-bcc2-c675e78d1103.html,stltoday.com,English,United States,
Microsoft,20200102T174500Z,  The rich should pay more  Bill Gates calls for higher taxes on the wealthy in New Year Eve blog post,https://markets.businessinsider.com/news/stocks/bill-gates-calls-tax-hike-wealthy-new-years-eve-blog-2020-1-1028791394,markets.businessinsider.com,English,United States,
Microsoft,20200102T124500Z,Stay Tuned with the Epic Battle in the Electric Swatter Market,https://www.openpr.com/news/1888446/stay-tuned-with-the-epic-battle-in-the-electric-swatter-market,openpr.com,English,United States,
Microsoft,20200102T180000Z,Analyst Expects PS5 to Outsell Xbox Series X at Launch with Similar Price Points,http://www.pushsquare.com/news/2020/01/analyst_expects_ps5_to_outsell_xbox_series_x_at_launch_with_similar_price_points,pushsquare.com,English,Japan,
Microsoft,20200102T143000Z,  The rich should pay more  - Bill Gates calls for higher taxes on the wealthy in New Year Eve blog post,https://www.businessinsider.in/stock-market/news/the-rich-should-pay-more-bill-gates-calls-for-higher-taxes-on-the-wealthy-in-new-years-eve-blog-post/articleshow/73073077.cms,businessinsider.in,English,India,
Microsoft,20200102T224500Z,Analyst : PS5 to Outsell Xbox Series X at Launch,http://www.vgchartz.com/article/441955/analyst-ps5-to-outsell-xbox-series-x-at-launch/,vgchartz.com,English,Japan,
Microsoft,20200102T141500Z,True Wireless Earbuds that we expect to see in India in 2020,https://www.bgr.in/top-products/top-true-wireless-earbuds-that-we-expect-to-see-in-india-in-2020-sony-microsoft-redmi-airdots-oppo-amazon-bose-master-and-dynamic-867174/,bgr.in,English,India,
Microsoft,20200102T201500Z,Full Time Entry - Level Accounting Assistant,http://www.radiokorea.com/bulletin/bbs/board.php?bo_table=c_jobs&wr_id=2503128,radiokorea.com,English,United States,
Microsoft,20200102T200000Z,Full Time Entry - Level Accounting Assistant,http://www.radiokorea.com/bulletin/bbs/board.php?bo_table=c_jobs&wr_id=2503085,radiokorea.com,English,United States,
Microsoft,20200102T200000Z,Full Time Entry - Level Accounting Assistant,http://www.radiokorea.com/bulletin/bbs/board.php?bo_table=c_jobs&wr_id=2503066,radiokorea.com,English,United States,
Microsoft,20200102T110000Z,TechCentral 10 best - read articles of 2019,https://techcentral.co.za/techcentrals-10-best-read-articles-of-2019/94929/,techcentral.co.za,English,South Africa,
Microsoft,20200102T220000Z,Data Lakes Market is Booming Worldwide with CAGR of 27 . 80 % ,https://www.openpr.com/news/1888632/data-lakes-market-is-booming-worldwide-with-cagr-of-27-80,openpr.com,English,United States,
Microsoft,20200102T061500Z,Data Center and Network Third - Party Hardware Maintenance,https://www.openpr.com/news/1888013/data-center-and-network-third-party-hardware-maintenance,openpr.com,English,United States,
Microsoft,20200102T124500Z,The best software engineering conferences of 2020,https://techbeacon.com/app-dev-testing/best-software-engineering-conferences-2020,techbeacon.com,English,,
Microsoft,20200102T143000Z,"CES , the tech industry big show , to feature keynote from Ivanka Trump",https://www.seattletimes.com/business/technology/ces-the-tech-industrys-big-show-to-feature-keynote-from-ivanka-trump/,seattletimes.com,English,United States,
Microsoft,20200102T173000Z,Why Talks of a Breakup Are Now Coming From Inside Amazon House,https://markets.businessinsider.com/news/stocks/why-talks-of-a-breakup-are-now-coming-from-inside-amazons-house-1028791909,markets.businessinsider.com,English,United States,
Microsoft,20200102T200000Z,Bill Gates Calls for Taxing the Rich in New Year Eve Blog Post,https://www.breitbart.com/economy/2020/01/02/bill-gates-calls-for-taxing-the-rich-in-new-years-eve-blog-post/,breitbart.com,English,United States,
Microsoft,20200102T153000Z,Dell made an 86 - inch touchscreen monitor for the workplace,https://www.engadget.com/2020/01/02/dell-86-4k-interactive-touch-monitor-office/,engadget.com,English,Japan,
Microsoft,20200102T080000Z,2019 was the year Silicon Valley  disruption  myth was shattered,https://www.telegraph.co.uk/technology/2020/01/02/2019-year-silicon-valleys-disruption-myth-shattered/,telegraph.co.uk,English,United Kingdom,
Microsoft,20200102T164500Z,Why Talks of a Breakup Are Now Coming From Inside Amazon House,https://investorplace.com/2020/01/why-talks-of-a-breakup-are-now-coming-from-inside-amazons-house/,investorplace.com,English,United States,
Microsoft,20200102T164500Z,Researchers discover vulnerability on versions of Windows OS,http://www.asianage.com/technology/in-other-news/020120/researchers-discover-vulnerability-on-versions-of-windows-os.html,asianage.com,English,India,
Microsoft,20200103T000000Z,Bill Gates Ends the Decade Pushing for Higher Taxes on the Rich,https://finance.yahoo.com/news/bill-gates-ends-decade-pushing-225147997.html,finance.yahoo.com,English,United States,
Microsoft,20200102T163000Z,8 capabilities that should be among your 2020 SharePoint intranet resolutions,https://www.computerworld.com/article/3511942/8-capabilities-that-should-be-among-your-2020-sharepoint-intranet-resolutions.html,computerworld.com,English,United States,
Microsoft,20200102T160000Z,"Barricades Market Analysis By Regional Outlook , Competitive",https://www.openpr.com/news/1888547/barricades-market-analysis-by-regional-outlook-competitive,openpr.com,English,United States,
Microsoft,20200102T131500Z,Employee Monitoring Software Market Set for Rapid Growth,https://www.openpr.com/news/1888544/employee-monitoring-software-market-set-for-rapid-growth,openpr.com,English,United States,
Microsoft,20200102T121500Z,Bot Services Market – Emerging Trends may Make Driving Growth Volatile - Press Release,http://www.digitaljournal.com/pr/4546943,digitaljournal.com,English,United States,
Microsoft,20200102T194500Z,"Looking back : Trever Noah digital signage , Kroger dominate 10 news items of 2019",https://www.digitalsignagetoday.com/articles/looking-back-trever-noah-digital-signage-kroger-dominate-10-news-items-of-2019/,digitalsignagetoday.com,English,United States,
Microsoft,20200102T160000Z,7 game - changing moments for open technologies in 2019,https://www.information-age.com/7-game-changing-moments-open-technologies-2019-123486710/,information-age.com,English,United Kingdom,
Microsoft,20200102T213000Z,"CES , the tech industry big show , to feature keynote from Ivanka Trump",https://missoulian.com/business/ces-the-tech-industry-s-big-show-to-feature-keynote/article_0e2021b6-eb3e-5aaa-8cbe-c5535e36575c.html,missoulian.com,English,United States,
Microsoft,20200102T153000Z,Who the world richest person ? Jeff Bezos still the champ,https://www.wraltechwire.com/2020/01/02/whos-the-worlds-richest-person-jeff-bezos-still-the-champ/,wraltechwire.com,English,United States,
Microsoft,20200102T070000Z,"Your data may now be sold for an official fee to govt , private entities : Report",https://www.msn.com/en-in/news/other/your-data-may-now-be-sold-for-an-official-fee-to-govt-private-entities-report/ar-BBYxk8L,msn.com,English,United States,
Microsoft,20200102T230000Z,Military plane crash in Sudan West Darfur leaves 18 dead,https://www.msn.com/en-us/news/world/military-plane-crash-in-sudans-west-darfur-leaves-18-dead/ar-BBYyC7a,msn.com,English,United States,
Microsoft,20200103T000000Z,The 10 Hottest New 2 - in - 1 Laptops And Tablets Of 2019,https://www.crn.com/slide-shows/mobility/the-10-hottest-new-2-in-1-laptops-and-tablets-of-2019,crn.com,English,United States,
Microsoft,20200102T154500Z,"SOS Forum • Driver , getting shot of",https://www.soundonsound.com/forum/viewtopic.php?f=20&t=69551&p=641688&hilit=,soundonsound.com,English,United Kingdom,
Microsoft,20200102T210000Z,"CES , the tech industry big show , to feature keynote from Ivanka Trump",https://www.nwitimes.com/business/ces-the-tech-industry-s-big-show-to-feature-keynote/article_82860491-47eb-5a3f-9c39-7ad50409a7ea.html,nwitimes.com,English,United States,
Microsoft,20200102T120000Z,2020 : The year the office finds its voice ? ,https://www.computerworld.com/article/3509470/2020-the-year-the-office-finds-its-voice.html,computerworld.com,English,United States,
Microsoft,20200102T011500Z,Target Sale News : Best New Deals Best Black Friday Prices [ Updated ] ,https://www.forbes.com/sites/gordonkelly/2020/01/01/target-sale-airpods-pro-iphone-11-pro-max-xbox-ps4-pro-tv-deals/,forbes.com,English,United States,
Microsoft,20200102T064500Z,"Your data may now be sold for an official fee to govt , private entities : Report",https://www.moneycontrol.com/news/business/your-data-may-now-be-sold-for-an-official-fee-to-govt-private-entities-report-4779291.html,moneycontrol.com,English,India,
Microsoft,20200102T070000Z,"PlayStation 5 : Developers find it easy to program for hardware , which is great news for fans",https://www.ibtimes.co.uk/playstation-5-developers-find-it-easy-program-hardware-which-great-news-fans-1673932,ibtimes.co.uk,English,United Kingdom,
Microsoft,20200102T193000Z,Kick off 2020 with lifetime access to world - class certification course 98 % off,https://pocketnow.com/kick-off-2020-with-lifetime-access-to-world-class-certification-course-now-98-off,pocketnow.com,English,China,
Microsoft,20200102T121500Z,"5 tech that will explode in your life this decade , IT News , ET CIO",https://cio.economictimes.indiatimes.com/news/corporate-news/5-tech-that-will-explode-in-your-life-this-decade/73070917,cio.economictimes.indiatimes.com,English,India,
Microsoft,20200102T130000Z,5 tech trends that will explode in your life this decade,https://www.hindustantimes.com/tech/5-tech-trends-that-will-explode-in-your-life-this-decade/story-qGm2IwETiWwRRuuJk3dbPP.html,hindustantimes.com,English,India,
Microsoft,20200102T170000Z,CES 2020 : Dell 360 - Degree Latitude 9510 to Offer 30 Hrs Battery and 5G Modem,https://www.anandtech.com/show/15237/ces-2020-dell-latitude-9510,anandtech.com,English,China,
Microsoft,20200102T114500Z,5 tech that will explode in your life this decade,https://www.prokerala.com/news/articles/a993129.html,prokerala.com,English,India,
Microsoft,20200102T034500Z,BizDevOps Consultant - ALM Microsoft focus - Job at Realdolmen in Brussel,https://www.stepstone.be/jobs--BizDevOps-Consultant-ALM-Microsoft-focus-Brussel-Realdolmen--1775920-inline.html,stepstone.be,English,Belgium,
Microsoft,20200102T120000Z,5 tech that will explode in your life this decade,http://www.daijiworld.com/news/newsDisplay.aspx?newsID=659250,daijiworld.com,English,India,
Microsoft,20200102T171500Z,"Gadgets : Gadgets that could vanish in this decade , Telecom News , ET Telecom",https://telecom.economictimes.indiatimes.com/news/gadgets-that-could-vanish-in-this-decade/73075161,telecom.economictimes.indiatimes.com,English,India,
Microsoft,20200102T231500Z,Bill Gates says the rich should pay more in taxes,https://thehill.com/policy/finance/476573-bill-gates-says-the-rich-should-pay-more-in-taxes,thehill.com,English,United States,
Microsoft,20200102T134500Z,Gadgets that could vanish in this decade,https://www.prokerala.com/news/articles/a993181.html,prokerala.com,English,India,
Microsoft,20200102T140000Z,2020 : The year the office finds its voice ? ,https://www.itworld.com/article/3509470/2020-the-year-the-office-finds-its-voice.html,itworld.com,English,United States,
Microsoft,20200102T141500Z,Gadgets that could vanish in this decade - Daijiworld . com,http://www.daijiworld.com/news/newsDisplay.aspx?newsID=659307,daijiworld.com,English,India,
Microsoft,20200102T164500Z,Dell Mobile Connect will soon let you control your iPhone from your laptop,https://betanews.com/2020/01/02/dell-mobile-connect-iphone-windows-10/,betanews.com,English,United States,
Microsoft,20200102T134500Z,Walmart Best New Deals Beat Black Friday Prices [ Updates ] ,https://www.forbes.com/sites/gordonkelly/2020/01/02/walmart-alert-airpods-iphones-xbox-ps4-4k-tv-deals-beat-black-friday/,forbes.com,English,United States,
Microsoft,20200102T011500Z,Walmart Sale Alert : Best Deals Best Black Friday Prices [ Updated ] ,https://www.forbes.com/sites/gordonkelly/2020/01/01/walmart-alert-airpods-iphones-xbox-ps4-4k-tv-deals-beat-black-friday/,forbes.com,English,United States,
Microsoft,20200102T153000Z,How Twitch can avoid a tough 2020 - Business Insider,https://www.businessinsider.com/how-twitch-can-avoid-a-tough-2020-2020-1,businessinsider.com,English,United States,
Microsoft,20200102T194500Z,"Analysts Agree That Switch Will Be King In 2020 , Less Sure About The Switch Pro",http://www.nintendolife.com/news/2020/01/analysts_agree_that_switch_will_be_king_in_2020_less_sure_about_the_switch_pro,nintendolife.com,English,Japan,
Microsoft,20200102T221500Z,"ORHub , Inc . and eHealthAnalytics Announce a Strategic Relationship to Improve Cost Transparency and Device Success",https://www.prweb.com/releases/orhub_inc_and_ehealthanalytics_announce_a_strategic_relationship_to_improve_cost_transparency_and_device_success/prweb16804694.htm,prweb.com,English,United States,
Microsoft,20200102T060000Z,Retail Cloud Market Value with Status and Outlook 2020 - 2026,https://www.marketwatch.com/press-release/retail-cloud-market-value-with-status-and-outlook-2020-2026-2020-01-02,marketwatch.com,English,United States,
Microsoft,20200102T094500Z,"Free adult learning courses for literacy , cooking and internet skills available",https://www.swindonadvertiser.co.uk/news/18132982.free-adult-learning-courses-literacy-cooking-internet-skills-available/,swindonadvertiser.co.uk,English,United Kingdom,
Microsoft,20200102T174500Z,Google Banks on New AI Model to Detect Breast Cancer Early,https://finance.yahoo.com/news/google-banks-ai-model-detect-164804063.html,finance.yahoo.com,English,United States,
Microsoft,20200102T044500Z,Is Vanguard US Total Market Shares Index ETF the best investment option for 2020 ? ,https://www.fool.com.au/2020/01/02/is-vanguard-us-total-market-shares-index-etf-the-best-investment-option-for-2020/,fool.com.au,English,Australia,
Microsoft,20200102T233000Z,"CES , the tech industry big show , to feature keynote from Ivanka Trump",https://siouxcityjournal.com/business/ces-the-tech-industry-s-big-show-to-feature-keynote/article_b93599eb-a943-579b-8283-c0f0a6564c70.html,siouxcityjournal.com,English,United States,
Microsoft,20200102T194500Z,Expect  Big News  From A  Full Speed  PlatinumGames This Year,http://www.nintendolife.com/news/2020/01/expect_big_news_from_a_full_speed_platinumgames_this_year,nintendolife.com,English,Japan,
Microsoft,20200102T173000Z,Dell Mobile Connect will let you share files and mirror your screen from iOS to Windows 10,https://www.neowin.net/news/dell-mobile-connect-will-let-you-share-files-and-mirror-your-screen-from-ios-to-windows-10,neowin.net,English,United States,
Microsoft,20200102T224500Z,Dell Mobile Connect will let you share files and mirror your screen from iOS to Windows 10,https://www.neowin.net/news/dell-mobile-connect-will-let-you-share-files-and-mirror-your-screen-from-ios-to-windows-10/,neowin.net,English,United States,
Microsoft,20200102T224500Z,Tesla Might Become  Trillion Dollar Company  Due To China,https://www.ibtimes.com/tesla-might-become-trillion-dollar-company-due-china-2894315,ibtimes.com,English,United States,
Microsoft,20200102T124500Z,Intel NUC 10 mini PC now available from $679,https://www.geeky-gadgets.com/intel-nuc-10-mini-pc-02-01-2020/,geeky-gadgets.com,English,United Kingdom,
Microsoft,20200102T060000Z,AMD teases it will push the high - performance computing envelope at CES,https://www.tweaktown.com/news/69588/amd-teases-push-high-performance-computing-envelope-ces/,tweaktown.com,English,United States,
Microsoft,20200102T210000Z,Accounting Associate & More Positions | 라디오코리아,http://www.radiokorea.com/community/jobs_ads_view.php?id=7122,radiokorea.com,English,United States,
Microsoft,20200102T043000Z,Fahad AlShamamri - Project Director - MOBILE SYSTEM INTERNATIONAL CONSULTANCY,https://www.bebee.com/bee/fahad-alshamamri,bebee.com,English,,
Microsoft,20200102T170000Z,This résumé app can help you land your dream job in 2020,https://nypost.com/2020/01/02/this-resume-app-can-help-you-land-your-dream-job-in-2020/,nypost.com,English,United States,
Microsoft,20200102T133000Z,Windows Phone Users say  Auld Lang Syne  to WhatsApp today,https://mspoweruser.com/windows-phone-users-say-auld-lang-syne-to-whatsapp-today/,mspoweruser.com,English,United States,
Microsoft,20200102T231500Z,Weekend Agenda - The Boston Globe,https://www.bostonglobe.com/business/2020/01/02/weekend-agenda/G6IUxk2t0yWBaNTA116JyM/story.html,bostonglobe.com,English,United States,
Microsoft,20200102T163000Z,Apple chip partner TSMC to start 5nm  A14  production in mid - 2020 - General Discussion Discussions on AppleInsider Forums,https://forums.appleinsider.com/discussion/214144/apple-chip-partner-tsmc-to-start-5nm-a14-production-in-mid-2020,forums.appleinsider.com,English,United States,
Microsoft,20200102T183000Z,Amazon and Google to hit CES with digital assistants in tow,https://siouxcityjournal.com/business/amazon-and-google-to-hit-ces-with-digital-assistants-in/article_6d5266fa-ddb7-5661-9b55-66f2fab0202b.html,siouxcityjournal.com,English,United States,
Amazon,20200102T121500Z,"Amazon Echo Input portable review : This next - gen smart speaker cuts wires | Technology News , The Indian Express",https://indianexpress.com/article/technology/tech-reviews/amazon-echo-input-portable-review-this-next-gen-smart-speaker-cuts-wires-6196141/,indianexpress.com,English,India,
Amazon,20200102T074500Z,Is It Too Late to Stop Amazon ? ,https://www.gizmodo.co.uk/2020/01/is-it-too-late-to-stop-amazon/,gizmodo.co.uk,English,United Kingdom,
Amazon,20200102T073000Z,"Future group : Future  sabse saste din  sale to debut on Amazon , Retail News , ET Retail",https://retail.economictimes.indiatimes.com/news/e-commerce/e-tailing/futures-sabse-saste-din-sale-to-debut-on-amazon/73063883,retail.economictimes.indiatimes.com,English,India,
Amazon,20200102T143000Z,Is This The Beginning Of  Amazon Apocalypse ? ,https://www.forbes.com/sites/stephenmcbride1/2020/01/02/is-this-the-beginning-of-amazons-apocalypse/,forbes.com,English,United States,
Amazon,20200102T231500Z,"Amazon threatens to fire employees who speak up about climate , environment",https://www.cbsnews.com/news/amazon-threatens-to-fire-employees-who-speak-up-about-climate-environment/,cbsnews.com,English,United States,
Amazon,20200102T180000Z,"Amazon threatened to fire employees for speaking out on climate , workers say",https://www.theguardian.com/technology/2020/jan/02/amazon-threatened-fire-employees-speaking-out-climate-change-workers-say,theguardian.com,English,United Kingdom,
Amazon,20200102T173000Z,Why Talks of a Breakup Are Now Coming From Inside Amazon House,https://markets.businessinsider.com/news/stocks/why-talks-of-a-breakup-are-now-coming-from-inside-amazons-house-1028791909,markets.businessinsider.com,English,United States,
Amazon,20200102T230000Z,Amazon threatens to fire employees demanding climate justice,https://www.salon.com/2020/01/02/amazon-threatens-to-fire-employees-demanding-climate-justice-report/,salon.com,English,United States,
Amazon,20200102T034500Z,Future  sabse saste din  sale to debut on Amazon,https://economictimes.indiatimes.com/industry/services/retail/futures-sabse-saste-din-sale-to-debut-on-amazon/articleshow/73063476.cms,economictimes.indiatimes.com,English,India,
Amazon,20200102T043000Z,Future  sabse saste din  sale to debut on Amazon,http://articles.economictimes.indiatimes.com/industry/services/retail/futures-sabse-saste-din-sale-to-debut-on-amazon/articleshow/73063476.cms,articles.economictimes.indiatimes.com,English,India,
Amazon,20200102T043000Z,This Republic Day Amazon to hold  sabse saste din  sale - Latest News,https://www.gadgetsnow.com/tech-news/this-republic-day-amazon-to-hold-sabse-saste-din-sale/articleshow/73063795.cms,gadgetsnow.com,English,India,
Amazon,20200102T211500Z,Amazon employees say they wont stop pushing the company on climate,https://www.businessinsider.com/amazon-employees-climate-change-stop-2020-1,businessinsider.com,English,United States,
Amazon,20200102T171500Z,Amazon allegedly threatened to fire employees for speaking out on climate change,https://www.cnet.com/news/amazon-allegedly-threatened-to-fire-employees-for-speaking-out-on-climate-change/,cnet.com,English,Japan,
Amazon,20200102T201500Z,Amazon threatens to fire employees who speak out on climate change,https://www.cnbc.com/2020/01/02/amazon-threatens-to-fire-employees-who-speak-out-on-climate-change.html,cnbc.com,English,United States,
Amazon,20200102T164500Z,Why Talks of a Breakup Are Now Coming From Inside Amazon House,https://investorplace.com/2020/01/why-talks-of-a-breakup-are-now-coming-from-inside-amazons-house/,investorplace.com,English,United States,
Amazon,20200102T221500Z,"Amazon employees say they wont stop pushing the company on climate change , despite fears of being fired",https://www.businessinsider.in/tech/enterprise/news/amazon-employees-say-they-wont-stop-pushing-the-company-on-climate-change-despite-fears-of-being-fired/articleshow/73076997.cms,businessinsider.in,English,India,
Amazon,20200102T180000Z,Amazon threatens to fire employees who speak out about its climate policies,https://bgr.com/2020/01/02/amazon-employees-climate-change-possible-termination/,bgr.com,English,United States,
Amazon,20200102T094500Z,Selling on Amazon : Just Do It,https://wwd.com/business-news/business-features/nike-amazon-think-tank-croud-1203408105/,wwd.com,English,United States,
Amazon,20200102T223000Z,Amazon workers clash with company over climate change,https://tucson.com/news/national/amazon-workers-clash-with-company-over-climate-change/article_36813c0f-e0bc-531a-9f64-a4c399bb148e.html,tucson.com,English,United States,
Amazon,20200102T171500Z,Amazon Shows Why It Investing So Much In Logistics,https://www.fool.com/investing/2020/01/02/amazon-shows-why-its-investing-so-much-in-logistic.aspx,fool.com,English,United States,
Amazon,20200102T224500Z,Amazon Shows Why It Investing So Much In Logistics,https://www.fool.com/investing/2020/01/02/amazon-shows-why-its-investing-so-much-in-logistic.aspx?source=iedfolrf0000001,fool.com,English,United States,
Amazon,20200102T191500Z,Climate activism vs . free speech : Amazon warns employees that they could be fired for speaking publicly without approval,https://www.geekwire.com/2020/climate-activism-vs-free-speech-amazon-warns-employees-fired-speaking-publicly-without-approval/,geekwire.com,English,United States,
Amazon,20200102T193000Z,Amazon threatens to fire employees for climate activism,https://thehill.com/changing-america/respect/equality/476538-amazon-threatens-to-fire-employees-for-climate-activism,thehill.com,English,United States,
Amazon,20200102T233000Z,Amazon Threatens to Fire Employees Who Speak Out on Climate Change,https://www.nbcwashington.com/news/national-international/amazon-threatens-fire-employees-climate-change/2195423/,nbcwashington.com,English,United States,
Amazon,20200102T211500Z,Amazon Shows Why It Investing So Much In Logistics,https://www.nasdaq.com/articles/amazon-shows-why-its-investing-so-much-in-logistics-2020-01-02,nasdaq.com,English,United States,
Amazon,20200102T211500Z,Amazon Shows Why It Investing So Much In Logistics,https://www.msn.com/en-us/finance/companies/amazon-shows-why-it-e2-80-99s-investing-so-much-in-logistics/ar-BBYypNF,msn.com,English,United States,
Amazon,20200102T231500Z,"Amazon Threatens to Fire Climate Activists , Group Says",https://www.newsmax.com/finance/streettalk/amazon-fire-climate-activists/2020/01/02/id/948137/,newsmax.com,English,United States,
Amazon,20200102T233000Z,Pick up your first reads of 2020 for free with this Amazon Prime offer,https://www.androidcentral.com/pick-your-first-reads-2020-free-amazon-prime-offer,androidcentral.com,English,China,
Amazon,20200102T220000Z,Pick up your first reads of 2020 for free with this Amazon Prime offer,https://www.imore.com/pick-your-first-reads-2020-free-amazon-prime-offer,imore.com,English,United States,
Amazon,20200102T223000Z,Pick up your first reads of 2020 for free with this Amazon Prime offer,https://www.windowscentral.com/pick-your-first-reads-2020-free-amazon-prime-offer,windowscentral.com,English,United States,
Amazon,20200102T190000Z,Amazon threatens to fire workers who criticized climate policies,https://nypost.com/2020/01/02/amazon-threatens-to-fire-workers-who-criticized-climate-policies/,nypost.com,English,United States,
Amazon,20200102T171500Z,"Amazon Threatened to Fire Climate Activists , Employee Group Says",https://finance.yahoo.com/news/amazon-threatened-fire-climate-activists-161520082.html,finance.yahoo.com,English,United States,
Amazon,20200102T201500Z,Amazon workers group says members were threatened with termination after speaking out on climate impact,https://www.marketwatch.com/story/amazon-workers-group-says-members-were-threatened-with-termination-after-speaking-out-on-climate-impact-2020-01-02,marketwatch.com,English,United States,
Amazon,20200102T191500Z,"Amazon threatened to fire climate activists , employees say",https://www.latimes.com/business/technology/story/2020-01-02/amazon-climate-activists-employees,latimes.com,English,United States,
Amazon,20200102T223000Z,Amazon Threatens to Fire Employees Who Speak Out on Climate Change,https://www.nbcbayarea.com/news/national-international/amazon-threatens-fire-employees-climate-change/2209370/,nbcbayarea.com,English,United States,
Amazon,20200103T000000Z,Amazon Threatens to Fire Employees Who Speak Out on Climate Change,https://www.nbcchicago.com/news/national-international/amazon-threatens-fire-employees-climate-change/2195551/,nbcchicago.com,English,United States,
Amazon,20200102T211500Z,Amazon Employees Among Most Common Donors to Bernie Sanders Campaign in Last Quarter of 2019,https://www.newsweek.com/amazon-employees-among-most-common-donors-bernie-sanders-campaign-1480133,newsweek.com,English,United States,
Amazon,20200102T194500Z,Amazon workers clash with company over climate change,https://www.chron.com/news/article/Amazon-workers-clash-with-company-over-climate-14945217.php,chron.com,English,United States,
Amazon,20200102T193000Z,Amazon workers clash with company over climate change,https://www.sfgate.com/news/article/Amazon-workers-clash-with-company-over-climate-14945217.php,sfgate.com,English,United States,
Amazon,20200103T000000Z,Amazon Reportedly Censors Employees Over Environmentalism,https://www.newsbusters.org/blogs/techwatch/alexander-hall/2020/01/02/amazon-reportedly-censors-employees-over-environmentalism,newsbusters.org,English,United States,
Amazon,20200102T203000Z,Amazon Threatens to Fire Employees Who Speak Out on Climate Change,https://www.nbcphiladelphia.com/news/national-international/amazon-threatens-fire-employees-climate-change/2269667/,nbcphiladelphia.com,English,United States,
Amazon,20200102T191500Z,  Sabse Saste Din  sale now on Amazon too ! Kishore Biyani - led Future Group tie - up with e - commerce giant,https://www.financialexpress.com/lifestyle/sabse-saste-din-sale-now-on-amazon-too-kishore-biyani-led-future-group-tie-up-with-e-commerce-giant/1811174/,financialexpress.com,English,India,
Amazon,20200102T193000Z,High Capacity 24000 mAh Portable Charger only $21 . 75 ( reg . $39 . 99 ) :: WRAL . com,https://www.wral.com/high-capacity-24000-mah-portable-charger-only-21-75-reg-39-99/18864302/,wral.com,English,United States,
Amazon,20200102T133000Z,Wireless Bluetooth Earbuds with Portable Charging Case only $25 . 27 ( 58 % off ) :: WRAL . com,https://www.wral.com/wireless-bluetooth-earbuds-with-portable-charging-case-only-25-27-58-off/18863960/,wral.com,English,United States,
Amazon,20200102T130000Z,Working with robots leads to new dangers in warehouses,https://www.app.com/story/money/business/career/2020/01/02/working-robots-leads-new-dangers-warehouses/2775854001/,app.com,English,United States,
Amazon,20200102T194500Z,Amazon workers clash with company over climate change,https://www.seattlepi.com/news/article/Amazon-workers-clash-with-company-over-climate-14945217.php,seattlepi.com,English,United States,
Amazon,20200102T163000Z,Amazon reportedly threatened to fire employees who spoke out against company policies,https://news.yahoo.com/amazon-reportedly-threatened-fire-employees-152021924.html,news.yahoo.com,English,United States,
Amazon,20200102T220000Z,Amazon  threatens to fire employees who publicly criticized company environmental policies  ,https://www.dailymail.co.uk/news/article-7846205/Amazon-threatens-fire-employees-publicly-criticized-companys-environmental-policies.html,dailymail.co.uk,English,United Kingdom,
Amazon,20200103T000000Z,Amazon Threatens to Fire Employees Who Speak Out on Climate Change,https://www.nbcmiami.com/news/national-international/amazon-threatens-fire-employees-climate-change/2172358/,nbcmiami.com,English,United States,
Amazon,20200102T160000Z,Amazon threatens to fire employees who spoke out : report,https://www.businessinsider.com/amazon-threatens-employees-who-spoke-out-report-2020-1?amp%3Bc=17733035764938541776,businessinsider.com,English,United States,
Amazon,20200102T154500Z,Amazon threatens to fire employees who spoke out : report,https://www.businessinsider.com/amazon-threatens-employees-who-spoke-out-report-2020-1,businessinsider.com,English,United States,
Amazon,20200102T203000Z,"Amazon threatened to fire climate activists , employee group says",https://www.bnnbloomberg.ca/amazon-threatened-to-fire-climate-activists-employee-group-says-1.1368435,bnnbloomberg.ca,English,Canada,
Amazon,20200102T131500Z,Amazon threatens to fire critics who are outspoken on its environmental policies,https://www.washingtonpost.com/technology/2020/01/02/amazon-threatens-fire-outspoken-employee-critics-its-environmental-policies/,washingtonpost.com,English,United States,
Amazon,20200102T194500Z,Amazon workers clash with company over climate change,https://abcnews.go.com/Business/wireStory/amazon-workers-clash-company-climate-change-68034713,abcnews.go.com,English,United States,
Amazon,20200102T214500Z,Employees clash with Amazon over climate change,https://www.pbs.org/newshour/nation/employees-clash-with-amazon-over-climate-change,pbs.org,English,United States,
Amazon,20200102T204500Z,Workers say Amazon is threatening to fire them for pushing company to act on climate change,http://www.chicagotribune.com/business/ct-biz-amazon-climate-change-20200102-cjchtfm5xze23hscen4bufchky-story.html,chicagotribune.com,English,United States,
Amazon,20200102T194500Z,Amazon workers clash with company over climate change,https://www.seattletimes.com/business/amazon-workers-clash-with-company-over-climate-change/,seattletimes.com,English,United States,
Amazon,20200102T193000Z,ACT NOW ! Tell Amazon to Stop Selling Disgraceful  Secret Hitler  Game ! ,https://unitedwithisrael.org/act-now-tell-amazon-to-stop-selling-disgraceful-secret-hitler-game/,unitedwithisrael.org,English,Israel,
Amazon,20200102T150000Z,Amazon threatens to fire critics who are outspoken on its environmental policies,https://www.chron.com/neighborhood/business/article/Amazon-threatens-to-fire-critics-who-are-14944607.php,chron.com,English,United States,
Amazon,20200102T150000Z,Amazon threatens to fire critics who are outspoken on its environmental policies,https://www.chron.com/business/article/Amazon-threatens-to-fire-critics-who-are-14944607.php,chron.com,English,United States,
Amazon,20200102T154500Z,Amazon threatens to fire critics who are outspoken on its environmental policies,https://www.sfgate.com/business/article/Amazon-threatens-to-fire-critics-who-are-14944463.php,sfgate.com,English,United States,
Amazon,20200102T190000Z,"Amazon threatens to fire climate activists , group says",http://www.msn.com/en-us/money/companies/amazon-threatens-to-fire-climate-activists-group-says/ar-BBYysmW,msn.com,English,United States,
Amazon,20200102T193000Z,Amazon workers clash with company over climate change,http://www.startribune.com/amazon-workers-clash-with-company-over-climate-change/566656761/,startribune.com,English,United States,
Amazon,20200102T201500Z,Workers say Amazon is threatening to fire them for pushing company to act on climate change,http://www.baltimoresun.com/news/nation-world/ct-biz-amazon-climate-change-20200102-cjchtfm5xze23hscen4bufchky-story.html,baltimoresun.com,English,United States,
Amazon,20200102T203000Z,Amazon workers clash with company over climate change,https://whdh.com/news/amazon-workers-clash-with-company-over-climate-change/,whdh.com,English,United States,
Amazon,20200102T194500Z,Workers say Amazon is threatening to fire them for pushing company to act on climate change,http://www.orlandosentinel.com/news/nationworld/ct-biz-amazon-climate-change-20200102-cjchtfm5xze23hscen4bufchky-story.html,orlandosentinel.com,English,United States,
Amazon,20200102T173000Z,Amazon reportedly threatened to fire employees who spoke out against company policies,https://markets.businessinsider.com/news/stocks/amazon-threatens-employees-who-spoke-out-report-2020-1-1028791731,markets.businessinsider.com,English,United States,
Amazon,20200102T231500Z,Amazon workers clash with company over climate change,https://triblive.com/news/wire-stories/amazon-workers-clash-with-company-over-climate-change/,triblive.com,English,United States,
Amazon,20200103T000000Z,Amazon workers clash with company over climate change,https://www.cp24.com/world/amazon-workers-clash-with-company-over-climate-change-1.4750845,cp24.com,English,Canada,
Amazon,20200102T201500Z,Amazon threatens to fire workers who are outspoken on its environmental policies,https://www.seattletimes.com/business/amazon-threatens-to-fire-workers-who-are-outspoken-on-its-environmental-policies/,seattletimes.com,English,United States,
Amazon,20200102T200000Z,Amazon threatens to fire employees who criticize its environmental policies : report,https://www.foxnews.com/tech/amazon-threatens-to-fire-employees-who-criticize-its-environmental-policies-report,foxnews.com,English,United States,
Amazon,20200102T203000Z,Amazon Threatens to Fire Employees Who Spoke Out on Climate Change,https://earther.gizmodo.com/amazon-threatens-to-fire-employees-who-spoke-out-about-1840776741,earther.gizmodo.com,English,United States,
Amazon,20200102T214500Z,Amazon workers clash with company over climate change,https://wtop.com/business-finance/2020/01/amazon-workers-clash-with-company-over-climate-change/,wtop.com,English,United States,
Amazon,20200102T214500Z,Amazon workers clash with company over climate change,https://www.staradvertiser.com/2020/01/02/breaking-news/amazon-workers-clash-with-company-over-climate-change/,staradvertiser.com,English,United States,
Amazon,20200102T221500Z,Amazon workers clash with company over climate change,https://www.ctpost.com/news/article/Amazon-workers-clash-with-company-over-climate-14945217.php,ctpost.com,English,United States,
Amazon,20200102T134500Z,Amazon Best New Deals Beat Black Friday Prices [ Updated ] ,https://www.forbes.com/sites/gordonkelly/2020/01/02/amazon-sale-iphone-airpods-pro-macbook-pro-ps4-pro-xbox-galaxy-echo-kindle-tv-deals/,forbes.com,English,United States,
Amazon,20200102T001500Z,Amazon Sale Alert : Best New Deals Beat Black Friday Prices [ Updated ] ,https://www.forbes.com/sites/gordonkelly/2020/01/01/amazon-sale-iphone-airpods-pro-macbook-pro-ps4-pro-xbox-galaxy-echo-kindle-tv-deals/,forbes.com,English,United States,
Amazon,20200102T080000Z,"Sameer Batra : Airtel broadband CEO Sameer Batra quits ; joins Amazon , Telecom News , ET Telecom",https://telecom.economictimes.indiatimes.com/news/airtels-broadband-ceo-sameer-batra-quits-joins-amazon/73064708,telecom.economictimes.indiatimes.com,English,India,
Amazon,20200102T201500Z,Amazon workers clash with company over climate change,https://lacrossetribune.com/news/national/amazon-workers-clash-with-company-over-climate-change/article_dd13e0ec-5ce3-5373-a1c0-4f7a19185d1c.html,lacrossetribune.com,English,United States,
Amazon,20200102T223000Z,Amazon Threatens to Fire Employees Who Spoke Out About Its Climate Failures,https://www.gizmodo.co.uk/2020/01/amazon-threatens-to-fire-employees-who-spoke-out-about-its-climate-failures/,gizmodo.co.uk,English,United Kingdom,
Amazon,20200102T203000Z,Amazon workers clash with company over climate change,https://www.thestar.com/news/world/us/2020/01/02/amazon-workers-clash-with-company-over-climate-change.html,thestar.com,English,Canada,
Amazon,20200102T181500Z,Best 2020 Planners : The Top - Rated 2020 Agendas On Amazon,https://www.cnn.com/2020/01/02/cnn-underscored/best-2020-planners/,cnn.com,English,United States,
Amazon,20200102T193000Z,Amazon workers clash with company over climate change,https://www.680news.com/2020/01/02/amazon-workers-clash-with-company-over-climate-change/,680news.com,English,Canada,
Amazon,20200102T193000Z,Amazon workers clash with company over climate change,https://www.stamfordadvocate.com/news/article/Amazon-workers-clash-with-company-over-climate-14945217.php,stamfordadvocate.com,English,United States,
Amazon,20200102T160000Z,Future Group  Sabse Saste Din  sale to be live on Amazon too,https://www.business-standard.com/article/pti-stories/future-group-s-sabse-saste-din-sale-to-be-live-on-amazon-too-120010201120_1.html,business-standard.com,English,India,
Amazon,20200102T170000Z,Future Group  Sabse Saste Din  sale to be live on Amazon too,https://www.businessinsider.in/business/news/future-groups-sabse-saste-din-sale-to-be-live-on-amazon-too/articleshow/73074099.cms,businessinsider.in,English,India,
Amazon,20200102T211500Z,Amazon workers clash with company over climate change,https://www.greenwichtime.com/news/article/Amazon-workers-clash-with-company-over-climate-14945217.php,greenwichtime.com,English,United States,
Amazon,20200102T181500Z,Employee Climate Group Claims Amazon Threatened Firings for Speaking Out,https://www.insurancejournal.com/news/national/2020/01/02/553404.htm,insurancejournal.com,English,United States,
Amazon,20200102T123000Z,Ambarella Enables Artificial Intelligence on a Wide Range of Connected Cameras Using Amazon SageMaker Neo,https://business.financialpost.com/pmn/press-releases-pmn/business-wire-news-releases-pmn/ambarella-enables-artificial-intelligence-on-a-wide-range-of-connected-cameras-using-amazon-sagemaker-neo,business.financialpost.com,English,Canada,
Amazon,20200102T130000Z,Ambarella Enables Artificial Intelligence on a Wide Range of Connected Cameras Using Amazon SageMaker Neo,https://torontosun.com/pmn/press-releases-pmn/business-wire-news-releases-pmn/ambarella-enables-artificial-intelligence-on-a-wide-range-of-connected-cameras-using-amazon-sagemaker-neo/wcm/f8d91c0d-7432-4360-997f-331ad29ec7e4,torontosun.com,English,Canada,
Amazon,20200102T200000Z,Amazon workers clash with company over climate change,https://www.newstimes.com/news/article/Amazon-workers-clash-with-company-over-climate-14945217.php,newstimes.com,English,United States,
Amazon,20200102T194500Z,Amazon workers clash with company over climate change,https://www.nhregister.com/news/article/Amazon-workers-clash-with-company-over-climate-14945217.php,nhregister.com,English,United States,
Amazon,20200102T180000Z,Gran orders karaoke machine off Amazon and is sent boxes of dog biscuits instead,https://www.mirror.co.uk/news/uk-news/gran-orders-karaoke-machine-amazon-21202195,mirror.co.uk,English,United Kingdom,
Amazon,20200102T064500Z,Future Retail Sabse Saste Din may debut on Amazon this year : Report,https://www.moneycontrol.com/news/business/future-retails-sabse-saste-din-may-debut-on-amazon-this-year-report-4779121.html,moneycontrol.com,English,India,
Amazon,20200102T223000Z,Amazon Threatens to Fire Public Critics of Its Climate Policies,http://www.thedailybeast.com/amazon-threatens-to-fire-public-critics-of-its-climate-policies,thedailybeast.com,English,United States,
Amazon,20200102T201500Z,Amazon Web Services could cut prices as it tries to fend off Microsoft,https://www.businessinsider.com/amazon-web-services-price-cut-microsoft-azure-2020-1,businessinsider.com,English,United States,
Amazon,20200102T023000Z,How to sell your old smartphone for the most money possible,https://www.androidpolice.com/2020/01/01/how-to-get-the-most-money-for-your-old-phone/,androidpolice.com,English,United States,
Amazon,20200102T140000Z,Star War Hamill had secret second role in Rise of Skywalker,https://www.digitalspy.com/movies/a30376982/star-wars-rise-of-skywalker-mark-hamill-secret-second-role/,digitalspy.com,English,United Kingdom,
Amazon,20200102T200000Z,Amazon workers clash with company over climate change,https://www.pressherald.com/2020/01/02/amazon-workers-clash-with-company-over-climate-change/,pressherald.com,English,United States,
Amazon,20200102T141500Z,Amazon threatens to fire critics who are outspoken on its environmental policies,https://www.greenwichtime.com/business/article/Amazon-threatens-to-fire-critics-who-are-14944463.php,greenwichtime.com,English,United States,
Amazon,20200102T220000Z,Amazon workers clash with company over climate change,https://www.centralmaine.com/2020/01/02/amazon-workers-clash-with-company-over-climate-change/,centralmaine.com,English,United States,
Amazon,20200102T143000Z,Ambarella Enables Artificial Intelligence on a Wide Range of Connected Cameras Using Amazon SageMaker Neo,https://ottawasun.com/pmn/press-releases-pmn/business-wire-news-releases-pmn/ambarella-enables-artificial-intelligence-on-a-wide-range-of-connected-cameras-using-amazon-sagemaker-neo/wcm/f8d91c0d-7432-4360-997f-331ad29ec7e4,ottawasun.com,English,Canada,
Amazon,20200102T113000Z,Ambarella Enables Artificial Intelligence on a Wide Range of Connected Cameras Using Amazon SageMaker Neo,https://edmontonsun.com/pmn/press-releases-pmn/business-wire-news-releases-pmn/ambarella-enables-artificial-intelligence-on-a-wide-range-of-connected-cameras-using-amazon-sagemaker-neo/wcm/f8d91c0d-7432-4360-997f-331ad29ec7e4,edmontonsun.com,English,Canada,
Amazon,20200102T130000Z,1 FAANG Stock to Buy and 1 to Avoid in 2020,https://www.fool.com/investing/2020/01/01/1-faang-stock-to-buy-and-1-to-avoid-in-2020.aspx,fool.com,English,United States,
Amazon,20200102T221500Z,Amazon workers clash with company over climate change,https://www.fredericknewspost.com/public/ap/amazon-workers-clash-with-company-over-climate-change/article_0b8c0cad-2d7b-5525-a469-88d771a6a73c.html,fredericknewspost.com,English,United States,
Amazon,20200102T073000Z,Alerting Amazon about its unsafe lamp cost me £221,https://www.theguardian.com/money/2020/jan/02/alerting-amazon-about-its-unsafe-lamp-cost-me-221,theguardian.com,English,United Kingdom,
Amazon,20200102T174500Z,Amazon driver refuses to deliver bottle of sherry to 92 - year - old woman without ID,https://www.independent.co.uk/news/uk/home-news/amazon-sherry-id-alcohol-delivery-driver-county-durham-a9267501.html,independent.co.uk,English,United Kingdom,
Amazon,20200102T140000Z,Daisy Ridley talks Star Wars while building Lego,https://www.digitalspy.com/movies/a30378051/star-wars-daisy-ridley-interview-lego/,digitalspy.com,English,United Kingdom,
Amazon,20200102T213000Z,Amazon Is Opening a Homeless Shelter Inside Its Headquarters,https://www.highsnobiety.com/p/amazon-opening-homeless-shelter/,highsnobiety.com,English,United States,
Amazon,20200102T193000Z,Amazon threatened to fire two workers who criticized company environmental policies : report,https://thehill.com/business-a-lobbying/476536-amazon-threatened-two-workers-with-firing-for-criticizing-companys,thehill.com,English,United States,
Amazon,20200102T164500Z,Amazon Best Sellers : 14 Most Effective Sunscreens To Keep Your Skin Youthful,https://www.medicaldaily.com/amazon-best-sellers-14-most-effective-sunscreens-keep-your-skin-youthful-447832,medicaldaily.com,English,United States,
Amazon,20200102T211500Z,Winning is Not Always A Good Thing ! – Veterans Today | Military Foreign Affairs Policy Journal for Clandestine Services,https://www.veteranstoday.com/2020/01/02/winning-is-not-always-a-good-thing/,veteranstoday.com,English,United States,
Amazon,20200102T191500Z,The Most Amazing Anti Amazon Strategy … That Will Never Happen,https://multichannelmerchant.com/operations/amazing-anti-amazon-strategy-will-never-happen/,multichannelmerchant.com,English,United States,
Amazon,20200102T184500Z,Amazon employees say they were threatened for climate change criticism,https://www.engadget.com/2020/01/02/amazon-employees-allegedly-threatened/,engadget.com,English,Japan,
Amazon,20200102T220000Z,Amazon workers clash with company over climate change,https://www.thehour.com/news/article/Amazon-workers-clash-with-company-over-climate-14945217.php,thehour.com,English,United States,
Amazon,20200102T103000Z,"Amazon driver refuses to deliver alcohol to woman , 92 , without photo ID",https://www.news.com.au/finance/business/retail/amazon-driver-refuses-to-deliver-alcohol-to-92yearold-grandmother-of-four-without-id/news-story/faab465726aa6dcd42993627e14c6351,news.com.au,English,Australia,
Amazon,20200102T153000Z,Amazon Caught Censoring Positive Reviews of Books Exposing Palestinian Lie,https://www.breakingisraelnews.com/142649/amazon-caught-censoring-positive-reviews-of-books-exposing-palestinian-lie/,breakingisraelnews.com,English,Israel,
Amazon,20200102T061500Z,Police : Amazon delivery driver steals UPS package from home,https://www.therecord.com/news-story/9794621-police-amazon-delivery-driver-steals-ups-package-from-home/,therecord.com,English,Canada,
Amazon,20200102T070000Z,Amazon delivery driver refused to give grandmother 92 Seaham County Durham botttle of sherry of ID,https://www.dailymail.co.uk/news/article-7844351/Amazon-delivery-driver-refused-grandmother-92-Seaham-County-Durham-botttle-sherry-ID.html,dailymail.co.uk,English,United Kingdom,
Amazon,20200102T001500Z,Police : Amazon delivery driver steals UPS package from home,https://www.wbtv.com/2020/01/01/police-amazon-delivery-driver-steals-ups-package-home/,wbtv.com,English,United States,
Amazon,20200102T140000Z,Love Island Curtis on why he wont be watching winter series,https://www.digitalspy.com/tv/reality-tv/a30376677/love-island-curtis-pritchard-explains-why-wont-watch-winter-series/,digitalspy.com,English,United Kingdom,
Amazon,20200102T221500Z,"Amazon threatened to fire climate activists , says employee group",https://www.business-standard.com/article/companies/amazon-threatened-to-fire-climate-activists-says-employee-group-120010300075_1.html,business-standard.com,English,India,
Amazon,20200102T060000Z,"Amazon app quiz January 2 , 2020 : Get answers to these five questions and win Rs 10 , 000 as Amazon Pay balance",https://timesofindia.indiatimes.com/gadgets-news/amazon-app-quiz-december-2-2020-get-answers-to-these-five-questions-and-win-rs-10000-as-amazon-pay-balance/articleshow/73064441.cms,timesofindia.indiatimes.com,English,India,
Amazon,20200102T014500Z,Police : Amazon delivery driver steals UPS package from home,https://www.wndu.com/content/news/Police-Amazon-delivery-driver-steals-UPS-package-from-home-566629951.html,wndu.com,English,United States,
Amazon,20200102T113000Z,"India Reliance launches e - commerce ops to take on Amazon , Walmart",https://www.arabianbusiness.com/retail/436626-indias-reliance-group-kicks-off-e-commerce-operations-to-take-on-amazon-walmart,arabianbusiness.com,English,Saudi Arabia,
Amazon,20200102T153000Z,"Amazon . com , Inc . ( NASDAQ : AMZN ), FedEx Corporation ( NYSE : FDX ) - Today Pickup : Amazon Driver Stole Package Delivered By UPS , Police Say",https://www.benzinga.com/news/earnings/20/01/15059249/todays-pickup-amazon-driver-stole-package-delivered-by-ups-police-say,benzinga.com,English,United States,
Amazon,20200102T011500Z,How To Set Up Multiple Voice Profiles On Your Amazon Echo,https://www.lifehacker.com.au/2020/01/how-to-set-up-multiple-voice-profiles-on-your-amazon-echo/,lifehacker.com.au,English,Australia,
Amazon,20200102T153000Z,"As robots take over warehousing , workers pushed to adapt",https://www.newstimes.com/business/technology/article/As-robots-take-over-warehousing-workers-pushed-14938533.php,newstimes.com,English,United States,
Amazon,20200102T224500Z,Should Amazon pay warehouse workers while they wait for security screenings ? ,https://www.securityinfowatch.com/security-executives/news/21119784/should-amazon-pay-warehouse-workers-while-they-wait-for-security-screenings,securityinfowatch.com,English,United States,
Amazon,20200102T113000Z,Amazon Builds Homeless Shelter in its Headquarters,https://hypebeast.com/2020/1/amazon-headquarters-homeless-shelter,hypebeast.com,English,United States,
Amazon,20200102T124500Z,"Amazon driver refuses to deliver alcohol to woman , 92 , without photo ID",https://www.adelaidenow.com.au/business/companies/amazon-driver-refuses-to-deliver-alcohol-to-92yearold-grandmother-of-four-without-id/news-story/faab465726aa6dcd42993627e14c6351?nk=6b8dcad4ce1712fe4d7cf926a171b827-1577968410,adelaidenow.com.au,English,Australia,
Amazon,20200102T080000Z,"Amazon driver refuses to deliver alcohol to woman , 92 , without photo ID",https://www.adelaidenow.com.au/business/companies/amazon-driver-refuses-to-deliver-alcohol-to-92yearold-grandmother-of-four-without-id/news-story/faab465726aa6dcd42993627e14c6351?nk=166e7b069995bb7900e200ac820755ce-1577951266,adelaidenow.com.au,English,Australia,
Amazon,20200102T193000Z,Sunbeam Heated Blanket Keeps Me Warm Without a Heater,https://people.com/lifestyle/sunbeam-heated-blanket-amazon/,people.com,English,United States,
Amazon,20200102T223000Z,"Apple , Google and Amazon team up to make smart homes smarter and easier to use",http://www.startribune.com/apple-google-and-amazon-team-up-to-make-smart-homes-smarter-and-easier-to-use/566661731/,startribune.com,English,United States,
Amazon,20200102T114500Z,Ambarella Enables Artificial Intelligence on a Wide Range of Connected Cameras Using Amazon SageMaker Neo,https://winnipegsun.com/pmn/press-releases-pmn/business-wire-news-releases-pmn/ambarella-enables-artificial-intelligence-on-a-wide-range-of-connected-cameras-using-amazon-sagemaker-neo/wcm/f8d91c0d-7432-4360-997f-331ad29ec7e4,winnipegsun.com,English,Canada,
Amazon,20200102T071500Z,10 Best Pet Training Pads For Dogs So They Dont Soil The Carpet,https://www.medicaldaily.com/10-best-pet-training-pads-dogs-so-they-dont-soil-carpet-447794,medicaldaily.com,English,United States,
Amazon,20200102T220000Z,Amazon workers clash with company over climate change | Business,https://www.journalgazette.net/business/20200102/amazon-workers-clash-with-company-over-climate-change,journalgazette.net,English,United States,
Amazon,20200102T203000Z,Get the AirPods Pro at Amazon for a record low price,https://www.macworld.com/article/3512139/get-the-airpods-pro-at-amazon-for-a-record-low-price.html,macworld.com,English,United States,
Amazon,20200102T000000Z,Police : Amazon delivery driver steals UPS package from home,https://www.wibw.com/content/news/Police-Amazon-delivery-driver-steals-UPS-package-from-home-566629951.html,wibw.com,English,United States,
Amazon,20200102T103000Z,Just bought a 97 F350 7 . 3 turbo - Ford Truck Enthusiasts Forums,https://www.ford-trucks.com/forums/1608603-just-bought-a-97-f350-7-3-turbo.html,ford-trucks.com,English,United States,
Amazon,20200102T194500Z,Oil seep - Ford Truck Enthusiasts Forums,https://www.ford-trucks.com/forums/1608624-oil-seep.html,ford-trucks.com,English,United States,
Amazon,20200102T180000Z,Assistant Buyer – eCommerce Dept,http://www.radiokorea.com/bulletin/bbs/board.php?bo_table=c_jobs&wr_id=2502916,radiokorea.com,English,United States,
Amazon,20200102T080000Z,Apple AirPods deal - Ultimate discount on iPhone accessory,https://www.express.co.uk/life-style/science-technology/1222874/Apple-AirPods-Deal-Discount-iPhone-Accessory,express.co.uk,English,United Kingdom,
Amazon,20200102T014500Z,Police : Amazon delivery driver steals UPS package from home,https://www.stcatharinesstandard.ca/news-story/9794621-police-amazon-delivery-driver-steals-ups-package-from-home/,stcatharinesstandard.ca,English,Canada,
Amazon,20200102T153000Z,Sheriff blasts Amazon for not helping with probe into driver,https://www.newstimes.com/news/crime/article/Sheriff-blasts-Amazon-for-not-helping-with-probe-14932406.php,newstimes.com,English,United States,
Amazon,20200102T103000Z,Ambarella Enables Artificial Intelligence on a Wide Range of Connected Cameras Using Amazon SageMaker Neo,https://calgarysun.com/pmn/press-releases-pmn/business-wire-news-releases-pmn/ambarella-enables-artificial-intelligence-on-a-wide-range-of-connected-cameras-using-amazon-sagemaker-neo/wcm/f8d91c0d-7432-4360-997f-331ad29ec7e4,calgarysun.com,English,Canada,
Amazon,20200102T013000Z,Best Buy Sale Alert : New Deals Beat Black Friday Prices [ Updated ] ,https://www.forbes.com/sites/gordonkelly/2020/01/01/best-buy-sale-airpods-pro-iphone-11-pro-max-xbox-ps4-macbook-microsoft-surface-pro7-4k-tv-deals/,forbes.com,English,United States,
Amazon,20200102T190000Z,Rise of Skywalker ending undoes  original sin  of prequels,https://www.digitalspy.com/movies/a30378905/star-wars-rise-of-skywalker-ending-undoes-prequel-trilogy-sin/,digitalspy.com,English,United Kingdom,
Amazon,20200102T121500Z,7 Top Protein Coffee To Boost Energy In The Morning,https://www.medicaldaily.com/7-top-protein-coffee-boost-energy-morning-447831,medicaldaily.com,English,United States,
Amazon,20200102T151500Z,Is Google P / E Ratio Too High Or Too Low ? ,https://www.forbes.com/sites/greatspeculations/2020/01/02/is-googles-pe-ratio-too-high-or-too-low/,forbes.com,English,United States,
Amazon,20200102T200000Z,"Four major transitions in e - commerce , according to Baird analyst",https://www.businessinsider.com/amazon-major-transitions-e-commerce-predictions-baird-analyst-2020-1,businessinsider.com,English,United States,
Amazon,20200102T190000Z,The coolest lunch boxes of 2020,https://www.cnet.com/news/cool-lunch-boxes-of-2020/,cnet.com,English,Japan,
Amazon,20200102T131500Z,Amazon driver steals UPS package,https://www.fox5ny.com/news/amazon-driver-steals-ups-package,fox5ny.com,English,United States,
Amazon,20200102T130000Z,"Amazon driver refuses to deliver alcohol to woman , 92 , without photo ID",https://www.themercury.com.au/business/amazon-driver-refuses-to-deliver-alcohol-to-92yearold-grandmother-of-four-without-id/news-story/faab465726aa6dcd42993627e14c6351?nk=b0b507161bbe1387e363c22522fb213e-1577969282,themercury.com.au,English,Australia,
Amazon,20200102T230000Z,"Amazon driver refuses to deliver alcohol to woman , 92 , without photo ID",https://www.themercury.com.au/business/amazon-driver-refuses-to-deliver-alcohol-to-92yearold-grandmother-of-four-without-id/news-story/faab465726aa6dcd42993627e14c6351?nk=db1c78285ffc3fb971bb04693d539c4e-1578005211,themercury.com.au,English,Australia,
Amazon,20200102T200000Z,Is The Grudge on Netflix ? ,https://decider.com/2020/01/02/is-the-grudge-on-netflix/,decider.com,English,United States,
Amazon,20200102T014500Z,"As robots take over warehousing , workers pushed to adapt - Business - The Repository",https://www.cantonrep.com/article/20200101/BUSINESS/200109939,cantonrep.com,English,United States,
Amazon,20200102T184500Z,TriggerPoint foam rollers can help you stick to your New Year resolution,https://www.sfgate.com/shopping/article/TriggerPoint-foam-rollers-flexibility-posture-14944963.php,sfgate.com,English,United States,
Amazon,20200102T174500Z,"3 Stocks That Turned $1 , 000 Into $1 Million",https://www.fool.com/investing/2020/01/02/3-stocks-that-turned-1000-into-1-million.aspx,fool.com,English,United States,
Amazon,20200102T161500Z,"3 Stocks That Turned $1 , 000 Into $1 Million",https://www.fool.com/investing/2020/01/02/3-stocks-that-turned-1000-into-1-million.aspx?source=iedfolrf0000001,fool.com,English,United States,
Amazon,20200102T210000Z,This LEGO Hogwarts Express Building Set Was Hit With a Price - Shrinking Spell,https://kinjadeals.theinventory.com/this-lego-hogwarts-express-building-set-was-hit-with-a-1840776863,kinjadeals.theinventory.com,English,,
Amazon,20200102T153000Z,Amazon threatens to fire critics who are outspoken on its environmental policies,https://www.thetelegraph.com/business/article/Amazon-threatens-to-fire-critics-who-are-14944463.php,thetelegraph.com,English,United States,
Amazon,20200102T170000Z,Russian Land Power in the Mediterranean - The American Interest,https://www.the-american-interest.com/2020/01/02/russian-land-power-in-the-mediterranean/,the-american-interest.com,English,United States,
Amazon,20200102T100000Z,Who Gets Abortions ? Not Who Youd Think from Watching TV,https://www.the-american-interest.com/2015/12/29/who-gets-abortions-not-who-youd-think-from-watching-tv/,the-american-interest.com,English,United States,
Amazon,20200102T004500Z,The Future of Global Prosperity - The American Interest,https://www.the-american-interest.com/2020/01/01/future-global-prosperity/,the-american-interest.com,English,United States,
Amazon,20200102T131500Z,BBVA explores product sales via Amazon,https://www.finextra.com/newsarticle/35007/bbva-explores-product-sales-via-amazon,finextra.com,English,United Kingdom,
Amazon,20200102T190000Z,The next Ring Chime Pro may have an all - new design,https://www.theverge.com/2020/1/2/21046654/amazon-ring-chime-pro-new-design-alexa,theverge.com,English,United States,
Amazon,20200102T184500Z,Save 50 Percent on JBL Tune 120TWS True Wireless Earphones,https://www.pcmag.com/news/372778/save-50-percent-on-jbl-tune-120tws-true-wireless-earphones,pcmag.com,English,United States,
Amazon,20200102T184500Z,Save $300 on the Bose SoundTouch 300 Soundbar,https://www.pcmag.com/news/367769/save-200-on-the-bose-soundtouch-300-soundbar,pcmag.com,English,United States,
Amazon,20200102T130000Z,UK Daily Deals : Pay Only £49 per Month for a Virgin Media TV and Broadband Bundle,https://www.ign.com/articles/2020/01/02/uk-daily-deals-pay-only-49-per-month-for-a-virgin-media-tv-and-broadband-bundle,ign.com,English,United States,
Amazon,20200102T233000Z,"Asia Wealthiest Man Prepares To Battle Amazon , Walmart In India Online Retail Wars",https://www.ibtimes.com/asias-wealthiest-man-prepares-battle-amazon-walmart-india-online-retail-wars-2895496,ibtimes.com,English,United States,
Amazon,20200102T203000Z,Amazon workers clash with company over climate change,https://www.lmtonline.com/news/article/Amazon-workers-clash-with-company-over-climate-14945217.php,lmtonline.com,English,United States,
Amazon,20200102T213000Z,Best New Products on Amazon Fashion For January 2020,https://www.popsugar.com/fashion/best-products-amazon-fashion-january-47060305,popsugar.com,English,United States,
Amazon,20200102T183000Z,Record anywhere with the Blue Snowflake USB Mic at a new low price of $29,https://www.androidcentral.com/record-anywhere-blue-snowflake-usb-mic-new-low-price-29-amazon,androidcentral.com,English,China,
Amazon,20200102T171500Z,Record anywhere with the Blue Snowflake USB Mic at a new low price of $29,https://www.imore.com/record-anywhere-blue-snowflake-usb-mic-new-low-price-29-amazon,imore.com,English,United States,
Amazon,20200102T180000Z,Record anywhere with the Blue Snowflake USB Mic at a new low price of $29,https://www.windowscentral.com/record-anywhere-blue-snowflake-usb-mic-new-low-price-29-amazon,windowscentral.com,English,United States,
Amazon,20200102T220000Z,Genius products to help keep your New Year resolutions intact,https://www.theloop.ca/genius-products-to-help-keep-your-new-years-resolutions-intact/,theloop.ca,English,Canada,
Amazon,20200102T023000Z,Police : Amazon delivery driver steals UPS package from home,https://www.wilx.com/content/news/Police-Amazon-delivery-driver-steals-UPS-package-from-home-566629951.html,wilx.com,English,United States,
Amazon,20200102T031500Z,"Jeff Bezos loses $10 billion in 2019 , but is still worth more than anyone else",https://www.ky3.com/content/news/Jeff-Bezos-loses-10-billion-in-2019-but-is-still-worth-more-than-anyone-else-566608841.html,ky3.com,English,United States,
Amazon,20200102T174500Z,"Klipsch New Sound Bar Supports Alexa , Google Assistant & Dolby Atmos",https://www.androidheadlines.com/2020/01/klipsch-bar-54-alexa-google-assistant-dolby-atmos-ces-2020,androidheadlines.com,English,China,
Amazon,20200102T153000Z,Jeff Bezos is still the richest person in the world,https://whdh.com/news/jeff-bezos-is-still-the-richest-person-in-the-world/,whdh.com,English,United States,
Amazon,20200102T163000Z,Amazon threatens to fire critics who are outspoken on its environmental policies,https://www.lmtonline.com/business/article/Amazon-threatens-to-fire-critics-who-are-14944607.php,lmtonline.com,English,United States,
Amazon,20200102T164500Z,"From Olaplex to Apple Airpods , best - selling products MailOnline readers loved in December",https://www.dailymail.co.uk/femail/article-7845519/From-Olaplex-Apple-Airpods-best-selling-products-MailOnline-readers-loved-December.html,dailymail.co.uk,English,United Kingdom,
Amazon,20200102T143000Z,"As robots take over warehousing , workers are pushed to adapt",https://www.readingeagle.com/news/national/as-robots-take-over-warehousing-workers-are-pushed-to-adapt/article_01e8723c-2d5d-11ea-bf76-af6265a69260.html,readingeagle.com,English,United States,
Amazon,20200102T233000Z,Woot one - day sale on standing desks and risers has picks as low as $27,https://www.androidcentral.com/woots-one-day-sale-standing-desks-and-risers-has-picks-low-27,androidcentral.com,English,China,
Amazon,20200102T183000Z,Switch to wireless charging for 2020 with the $8 Anker PowerPort 5 pad,https://www.androidcentral.com/switch-wireless-charging-2020-8-anker-powerport-5-pad,androidcentral.com,English,China,
Amazon,20200102T183000Z,Beat The Audible Challenge and earn a free $20 Amazon credit,https://www.androidcentral.com/beat-audible-challenge-and-earn-free-20-amazon-credit,androidcentral.com,English,China,
Amazon,20200102T020000Z,Police : Amazon delivery driver steals UPS package from home,https://www.niagarafallsreview.ca/news-story/9794621-police-amazon-delivery-driver-steals-ups-package-from-home/,niagarafallsreview.ca,English,Canada,
Amazon,20200102T021500Z,Jeff Bezos is still the richest person in the world,https://cnnphilippines.com:443/business/2020/1/2/jeff-bezos-richest-person-2019-amazon-.html,cnnphilippines.com,English,Philippines,
Amazon,20200102T171500Z,Beat The Audible Challenge and earn a free $20 Amazon credit,https://www.imore.com/beat-audible-challenge-and-earn-free-20-amazon-credit,imore.com,English,United States,
Amazon,20200102T171500Z,Switch to wireless charging for 2020 with the $8 Anker PowerPort 5 pad,https://www.imore.com/switch-wireless-charging-2020-8-anker-powerport-5-pad,imore.com,English,United States,
Amazon,20200102T220000Z,Woot one - day sale on standing desks and risers has picks as low as $27,https://www.imore.com/woots-one-day-sale-standing-desks-and-risers-has-picks-low-27,imore.com,English,United States,
Amazon,20200102T180000Z,Beat The Audible Challenge and earn a free $20 Amazon credit,https://www.windowscentral.com/beat-audible-challenge-and-earn-free-20-amazon-credit,windowscentral.com,English,United States,
Amazon,20200102T180000Z,Switch to wireless charging for 2020 with the $8 Anker PowerPort 5 pad,https://www.windowscentral.com/switch-wireless-charging-2020-8-anker-powerport-5-pad,windowscentral.com,English,United States,
Amazon,20200102T223000Z,Woot one - day sale on standing desks and risers has picks as low as $27,https://www.windowscentral.com/woots-one-day-sale-standing-desks-and-risers-has-picks-low-27,windowscentral.com,English,United States,
Amazon,20200102T203000Z,Powerbeats Pro Deal : Save $50 on Amazon - Business Insider,https://www.businessinsider.com/powerbeats-pro-deal-amazon-2020-1,businessinsider.com,English,United States,
Amazon,20200102T133000Z,Future Group goes all - in ; The  Sabse saste din  sale will go live on Amazon,https://nextbigwhat.com/future-group-goes-all-in-the-sabse-saste-din-will-go-live-on-amazon/,nextbigwhat.com,English,India,
Amazon,20200102T154500Z,10 under - the - radar movies from 2019 that you can watch right now,https://www.azcentral.com/story/entertainment/movies/2020/01/02/10-best-movies-you-missed-2019-but-can-see-now/2783435001/,azcentral.com,English,United States,
Amazon,20200102T010000Z,Police : Amazon delivery driver steals UPS package from home,https://www.nbc15.com/content/news/Police-Amazon-delivery-driver-steals-UPS-package-from-home-566629951.html,nbc15.com,English,United States,
Amazon,20200102T153000Z,"Sameer Batra moves on from Bharti Airtel , joins Amazon",https://www.afaqs.com/people-spotting/people-movement/sameer-batra-moves-on-from-bharti-airtel-joins-amazon,afaqs.com,English,India,
Amazon,20200102T194500Z,"Sameer Batra moves on from Bharti Airtel , joins Amazon",https://www.afaqs.com/people-spotting/sameer-batra-moves-on-from-bharti-airtel-joins-amazon,afaqs.com,English,India,
Amazon,20200102T123000Z,Amazon Shoppers Call This $6 Mae Lace Bralette Their Go - To,https://people.com/style/mae-lace-bralette-amazon/,people.com,English,United States,
Amazon,20200102T124500Z,Police : Amazon delivery driver steals UPS package from home,https://www.yakimaherald.com/news/weird_news/police-amazon-delivery-driver-steals-ups-package-from-home/article_cae510f2-fe9f-5060-8654-ffeb5bb028a9.html,yakimaherald.com,English,United States,
Amazon,20200102T170000Z,Amazon driver refuses to deliver bottle of sherry to 92 - year - old woman without ID,https://www.aol.co.uk/news/2020/01/02/amazon-driver-refuses-to-deliver-bottle-of-sherry-to-92-year-old/,aol.co.uk,English,United Kingdom,
Amazon,20200102T094500Z,"Nature and forests through 2019 : The year of uncontrollable rain forests fires all over the world - Technology News , Firstpost",https://www.firstpost.com/tech/science/nature-and-forests-through-2019-the-year-of-uncontrollable-rain-forests-fires-all-over-the-world-7844571.html,firstpost.com,English,India,
Amazon,20200102T064500Z,Anushka Sharma And Virat Kohli Set Couple Style Goals In Winter Fashion,https://swirlster.ndtv.com/style/anushka-sharma-and-virat-kohli-set-couple-style-goals-in-winter-fashion-2157555,swirlster.ndtv.com,English,India,
Amazon,20200102T153000Z,Cadbury : Eatertainment by Elvis,https://www.thedrum.com/creative-works/project/elvis-cadbury-eatertainment,thedrum.com,English,United Kingdom,
Amazon,20200102T153000Z,Who the world richest person ? Jeff Bezos still the champ,https://www.wraltechwire.com/2020/01/02/whos-the-worlds-richest-person-jeff-bezos-still-the-champ/,wraltechwire.com,English,United States,
Amazon,20200102T171500Z,Six Best Essential Oils for Health - Woman World,https://www.womansworld.com/posts/six-best-essential-oils-for-health-174357,womansworld.com,English,United States,
Amazon,20200102T004500Z,"PS4 Pro , PS4 Slim Sale Alert : New Deals Beat Black Friday Prices [ Updated ] ",https://www.forbes.com/sites/gordonkelly/2020/01/01/sony-ps4-pro-sale-ps4-slim-deals-best-playstation-deals/,forbes.com,English,United States,
Amazon,20200102T140000Z,"Kashmir - set Half Widow gets limited theatrical release on January 6 | Entertainment News , The Indian Express",https://indianexpress.com/article/entertainment/entertainment-others/half-widow-urdu-kashmiri-film-danish-renzu-limited-theatrical-release-on-january-6-6196677/,indianexpress.com,English,India,
Amazon,20200102T000000Z,Review :  Studio City  is a captivating new digital drama series on Amazon ( Includes first - hand account ) ,http://www.digitaljournal.com/entertainment/entertainment/review-studio-city-is-a-captivating-new-digital-drama-series-on-amazon/article/564492,digitaljournal.com,English,United States,
Amazon,20200102T011500Z,Target Sale News : Best New Deals Best Black Friday Prices [ Updated ] ,https://www.forbes.com/sites/gordonkelly/2020/01/01/target-sale-airpods-pro-iphone-11-pro-max-xbox-ps4-pro-tv-deals/,forbes.com,English,United States,
Amazon,20200102T024500Z,"Delivery dilemma : Americans are ordering more , but the U . S . can only handle so much",https://www.nbcnews.com/tech/tech-news/delivery-dilemma-americans-are-ordering-more-u-s-can-only-n1106426?cid=public-rss_20200102,nbcnews.com,English,United States,
Amazon,20200102T223000Z,The Roborock S4 Robot Vacuum Can Clean Your Home For Just $300,https://www.androidheadlines.com/2020/01/roborock-s4-robot-vacuum-discount,androidheadlines.com,English,China,
Amazon,20200102T163000Z,The Intercept : The A to Z of Things Trump Should be Impeached for – Veterans Today | Military Foreign Affairs Policy Journal for Clandestine Services,https://www.veteranstoday.com/2020/01/02/the-intercept-the-a-to-z-of-things-trump-should-be-impeached-for/,veteranstoday.com,English,United States,
Amazon,20200102T184500Z,Your Complete Guide to January 2020 Events in Seattle,https://www.thestranger.com/things-to-do/2020/01/02/42427163/your-complete-guide-to-january-2020-events-in-seattle,thestranger.com,English,United States,
Amazon,20200102T001500Z,AirPods Sale Alert : Best Deals Best Black Friday Prices [ Updated ] ,https://www.forbes.com/sites/gordonkelly/2020/01/01/apple-airpods-sale-airpods-pro-beats-powerbeats-pro-sony-noise-canceling-headphones-deals/,forbes.com,English,United States,
Amazon,20200102T174500Z,"Asia ′ s richest man , Mukesh Ambani , takes on Amazon with new online retail marketplace | Business| Economy and finance news from a German perspective | DW",https://www.dw.com/en/asias-richest-man-mukesh-ambani-takes-on-amazon-with-new-online-retail-marketplace/a-51865528,dw.com,English,Germany,
Amazon,20200102T204500Z,"Netflix , Hulu , Amazon , And Newcomer Apple TV+ Dominate Golden Globes Nominations",https://www.tubefilter.com/2020/01/02/netflix-hulu-amazon-and-newcomer-apple-tv-dominate-golden-globes-nominations/,tubefilter.com,English,United States,
Amazon,20200102T013000Z,Retailers hit hard in decade,https://www.timesunion.com/business/article/Retailers-hit-hard-in-decade-14943878.php,timesunion.com,English,United States,
Amazon,20200102T173000Z,The 7 Best Long - Term Stocks to Buy for 2020 and Beyond,https://investorplace.com/2020/01/7-long-term-stocks-to-buy-and-hold-for-the-next-few-years/,investorplace.com,English,United States,
Amazon,20200102T174500Z,3 investing trends for the future from world top mutual - fund manager,https://www.businessinsider.com/3-investing-trends-for-future-alex-umansky-baron-funds-2019-12,businessinsider.com,English,United States,
Amazon,20200102T203000Z,Serena Williams Wows Instagram For 2020 Kick - Off In Tiny Mini Skirt Showing Rock - Hard Body,https://www.yahoo.com/entertainment/serena-williams-wows-instagram-2020-182222140.html,yahoo.com,English,United States,
Amazon,20200102T001500Z,"Apple Sale Alert : AirPods Pro , iPad Pro , iPhone 11 , MacBook Pro Best Deals [ New Updates ] ",https://www.forbes.com/sites/gordonkelly/2020/01/01/apple-sale-airpods-pro-ipad-iphone-new-macbook-pro-best-deals/,forbes.com,English,United States,
Amazon,20200102T231500Z,"Apple Inc . ( NASDAQ : AAPL ), Amazon . com , Inc . ( NASDAQ : AMZN ) - 12 Stocks That Have Been The World Most Valuable Company",https://www.benzinga.com/general/education/20/01/15061903/12-stocks-that-have-been-the-worlds-most-valuable-company,benzinga.com,English,United States,
Amazon,20200102T061500Z,Samsung EUV plant production stops after power outage,https://www.tweaktown.com/news/69592/samsung-euv-plant-production-stops-power-outage/,tweaktown.com,English,United States,
Amazon,20200102T060000Z,Samsung new QLED 8K TV : one of the first certified by 8K Association,https://www.tweaktown.com/news/69586/samsungs-new-qled-8k-tv-one-first-certified-association/,tweaktown.com,English,United States,
Amazon,20200102T080000Z,Amazonian chief Raoni Metuktire :  Bolsonaro has been the worst for us  ,https://www.msn.com/en-gb/news/world/amazonian-chief-raoni-metuktire-bolsonaro-has-been-the-worst-for-us/ar-BBYxmT5,msn.com,English,United States,
Amazon,20200102T073000Z,Amazonian chief Raoni Metuktire :  Bolsonaro has been the worst for us  ,https://www.msn.com/en-au/news/other/amazonian-chief-raoni-metuktire-bolsonaro-has-been-the-worst-for-us/ar-BBYxmT5,msn.com,English,United States,
Amazon,20200102T211500Z,10 under - the - radar movies from 2019 that you can watch right now,https://www.desertsun.com/story/life/entertainment/movies/film-festival/2020/01/02/10-best-movies-you-missed-2019-but-can-see-now/2779380001/,desertsun.com,English,United States,
Amazon,20200102T134500Z,Walmart Best New Deals Beat Black Friday Prices [ Updates ] ,https://www.forbes.com/sites/gordonkelly/2020/01/02/walmart-alert-airpods-iphones-xbox-ps4-4k-tv-deals-beat-black-friday/,forbes.com,English,United States,
Amazon,20200102T011500Z,Walmart Sale Alert : Best Deals Best Black Friday Prices [ Updated ] ,https://www.forbes.com/sites/gordonkelly/2020/01/01/walmart-alert-airpods-iphones-xbox-ps4-4k-tv-deals-beat-black-friday/,forbes.com,English,United States,
Amazon,20200102T174500Z,"Save on Arcade1Up Machines : Star Wars , Street Fighter , TMNT , and More",https://www.ign.com/articles/2020/01/02/save-on-arcade1up-machines-star-wars-street-fighter-tmnt-and-more,ign.com,English,United States,
Amazon,20200102T111500Z,"Amazon Fire , Sony , Vizio smart TVs are spying . Here how to stop them",https://www.usatoday.com/story/tech/2020/01/02/amazon-fire-sony-vizio-smart-tvs-spying/2792152001/,usatoday.com,English,United States,
Amazon,20200102T174500Z,"Amazon , Apple , Google Team Up for Open - Source Smart - Home Standard",https://www.pcmag.com/news/372597/amazon-apple-and-google-making-open-source-smart-home-stan,pcmag.com,English,United States,
Amazon,20200102T123000Z,"Amazon Fire , Sony , Vizio smart TVs are spying . Here how to stop them",https://www.azcentral.com/story/tech/2020/01/02/amazon-fire-sony-vizio-smart-tvs-spying/2792152001/,azcentral.com,English,United States,
Amazon,20200102T171500Z,The Black Friday best - seller that lets you control your garage door from your phone is back down to $29,https://bgr.com/2020/01/02/myq-smart-garage-door-opener-best-smart-home-deals/,bgr.com,English,United States,
Amazon,20200102T093000Z,"OnePlus New Year Sale : OnePlus 7T available at as low as Rs 2 , 792 per month with 12 months No Cost EMI offer : Details",https://www.timesnownews.com/technology-science/article/oneplus-7t-available-at-as-low-as-rs-2792-per-month-with-12-months-no-cost-emi-offer-details/534752,timesnownews.com,English,India,
Amazon,20200102T061500Z,This SEO Training Shows You How to Boost Your Traffic and Sales on Google,https://www.makeuseof.com/tag/seo-training-shows-boost-traffic-sales-google/,makeuseof.com,English,United States,
Amazon,20200102T134500Z,"Amazon Fire , Sony , Vizio smart TVs are spying . Here how to stop them",https://www.cincinnati.com/story/tech/2020/01/02/amazon-fire-sony-vizio-smart-tvs-spying/2792152001/,cincinnati.com,English,United States,
Amazon,20200102T171500Z,Amazon 5 hottest Echo devices are all discounted to start the New Year – BGR,https://bgr.com/2020/01/02/best-amazon-deals-today-echo-devices-new-year/,bgr.com,English,United States,
Amazon,20200102T173000Z,Healthcare surprises for 2020 from top VC investors,https://www.businessinsider.com/healthcare-surprises-for-2020-from-top-investors-2020-1,businessinsider.com,English,United States,
Amazon,20200102T091500Z,Mukesh Ambani : Asia richest man takes on retail giant Amazon,https://www.banglanews24.com/english/business/article/82018/Mukesh-Ambani-Asias-richest-man-takes-on-retail-giant-Amazon,banglanews24.com,English,Bangladesh,
Amazon,20200102T233000Z,"Michael Hiltzik : 1 , 200 Americans already paid their 2020 Social Security tax . Youll be paying all year",https://www.stltoday.com/business/michael-hiltzik-americans-already-paid-their-social-security-tax-you/article_34879b5d-9aaa-5a72-83e3-c823f9342c33.html,stltoday.com,English,United States,
Amazon,20200102T173000Z,Amazon and Google to hit CES with digital assistants in tow,https://www-1.thenewstribune.com:443/news/business/article238900003.html,www-1.thenewstribune.com,English,United States,
Amazon,20200102T170000Z,"Amazon Fire , Sony , Vizio smart TVs are spying . Here how to stop them",https://www.tennessean.com/story/tech/2020/01/02/amazon-fire-sony-vizio-smart-tvs-spying/2792152001/,tennessean.com,English,United States,
Amazon,20200102T153000Z,Best home workout equipment to kickstart your fitness journey,https://news.yahoo.com/best-home-workout-equipment-150127710.html,news.yahoo.com,English,United States,
Amazon,20200102T031500Z,5 Stocks Im Buying For My Retirement Portfolio In 2020,https://seekingalpha.com/article/4314817-5-stocks-buying-for-retirement-portfolio-in-2020,seekingalpha.com,English,United States,
Amazon,20200102T111500Z,"How streaming platforms like Netflix , Hotstar , Amazon Prime have changed the way we consume content this decade - Entertainment News , Firstpost",https://www.firstpost.com/entertainment/how-streaming-platforms-like-netflix-hotstar-amazon-prime-have-changed-the-way-we-consume-content-this-decade-7851411.html,firstpost.com,English,India,
Tesla,20200102T201500Z,Here What to Expect From Tesla All - Important Q4 Delivery Numbers,https://www.msn.com/en-us/finance/companies/heres-what-to-expect-from-teslas-all-important-q4-delivery-numbers/ar-BBYyK3u,msn.com,English,United States,
Tesla,20200102T224500Z,Tesla Might Become  Trillion Dollar Company  Due To China,https://www.ibtimes.com/tesla-might-become-trillion-dollar-company-due-china-2894315,ibtimes.com,English,United States,
Tesla,20200102T200000Z,Here What to Expect From Tesla All - Important Q4 Delivery Numbers,https://www.thestreet.com/investing/tesla-q4-delivery-numbers-what-to-expect,thestreet.com,English,United States,
Tesla,20200102T131500Z,Streaming wars : Coming soon to a vehicle near you,https://www.zdnet.com/article/streaming-wars-coming-soon-to-a-vehicle-near-you/,zdnet.com,English,Japan,
Tesla,20200102T150000Z,There a new biggest Tesla bull on Wall Street and they expect the stock to surge 23 % in 2020,https://news.yahoo.com/theres-biggest-tesla-bull-wall-140015249.html,news.yahoo.com,English,United States,
Tesla,20200102T143000Z,There a new biggest Tesla bull on Wall Street and they expect the stock to surge 23 % in 2020,https://markets.businessinsider.com/news/stocks/tesla-stock-price-could-surge-2020-wall-street-bull-deliveries-2020-1-1028791494,markets.businessinsider.com,English,United States,
Tesla,20200102T034500Z,Tesla delivers first Chinese - made Model 3s,https://www.caradvice.com.au/816862/tesla-delivers-first-chinese-made-model-3s/,caradvice.com.au,English,Australia,
Tesla,20200102T163000Z,"Tesla Could Be A  Trillion Dollar Company  Thanks To China , Investor Predicts",https://www.ibtimes.com/tesla-could-be-trillion-dollar-company-thanks-china-investor-predicts-2894315,ibtimes.com,English,United States,
Tesla,20200102T161500Z,Tesla will start delivering China - made Model 3 cars on January 7,https://nypost.com/2020/01/02/tesla-will-start-delivering-china-made-model-3-cars-on-january-7/,nypost.com,English,United States,
Tesla,20200102T171500Z,Tesla Model 3 floodgates open in China next week,https://www.cnet.com/roadshow/news/tesla-model-3-china-deliveries-production/,cnet.com,English,Japan,
Tesla,20200102T133000Z,Tesla 3 Biggest Challenges for 2020,https://www.thestreet.com/investing/tesla-3-biggest-challenges-in-2020,thestreet.com,English,United States,
Tesla,20200102T160000Z,Tesla Solar : Could 2020 Be the Year of the Solar Roof ? ,https://marketrealist.com/2020/01/tesla-solar-2020-year-of-solar-roof/,marketrealist.com,English,United States,
Tesla,20200102T143000Z,New fatal Tesla crash : US road traffic regulator probes possible Autopilot link,https://www.zdnet.com/article/new-fatal-tesla-crash-us-road-traffic-regulator-probes-possible-autopilot-link/,zdnet.com,English,Japan,
Tesla,20200102T230000Z,U . S . auto safety agency to investigate fatal Tesla crash in California,https://finance.yahoo.com/news/u-auto-safety-agency-probe-001450633.html,finance.yahoo.com,English,United States,
Tesla,20200102T003000Z,"Tesla Shanghai Gigafactory Factory Is Now Producing 1 , 000 Model 3 Vehicles a Week , Report Says",https://www.msn.com/en-us/money/companies/tesla-shanghai-gigafactory-factory-is-now-producing-1000-model-3-vehicles-a-week-report-says/ar-BBYvFZ0,msn.com,English,United States,
Tesla,20200102T190000Z,Made in China : Tesla Model 3 deliveries to Chinese customers to begin January 7 – TechCrunch,https://techcrunch.com/2020/01/02/made-in-china-tesla-model-3-deliveries-to-chinese-customers-to-begin-january-7/,techcrunch.com,English,United States,
Tesla,20200102T194500Z,"Wedbush Says Tesla Poised For Q4 Delivery Upside On Model 3 Demand , European Strength",https://finance.yahoo.com/news/wedbush-says-tesla-poised-q4-155935782.html,finance.yahoo.com,English,United States,
Tesla,20200102T143000Z,Recent Tesla Deadly Crash Now Being Investigated By NHTSA Special Unit,https://www.ibtimes.com/recent-tesla-deadly-crash-now-being-investigated-nhtsas-special-unit-2895180,ibtimes.com,English,United States,
Tesla,20200102T204500Z,Tesla anticipated to hit low end of 2019 deliveries forecast,https://abcnews.go.com/Business/wireStory/tesla-anticipated-hit-low-end-2019-deliveries-forecast-68031583,abcnews.go.com,English,United States,
Tesla,20200102T160000Z,"In December , Tesla Delivered 12 , 000 Model 3 In The Netherlands",https://insideevs.com/news/390733/december-tesla-delivered-12000-model-3-netherlands/,insideevs.com,English,United States,
Tesla,20200102T174500Z,Tesla anticipated to hit low end of 2019 deliveries forecast,https://www.seattletimes.com/business/tesla-anticipated-to-hit-low-end-of-2019-deliveries-forecast/,seattletimes.com,English,United States,
Tesla,20200102T193000Z,Tesla anticipated to hit low end of 2019 deliveries forecast,https://www.ctvnews.ca/autos/tesla-anticipated-to-hit-low-end-of-2019-deliveries-forecast-1.4750575,ctvnews.ca,English,Canada,
Tesla,20200102T071500Z,Who Got The Tesla Story Right In The 2010s ? ,https://cleantechnica.com/2020/01/01/who-has-gotten-the-tesla-story-right/,cleantechnica.com,English,United States,
Tesla,20200102T180000Z,Tesla anticipated to hit low end of 2019 deliveries forecast,https://www.republicworld.com/world-news/rest-of-the-world-news/tesla-anticipated-to-hit-low-end-of-2019-deliveries-forecast.html,republicworld.com,English,,
Tesla,20200102T044500Z,NHTSA to investigate fatal Tesla crash in California,https://www.autonews.com/regulation-safety/nhtsa-investigate-fatal-tesla-crash-california,autonews.com,English,United States,
Tesla,20200102T210000Z,Supercharger station for Teslas cars slated for Vernon in 2020 - Vernon News,https://www.castanet.net/news/Vernon/273740/Supercharger-station-for-Teslas-cars-slated-for-Vernon-in-2020,castanet.net,English,Canada,
Tesla,20200102T163000Z,Deadly Tesla crash to be investigated by US traffic safety agency,https://www.businessinsider.com/feds-will-investigate-deadly-tesla-crash-in-california-2020-1,businessinsider.com,English,United States,
Tesla,20200102T004500Z,Feds will investigate deadly Tesla crash in California,https://apnews.com/6eae3986e7d9c1d00db7d52146cddf23,apnews.com,English,United States,
Tesla,20200102T191500Z,Made in China : Tesla Model 3 deliveries to Chinese customers to begin January 7,https://news.yahoo.com/made-china-tesla-model-3-183208024.html,news.yahoo.com,English,United States,
Tesla,20200102T171500Z,Tesla rallies as Canaccord lifts target on EV growth,https://www.sfgate.com/business/article/Tesla-rallies-as-Canaccord-lifts-target-on-EV-14944822.php,sfgate.com,English,United States,
Tesla,20200102T174500Z,"Tesla Motors , Inc . ( NASDAQ : TSLA ) - Wedbush Says Tesla Poised For Q4 Delivery Upside On Model 3 Demand , European Strength",https://www.benzinga.com/analyst-ratings/analyst-color/20/01/15060963/wedbush-says-tesla-poised-for-q4-delivery-upside-on-model-3-demand-european-strengt,benzinga.com,English,United States,
Tesla,20200102T234500Z,Tesla anticipated to hit low end of 2019 deliveries forecast,https://www.canadianbusiness.com/business-news/tesla-anticipated-to-hit-low-end-of-2019-deliveries-forecast/,canadianbusiness.com,English,Canada,
Tesla,20200102T034500Z,NHTSA  Special Crash Investigations Unit To Review Fatal Tesla Crash In Los Angeles,https://www.zerohedge.com/markets/feds-investigate-fatal-tesla-crash-los-angeles,zerohedge.com,English,United States,
Tesla,20200102T044500Z,Tesla crash : National Highway Traffic Safety Administration is investing collision that killed two people,https://www.msn.com/en-us/news/us/tesla-crash-national-highway-traffic-safety-administration-is-investing-collision-that-killed-two-people/ar-BBYx4ZC,msn.com,English,United States,
Tesla,20200102T143000Z,Tesla Stock Is Climbing on the Imminent Start of Production in Shanghai,https://www.barrons.com/articles/tesla-stock-production-shanghai-factory-china-tax-credits-model-3-model-y-51577974194,barrons.com,English,China,
Tesla,20200102T023000Z,Tesla Shanghai delivery highlights China full - speed opening - up,https://www.msn.com/en-in/news/other/teslas-shanghai-delivery-highlights-chinas-full-speed-opening-up/ar-BBYwKvf,msn.com,English,United States,
Tesla,20200102T011500Z,Next - Gen Auto Workers Prefer To Work At Tesla Because Of These Reasons,https://www.ibtimes.com/next-gen-auto-workers-prefer-work-tesla-because-these-reasons-2894853,ibtimes.com,English,United States,
Tesla,20200102T170000Z,Tesla anticipated to hit low end of 2019 deliveries forecast,https://www.680news.com/2020/01/02/tesla-anticipated-to-hit-low-end-of-2019-deliveries-forecast/,680news.com,English,Canada,
Tesla,20200102T234500Z,Feds will investigate deadly Tesla crash in California,https://www.canadianbusiness.com/business-news/feds-will-investigate-deadly-tesla-crash-in-california/,canadianbusiness.com,English,Canada,
Tesla,20200102T183000Z,Tesla stock rises after analyst hikes price target above $500,https://www.marketwatch.com/story/teslas-stock-rises-after-analyst-hikes-price-target-above-500-2020-01-02,marketwatch.com,English,United States,
Tesla,20200102T103000Z,Tesla says will start delivering China - made Model 3s to public on January 7,https://www.msn.com/en-ca/finance/topstories/tesla-says-will-start-delivering-china-made-model-3s-to-public-on-january-7/ar-BBYxHxY,msn.com,English,United States,
Tesla,20200102T150000Z,Tesla says it will start delivering China - made Model 3s next week,https://news.yahoo.com/tesla-says-start-delivering-china-144000570.html,news.yahoo.com,English,United States,
Tesla,20200102T134500Z,Tesla says will start delivering China - made Model 3s to public on Jan . 7,https://www.foxbusiness.com/markets/tesla-says-will-start-delivering-china-made-model-3s-to-public-on-jan-7,foxbusiness.com,English,United States,
Tesla,20200102T221500Z,Why Canaccord Genuity Is Now Tesla Biggest Bull ( NASDAQ : TSLA ) ,https://247wallst.com/autos/2020/01/02/why-canaccord-genuity-is-now-teslas-biggest-bull/,247wallst.com,English,United States,
Tesla,20200102T181500Z,Tesla to start delivering China - built Model 3s on Jan . 7 in Shanghai,https://www.autoblog.com/2020/01/02/tesla-china-model-3-deliveries/,autoblog.com,English,United States,
Tesla,20200102T130000Z,Tesla says will start delivering China - made Model 3s to public on Jan . 7,https://www.reuters.com/article/us-tesla-china-delivery/tesla-says-will-start-delivering-china-made-model-3s-to-public-on-jan-7-idUSKBN1Z10CB,reuters.com,English,United States,
Tesla,20200102T130000Z,Tesla says will start delivering China - made Model 3s to public on Jan . 7,https://uk.reuters.com/article/us-tesla-china-delivery/tesla-says-will-start-delivering-china-made-model-3s-to-public-on-jan-7-idUKKBN1Z10CB,uk.reuters.com,English,United States,
Tesla,20200102T130000Z,The new biggest bull on Tesla thinks the stock is going to $515,https://www.cnbc.com/2020/01/02/the-new-biggest-bull-on-tesla-thinks-the-stock-is-going-to-515.html,cnbc.com,English,United States,
Tesla,20200102T161500Z,Tesla rises early as Canaccord lifts target on 2020 EV growth,https://www.bnnbloomberg.ca/tesla-rises-early-as-canaccord-lifts-target-on-2020-ev-growth-1.1368321,bnnbloomberg.ca,English,Canada,
Tesla,20200102T163000Z,Tesla says will start delivering China - made Model 3s to public on Jan . 7,https://finance.yahoo.com/news/tesla-says-deliver-second-batch-070517225.html,finance.yahoo.com,English,United States,
Tesla,20200102T130000Z,UPDATE 2 - Tesla says will start delivering China - made Model 3s to public on Jan . 7,https://www.cnbc.com/2020/01/02/reuters-america-update-2-tesla-says-will-start-delivering-china-made-model-3s-to-public-on-jan-7.html,cnbc.com,English,United States,
Tesla,20200102T181500Z,Tesla says will start delivering China - made Model 3s to public on January 7,https://uk.reuters.com/article/uk-tesla-china-delivery/tesla-says-will-start-delivering-china-made-model-3s-to-public-on-january-7-idUKKBN1Z10BZ,uk.reuters.com,English,United States,
Tesla,20200102T143000Z,Tesla to start delivering China - made Model 3s to the public next week,https://www.theglobeandmail.com/business/international-business/article-tesla-to-deliver-first-china-made-model-3s-to-public-next-week/,theglobeandmail.com,English,Canada,
Tesla,20200102T131500Z,Tesla Gains as Canaccord Lifts Target by a Third on EV Growth,https://finance.yahoo.com/news/tesla-gains-canaccord-lifts-target-115202372.html,finance.yahoo.com,English,United States,
Tesla,20200102T104500Z,Tesla says will start delivering China - made Model 3s to public on Jan . 7,https://in.reuters.com/article/tesla-china-delivery/tesla-says-will-start-delivering-china-made-model-3s-to-public-on-jan-7-idINKBN1Z10LF,in.reuters.com,English,United States,
Tesla,20200102T160000Z,Tesla must face lawsuit claiming racism at California factory,https://nypost.com/2020/01/02/tesla-must-face-lawsuit-claiming-pervasive-racial-harassment-at-california-factory/,nypost.com,English,United States,
Tesla,20200102T041500Z,Tesla crash : National Highway Traffic Safety Administration is investing collision that killed two people,https://edition.cnn.com/2020/01/01/us/tesla-fatal-crash-nhtsa/,edition.cnn.com,English,United States,
Tesla,20200102T041500Z,Tesla crash : National Highway Traffic Safety Administration is investing collision that killed two people,https://www.cnn.com/2020/01/01/us/tesla-fatal-crash-nhtsa/,cnn.com,English,United States,
Tesla,20200102T144500Z,Tesla says will start delivering China - made Model 3s to public on Jan 7,https://zeenews.india.com/tesla-says-will-start-delivering-china-made-model-3s-to-public-on-jan-7-2255327.html,zeenews.india.com,English,India,
Tesla,20200102T123000Z,Tesla crushes other electric car makers in the Netherlands to end 2019,https://www.teslarati.com/tesla-dominated-ev-sales-netherlands-q4-2019/,teslarati.com,English,United States,
Tesla,20200102T021500Z,Feds will investigate deadly Tesla crash in California,https://dentonrc.com/ap/business/feds-will-investigate-deadly-tesla-crash-in-california/article_377f211f-e4c9-5bf8-a4b2-72759643893d.html,dentonrc.com,English,United States,
Tesla,20200102T104500Z,Tesla says will start delivering China - made Model 3s to public on January 7,https://uk.reuters.com/article/us-tesla-china-delivery/tesla-says-will-start-delivering-china-made-model-3s-to-public-on-january-7-idUKKBN1Z10CB,uk.reuters.com,English,United States,
Tesla,20200102T110000Z,Tesla says will start delivering China - made Model 3s to public on January 7,https://www.reuters.com/article/us-tesla-china-delivery/tesla-says-will-start-delivering-china-made-model-3s-to-public-on-january-7-idUSKBN1Z10CB,reuters.com,English,United States,
Tesla,20200102T040000Z,Tesla must face lawsuit claiming racism at California factory | Money,https://www.malaymail.com/news/money/2020/01/01/tesla-must-face-lawsuit-claiming-racism-at-california-factory/1823649,malaymail.com,English,United States,
Tesla,20200102T191500Z,Tesla stock rises after analyst hikes price target above $500,https://www.msn.com/en-us/money/topstocks/teslas-stock-rises-after-analyst-hikes-price-target-above-dollar500/ar-BBYyon7,msn.com,English,United States,
Tesla,20200102T044500Z,"Did Tesla Reach Its Guidance Of More Than 360 , 000 Vehicles Delivered In 2019 ? ",https://cleantechnica.com/2020/01/01/did-tesla-reach-its-guidance-of-more-than-360000-vehicles-delivered-in-2019/,cleantechnica.com,English,United States,
Tesla,20200102T190000Z,Deliveries Of First China - Made Tesla Model 3 For Non - Employees : Jan 7,https://insideevs.com/news/390785/first-mic-model-3-nonemployees-jan-7/,insideevs.com,English,United States,
Tesla,20200102T200000Z,"Tesla Motors , Inc . ( NASDAQ : TSLA ) - Canaccord Lifts Tesla Price Target Above $500 Amid International Opportunity",https://www.benzinga.com/analyst-ratings/analyst-color/20/01/15061699/canaccord-lifts-tesla-price-target-above-500-amid-international-opportunity,benzinga.com,English,United States,
Tesla,20200102T081500Z,"Tesla Hopes to Build 500 , 000 Vehicles a Year in Germany",https://www.thomasnet.com/insights/tesla-hopes-to-build-500-000-vehicles-a-year-in-germany/,thomasnet.com,English,United States,
Tesla,20200102T040000Z,Tesla Shanghai delivery highlights China full - speed opening - up,http://www.china.org.cn/business/2020-01/02/content_75570454.htm,china.org.cn,English,China,
Tesla,20200102T123000Z,Tesla faces investigation into fatal crash and racism lawsuit after stock rally,https://www.telegraph.co.uk/technology/2020/01/02/tesla-faces-investigation-fatal-crash-racism-lawsuit-stock-rally/,telegraph.co.uk,English,United Kingdom,
Tesla,20200102T183000Z,Tesla must face lawsuit claiming racism at California factory,https://edmontonsun.com/news/world/tesla-must-face-lawsuit-claiming-racism-at-california-factory/wcm/2331bf77-4123-4e16-b485-243f7ec959df,edmontonsun.com,English,Canada,
Tesla,20200102T041500Z,National Highway Traffic Safety Administration is investigating a Tesla crash that killed 2 people,https://q13fox.com/2020/01/01/national-highway-traffic-safety-administration-is-investigating-a-tesla-crash-that-killed-2-people/,q13fox.com,English,United States,
Tesla,20200102T091500Z,National Highway Traffic Safety Administration is investigating a Tesla crash that killed 2 people,https://kvia.com/news/us-world/2020/01/02/national-highway-traffic-safety-administration-is-investing-a-tesla-crash-that-killed-2-people/,kvia.com,English,United States,
Tesla,20200102T043000Z,National Highway Traffic Safety Administration is investing a Tesla crash that killed 2 people,https://kvia.com/news/us-world/2020/01/01/national-highway-traffic-safety-administration-is-investing-a-tesla-crash-that-killed-2-people/,kvia.com,English,United States,
Tesla,20200102T121500Z,Tesla says will start delivering China - made Model 3s to public on January 7,https://www.metro.us/news/the-big-stories/tesla-says-will-start-delivering-china-made-model-3s-to-public-january-7,metro.us,English,United States,
Tesla,20200102T023000Z,Tesla Shanghai delivery highlights China full - speed opening - up,https://www.prokerala.com/news/articles/a992952.html,prokerala.com,English,India,
Tesla,20200102T170000Z,Tesla must face lawsuit claiming racism at California factory,https://www.bworldonline.com/tesla-must-face-lawsuit-claiming-racism-at-california-factory/,bworldonline.com,English,Philippines,
Tesla,20200102T001500Z,Tesla fans build Cybertruck tributes,https://www.sunshinecoastdaily.com.au/news/tesla-fans-build-cybertruck-tributes/3911470/,sunshinecoastdaily.com.au,English,Australia,
Tesla,20200102T103000Z,Tesla says will start delivering China - made Model 3s to public on Jan . 7,https://www.nasdaq.com/articles/tesla-says-will-start-delivering-china-made-model-3s-to-public-on-jan.-7-2020-01-02,nasdaq.com,English,United States,
Tesla,20200102T040000Z,Tesla Shanghai delivery highlights China full - speed opening - up,http://www.daijiworld.com/news/newsDisplay.aspx?newsID=659075,daijiworld.com,English,India,
Tesla,20200102T070000Z,National Highway Traffic Safety Administration is investing a Tesla crash that killed 2 people,https://krdo.com/news/national-world/2020/01/01/national-highway-traffic-safety-administration-is-investing-a-tesla-crash-that-killed-2-people/,krdo.com,English,United States,
Tesla,20200102T150000Z,Tesla says will start delivering China - made Model 3s to public on Jan . 7,https://windsorstar.com/pmn/business-pmn/tesla-says-will-start-delivering-china-made-model-3s-to-public-on-jan-7-2/wcm/ea5d0409-100c-41f2-a378-51c8c3b12bad,windsorstar.com,English,Canada,
Tesla,20200102T190000Z,Tesla Cybertruck vs . Garage ... Dutch EV Sales Explosion ... 2012 Model S Still Beats New Non - Tesla EVs Top 20 CleanTechnica Stories of December,https://cleantechnica.com/2020/01/02/tesla-cybertruck-vs-garage-dutch-ev-sales-explosion-2012-model-s-still-beats-new-non-tesla-evs-top-cleantechnica-stories-of-december/,cleantechnica.com,English,United States,
Tesla,20200102T173000Z,Tesla says will start delivering China - made Model 3s to public on Jan . 7,https://isp.netscape.com/pf/story/0002/20200102/KBN1Z10CB_4,isp.netscape.com,English,United States,
Tesla,20200102T123000Z,National Highway Traffic Safety Administration is investigating a Tesla crash that killed 2 people,https://www.erienewsnow.com/story/41511109/national-highway-traffic-safety-administration-is-investigating-a-tesla-crash-that-killed-2-people,erienewsnow.com,English,United States,
Tesla,20200102T080000Z,National Highway Traffic Safety Administration is investing a Tesla crash that killed 2 people,https://www.erienewsnow.com/story/41511109/national-highway-traffic-safety-administration-is-investing-a-tesla-crash-that-killed-2-people,erienewsnow.com,English,United States,
Tesla,20200102T214500Z,Tesla Model Y spotted on car carrier truck outside Palo Alto headquarters,https://www.teslarati.com/tesla-model-y-car-carrier-truck-sighting-palo-alto-ca/,teslarati.com,English,United States,
Tesla,20200102T190000Z,Two Tesla Crashes Kill Three In One Day - One Brings Federal Scrutiny,https://www.torquenews.com/1083/two-tesla-crashes-kill-three-one-day-one-brings-federal-scrutiny,torquenews.com,English,United States,
Tesla,20200102T041500Z,National Highway Traffic Safety Administration is investigating a Tesla crash that killed 2 people,https://www.gwinnettdailypost.com/news/world_nation/national-highway-traffic-safety-administration-is-investigating-a-tesla-crash/article_9a305ce9-fac5-5e06-9c13-7a3e105c0abf.html,gwinnettdailypost.com,English,United States,
Tesla,20200102T180000Z,Elon Musk company Tesla delivers the first Model 3 electric car made in China,https://us.blastingnews.com/news/2020/01/elon-musks-company-tesla-delivers-the-first-model-3-electric-car-made-in-china-003041709.html,us.blastingnews.com,English,Italy,
Tesla,20200102T144500Z,Turkish EV Startup Takes On Tesla Model X With Own Electric SUV,https://www.ibtimes.com/turkish-ev-startup-takes-tesla-model-x-own-electric-suv-2895295,ibtimes.com,English,United States,
Tesla,20200102T093000Z,This TeslaCam Crash Is So Absurd You Get More Questions Than Answers,https://insideevs.com/news/390647/teslacam-crash-absurd-more-questions-than-answers/,insideevs.com,English,United States,
Tesla,20200102T081500Z,Tesla Shanghai factory delivers its first Model 3 cars,https://paultan.org/2020/01/02/teslas-shanghai-factory-delivers-its-first-model-3-cars/,paultan.org,English,Malaysia,
Tesla,20200102T223000Z,Tesla Must Face Trial Over Factory  Jim Crow  Culture Claims,https://www.law360.com/articles/1230724,law360.com,English,United States,
Tesla,20200102T143000Z,Can The Karma SC2 Be Cooler Than The Next Tesla Roadster ? ,https://insideevs.com/reviews/390644/karma-sc2-cooler-next-tesla-roadster/,insideevs.com,English,United States,
Tesla,20200102T163000Z,Federal agency probes Tesla crash that killed 2,https://www.columbian.com/news/2020/jan/02/federal-agency-probes-tesla-crash-that-killed-2/,columbian.com,English,United States,
Tesla,20200102T053000Z,Car and Driver : Our Tesla Model 3 Suffered  Catastrophic Failure  - While Parked,https://www.breitbart.com/the-media/2019/12/31/car-and-driver-our-tesla-model-3-suffered-catastrophic-failure-while-parked/,breitbart.com,English,United States,
Tesla,20200102T154500Z,"Tesla : Ahead Of A Reduction In The EV Tax Incentive In The Netherlands , Record Sales",https://seekingalpha.com/article/4314890-tesla-ahead-of-reduction-in-ev-tax-incentive-in-netherlands-record-sales,seekingalpha.com,English,United States,
Tesla,20200102T064500Z,National Highway Traffic Safety Administration is investing a Tesla crash that killed 2 people,http://www.marklevinshow.com/news/national-highway-traffic-safety-administration-is-investing-a-tesla-crash-that-killed-2-people/,marklevinshow.com,English,United States,
Tesla,20200102T174500Z,Tesla rallies as Canaccord lifts target on EV growth,https://www.thetelegraph.com/business/article/Tesla-rallies-as-Canaccord-lifts-target-on-EV-14944822.php,thetelegraph.com,English,United States,
Tesla,20200102T113000Z,Five biggest things on the way in 2020,https://www.wgrz.com/article/news/local/five-biggest-things-on-the-way-in-2020/71-d5dac508-3343-450e-9f0a-e12627afad27,wgrz.com,English,United States,
Tesla,20200102T063000Z,Why luxury sedans are fading and electric SUVs are on the rise,https://www.msn.com/en-za/news/other/why-luxury-sedans-are-fading-and-electric-suvs-are-on-the-rise/ar-BBYxjW1,msn.com,English,United States,
Tesla,20200102T153000Z,Feds investigating fatal accident involving Tesla vehicle,https://www.wraltechwire.com/2020/01/02/feds-investigating-fatal-accident-involving-tesla-vehicle/,wraltechwire.com,English,United States,
Tesla,20200102T190000Z,Second Crash In One Month Of A Tesla Into A Parked Firetruck Results In Fatality,https://www.torquenews.com/1083/second-crash-one-month-tesla-parked-firetruck-results-fatality,torquenews.com,English,United States,
Tesla,20200102T073000Z,Tesla says will deliver second batch of China - made Model 3s on January 7,https://isp.netscape.com/pf/story/0002/20200102/KBN1Z10CB_1,isp.netscape.com,English,United States,
Tesla,20200102T103000Z,National Highway Traffic Safety Administration is investigating a Tesla crash that killed 2 people,https://localnews8.com/news/2020/01/02/national-highway-traffic-safety-administration-is-investing-a-tesla-crash-that-killed-2-people/,localnews8.com,English,United States,
Tesla,20200102T061500Z,National Highway Traffic Safety Administration is investing a Tesla crash that killed 2 people,https://localnews8.com/news/2020/01/01/national-highway-traffic-safety-administration-is-investing-a-tesla-crash-that-killed-2-people/,localnews8.com,English,United States,
Tesla,20200102T143000Z,Can You Own A Tesla Without A Home Charger ? 5 Tips To Make It Work,https://insideevs.com/features/390734/owning-tesla-no-home-charger-advice/,insideevs.com,English,United States,
Tesla,20200102T081500Z,Tesla says will deliver second batch of China - made Model 3s on January 7,https://www.theedgemarkets.com/article/tesla-says-will-deliver-second-batch-chinamade-model-3s-january-7,theedgemarkets.com,English,Malaysia,
Tesla,20200102T091500Z,Tesla Delivers First Batch Of China - Made Cars At Shanghai  Gigafactory  ,https://www.newsnation.in/auto/cars/tesla-delivers-first-batch-of-china-made-cars-at-shanghais-gigafactory-249461.html,newsnation.in,English,India,
Tesla,20200102T074500Z,Tesla says will deliver second batch of China - made Model 3s on January 7,https://www.channelnewsasia.com/news/business/tesla-says-will-deliver-second-batch-of-china-made-model-3s-on-january-7-12227350,channelnewsasia.com,English,United States,
Tesla,20200102T063000Z,Why luxury sedans are fading and electric SUVs are on the rise,https://www.iol.co.za/motoring/industry-news/why-luxury-sedans-are-fading-and-electric-suvs-are-on-the-rise-39485305,iol.co.za,English,South Africa,
Tesla,20200102T001500Z,"Drifting , Drag Racing , Burn Outs : Tesla Model 3 Battles Dodge Hellcat",http://www.msn.com/en-us/autos/enthusiasts/drifting-drag-racing-burn-outs-tesla-model-3-battles-dodge-hellcat/ar-BBYwGsO,msn.com,English,United States,
Tesla,20200102T113000Z,Tesla says will deliver second batch of China - made Model 3s on Jan . 7,https://www.reuters.com/article/tesla-china-delivery/tesla-says-will-deliver-second-batch-of-china-made-model-3s-on-jan-7-idUSB9N28F033,reuters.com,English,United States,
Tesla,20200102T144500Z,Tesla Stock Is Climbing on News of the Imminent Start of Production in Shanghai,https://www.marketwatch.com/articles/tesla-stock-production-shanghai-factory-china-tax-credits-model-3-model-y-51577974194,marketwatch.com,English,United States,
Tesla,20200102T203000Z,Porsche Taycan Turbo S Two - Speed Transmission Explained,https://www.roadandtrack.com/new-cars/car-technology/a30379498/porsche-taycan-two-speed-transmission-explained/,roadandtrack.com,English,United States,
Tesla,20200102T143000Z,Tesla Cybertruck Pros And Cons Presented By The Money Guy,https://insideevs.com/features/390706/pros-cons-tesla-cybertruck-money-guy/,insideevs.com,English,United States,
Tesla,20200102T164500Z,Autopilot ? NHTSA To Investigate Fatal Tesla Crash After It Ran A Red Light,http://www.autospies.com/news/Autopilot-NHTSA-To-Investigate-Fatal-Tesla-Crash-After-It-Ran-A-Red-Light-101119/,autospies.com,English,United States,
Tesla,20200102T160000Z,National Highway Traffic Safety Administration is investigating a Tesla crash that killed 2 people,https://ktvz.com/news/national-world/2020/01/02/national-highway-traffic-safety-administration-is-investing-a-tesla-crash-that-killed-2-people/,ktvz.com,English,United States,
Tesla,20200102T143000Z,Robocars 2019 Year In Review,https://www.forbes.com/sites/bradtempleton/2020/01/02/robocars-2019-year-in-review/,forbes.com,English,United States,
Tesla,20200102T190000Z,Vote Here For Tesla Model S As Most Influential Automotive Product Of the Decade,https://www.torquenews.com/1083/vote-here-tesla-model-s-most-influential-automotive-product-decade,torquenews.com,English,United States,
Tesla,20200102T184500Z,"Stocks making big moves midday : Tesla , AMD , Peloton , United Airlines",https://www.cnbc.com/2020/01/02/stocks-making-big-moves-midday-tesla-amd-peloton-united-airlines.html,cnbc.com,English,United States,
Tesla,20200102T164500Z,Canadians driving across Canada in a Tesla Model 3 comes up short,https://mobilesyrup.com/2020/01/02/dream-of-two-canadians-driving-across-canada-in-a-tesla-model-3-comes-up-short/,mobilesyrup.com,English,Canada,
Tesla,20200102T083000Z,National Highway Traffic Safety Administration is investigating a Tesla crash that killed 2 people,https://kesq.com/news/national-world/2020/01/02/national-highway-traffic-safety-administration-is-investing-a-tesla-crash-that-killed-2-people/,kesq.com,English,United States,
Tesla,20200102T234500Z,Ford Dealer Near Tesla Factory Gets Influx Of Mustang Mach - E Orders,https://insideevs.com/news/390822/ford-dealership-40-mustang-mach-e-orders/,insideevs.com,English,United States,
Tesla,20200102T010000Z,"Tesla : Just The Price Charts , None Of The Hype",https://www.forbes.com/sites/johnnavin/2020/01/01/tesla-just-the-price-charts-none-of-the-hype/,forbes.com,English,United States,
Tesla,20200102T090000Z,Why stop at just a Tesla Cybertruck when you could also have a Cyberhouse ? ,https://gulfnews.com/auto/news/why-stop-at-just-a-tesla-cybertruck-when-you-could-also-have-a-cyberhouse-1.1577949447950,gulfnews.com,English,United Arab Emirates,
Tesla,20200102T163000Z,EV Company News For The Month Of December 2019,https://seekingalpha.com/article/4314900-ev-company-news-for-month-of-december-2019,seekingalpha.com,English,United States,
Tesla,20200102T110000Z,"China Trade Agreement , Tesla , Boeing , Warren Buffett and Tiffany - 5 Things You Must Know Thursday",https://www.thestreet.com/markets/5-things-you-must-know-before-the-market-opens-monday-010220,thestreet.com,English,United States,
Tesla,20200102T150000Z,"Stocks Power Higher to Start 2020 , S & P 500 and Nasdaq Hit Records",https://www.thestreet.com/markets/stocks-power-higher-to-start-2020-sp-500-and-nasdaq-hit-records,thestreet.com,English,United States,
Tesla,20200102T224500Z,NIO : A High Risk Investment With A Tough Road Ahead,https://seekingalpha.com/article/4314999-nio-high-risk-investment-tough-road-ahead,seekingalpha.com,English,United States,
Tesla,20200102T073000Z,Tesla says will deliver second batch of China - made Model 3s on January 7 | Reuters | Business,https://www.theguardian.pe.ca/business/reuters/tesla-says-will-deliver-second-batch-of-china-made-model-3s-on-january-7-393444/,theguardian.pe.ca,English,Canada,
Tesla,20200102T164500Z,The Hottest New Supercars of 2020,https://www.barrons.com/articles/the-hottest-new-supercars-of-2020-01577981522,barrons.com,English,China,
Tesla,20200102T201500Z,A popular Wall Street blogger vowed to never short the stock market again until now,https://www.marketwatch.com/story/a-popular-wall-street-blogger-vowed-to-never-short-the-stock-market-again-until-now-2020-01-02,marketwatch.com,English,United States,
Tesla,20200102T154500Z,Market movers : Stocks seeing action on Thursday - and why,https://www.theglobeandmail.com/investing/markets/inside-the-market/article-market-movers-stocks-seeing-action-on-thursday-and-why-33/,theglobeandmail.com,English,Canada,
Tesla,20200102T161500Z,"Thursday biggest calls : Tesla , Advanced Micro Devices & more . ",https://www.cnbc.com/2020/01/02/thursdays-biggest-calls-tesla-advanced-micro-devices-more.html,cnbc.com,English,United States,
Tesla,20200102T131500Z,"Stocks making the biggest moves premarket : Ford , Boeing , Tesla and more",https://www.cnbc.com/2020/01/02/stocks-making-the-biggest-moves-premarket-ford-boeing-tesla-and-more.html,cnbc.com,English,United States,
Tesla,20200102T184500Z,5 things to know before the stock market opens on the first trading day of 2020,https://www.msn.com/en-us/finance/markets/5-things-to-know-before-the-stock-market-opens-on-the-first-trading-day-of-2020/ar-BBYy7HU,msn.com,English,United States,
Tesla,20200102T140000Z,"Tesla Motors , Inc . ( NASDAQ : TSLA ) - Tesla To Begin Delivering China - Made Model 3 To Public On Jan . 7",https://www.benzinga.com/news/20/01/15059892/tesla-to-begin-delivering-china-made-model-3-to-public-on-jan-7,benzinga.com,English,United States,
Tesla,20200102T003000Z,,https://www.cbc.ca/news/thenational/the-worst-marketing-blunders-of-2019-1.5412225,cbc.ca,English,Canada,
Tesla,20200102T181500Z,Top LA news : Deadly Tesla crash under investigation ; trumpeter Jack Sheldon dies at 88 ; more,https://news.yahoo.com/top-la-news-deadly-tesla-170756730.html,news.yahoo.com,English,United States,
Tesla,20200102T123000Z,2021 Ford Mach - E Mustang : Dealership gets 40 orders for electric SUV,https://www.freep.com/story/money/cars/ford/2020/01/02/2021-ford-mach-e-mustang-suv-electric/2782349001/,freep.com,English,United States,
Tesla,20200102T140000Z,"5 things to know before the stock market opens on January 1 , 2020",https://www.cnbc.com/2020/01/02/5-things-to-know-before-the-stock-market-opens-on-january-1-2020.html,cnbc.com,English,United States,
Tesla,20200102T104500Z,Why electric cars still dont live up to the hype : Charles Lane,https://www.tulsaworld.com/opinion/columnists/why-electric-cars-still-don-t-live-up-to-the/article_f8559101-a640-5975-8121-bd32e3db98fe.html,tulsaworld.com,English,United States,
Tesla,20200102T173000Z,Bosch announces lower cost sensors for self - driving cars,https://www.neowin.net/news/bosch-announces-lower-cost-sensors-for-self-driving-cars,neowin.net,English,United States,
Tesla,20200102T033000Z,"Tesla : Tesla hold on electrics wont last as rivals ready big launches , Energy News , ET EnergyWorld",https://energy.economictimes.indiatimes.com/news/power/teslas-hold-on-electrics-wont-last-as-rivals-ready-big-launches/73063833,energy.economictimes.indiatimes.com,English,India,
Tesla,20200102T081500Z,"Tesla Cybertruck , Meet Cybunker",https://www.thomasnet.com/articles/daily-bite/tesla-cybertruck-meet-cybunker/,thomasnet.com,English,United States,
Tesla,20200102T180000Z,"Carlos Ghosn , wanted by Interpol after escape , joins list of auto executives who have flouted convention and the law",https://www.msn.com/en-us/finance/companies/carlos-ghosn-wanted-by-interpol-after-escape-joins-list-of-auto-executives-who-have-flouted-convention-and-the-law/ar-BBYyCp0,msn.com,English,United States,
Tesla,20200102T184500Z,Air crash deaths globally drop by more than half in 2019,http://westchester.news12.com/story/41513180/air-crash-deaths-globally-drop-by-more-than-half-in-2019,westchester.news12.com,English,United States,
Tesla,20200102T180000Z,"  First Edition  electric Mustang is all sold out , says Ford",https://www.nbcnews.com/business/autos/first-edition-electric-mustang-all-sold-out-says-ford-n1109116,nbcnews.com,English,United States,
Tesla,20200102T190000Z,"  First Edition  electric Mustang is all sold out , says Ford",https://www.nbcnews.com/business/autos/first-edition-electric-mustang-all-sold-out-says-ford-n1109116?cid=public-rss_20200102,nbcnews.com,English,United States,
Tesla,20200102T154500Z,Exploiting Wi - Fi Stack on Tesla Model S,https://keenlab.tencent.com/en/2020/01/02/exploiting-wifi-stack-on-tesla-model-s/,keenlab.tencent.com,English,,
Tesla,20200102T181500Z,"Carlos Ghosn , wanted by Interpol after escape , joins list of auto executives who have flouted convention and the law",https://news.yahoo.com/carlos-ghosn-wanted-interpol-escape-173246503.html,news.yahoo.com,English,United States,
Tesla,20200102T134500Z,"How Diddy , Drake , Beyoncé & More Celebrated the New Year",https://www.highsnobiety.com/p/celebrities-new-years-eve/,highsnobiety.com,English,United States,
Tesla,20200102T184500Z,"  First Edition  electric Mustang is all sold out , says Ford",https://www.ksby.com/news/national-news/first-edition-electric-mustang-is-all-sold-out-says-ford,ksby.com,English,United States,
Tesla,20200102T151500Z,"BUZZ - U . S . STOCKS ON THE MOVE - Tesla , Alibaba",https://www.nasdaq.com/articles/buzz-u.s.-stocks-on-the-move-tesla-alibaba-2020-01-02,nasdaq.com,English,United States,
Tesla,20200102T104500Z,San Francisco County jail – NBC Bay Area,https://www.nbcbayarea.com/tag/san-francisco-county-jail/,nbcbayarea.com,English,United States,
Tesla,20200102T181500Z,Payne : 10 vehicles that defined the decade,https://www.detroitnews.com/story/opinion/columnists/henry-payne/2020/01/01/ten-vehicles-that-defined-decade/2745125001/,detroitnews.com,English,United States,
Tesla,20200102T153000Z,AI generates old - fashioned zoological illustrations of beetles,https://boingboing.net/2020/01/02/ai-generates-old-fashioned-zoo.html,boingboing.net,English,United States,
Tesla,20200102T000000Z,The most popular TechSpot stories and features of 2019,https://www.techspot.com/news/83369-most-popular-techspot-stories-features-2019.html,techspot.com,English,United States,
Tesla,20200102T153000Z,"Dow jumps 200 points , hits record as Wall Street monster 2019 rally extends into the new year",http://www.msn.com/en-us/money/markets/dow-jumps-200-points-hits-record-as-wall-streets-monster-2019-rally-extends-into-the-new-year/ar-BBYxbot,msn.com,English,United States,
Tesla,20200102T171500Z,Inspur Edge AI Servers Now Supporting NVIDIA EGX Platform,https://www.marketwatch.com/press-release/inspur-edge-ai-servers-now-supporting-nvidia-egx-platform-2020-01-02,marketwatch.com,English,United States,
Tesla,20200102T084500Z,"How Diddy , Drake , Beyoncé & More Celebrated the New Year",https://www.highsnobiety.com/p/celebrities-new-years-eve-2019/,highsnobiety.com,English,United States,
Tesla,20200102T003000Z,"Solar panels are increasingly popular . Should you buy , lease or rent ? ",https://www.msn.com/en-us/money/markets/solar-panels-are-increasingly-popular-should-you-buy-lease-or-rent/ar-BBYwuwl,msn.com,English,United States,
Tesla,20200102T184500Z,Bosch to offer lower - cost sensors for self - driving cars,https://europe.autonews.com/automakers/bosch-offer-lower-cost-sensors-self-driving-cars,europe.autonews.com,English,United States,
Tesla,20200102T091500Z,Germany Bosch to offer lower - cost sensors for self - driving cars,https://finance.yahoo.com/news/germanys-bosch-offer-lower-cost-080548315.html,finance.yahoo.com,English,United States,
Tesla,20200102T144500Z,Germany Bosch to Offer Lower - Cost Sensors for Self - Driving Cars,https://www.nytimes.com/reuters/2020/01/02/business/02reuters-autos-bosch-lidar.html,nytimes.com,English,United States,
Tesla,20200102T101500Z,Germany Bosch to offer lower - cost sensors for self - driving cars,https://www.channelnewsasia.com/news/business/germany-s-bosch-to-offer-lower-cost-sensors-for-self-driving-cars-12227528,channelnewsasia.com,English,United States,
Tesla,20200102T101500Z,Germany Bosch to offer lower - cost sensors for self - driving cars,https://nationalpost.com/pmn/technology-pmn/germanys-bosch-to-offer-lower-cost-sensors-for-self-driving-cars,nationalpost.com,English,Canada,
Tesla,20200102T034500Z,Ghosn legacy : Renault and Nissan lose share value,https://www.independent.ie/business/world/ghosns-legacy-renault-and-nissan-lose-share-value-38827958.html,independent.ie,English,Ireland,
Tesla,20200102T163000Z,P71 Ranger Project : Ugliest Donor Car Ever,https://oppositelock.kinja.com/p71-ranger-project-ugliest-donor-car-ever-1840773620,oppositelock.kinja.com,English,United States,
Tesla,20200102T091500Z,Germany Bosch to offer lower - cost sensors for self - driving cars,https://theprovince.com/pmn/technology-pmn/germanys-bosch-to-offer-lower-cost-sensors-for-self-driving-cars/wcm/8ab14d82-1860-4fbb-88d3-2e91d319d257,theprovince.com,English,Canada,
Tesla,20200102T191500Z,"Markets Rise In 2020 , Trade Deal Still In Focus , China Manufacturing Expands",https://finance.yahoo.com/news/markets-rise-2020-trade-deal-134527373.html,finance.yahoo.com,English,United States,
Tesla,20200102T083000Z,Germany Bosch to offer lower - cost sensors for self - driving cars,https://www.msn.com/en-ca/finance/topstories/germanys-bosch-to-offer-lower-cost-sensors-for-self-driving-cars/ar-BBYxrT4,msn.com,English,United States,
Tesla,20200102T111500Z,Germany Bosch to offer lower - cost sensors for self - driving cars | Reuters | Business,https://www.thechronicleherald.ca/business/reuters/germanys-bosch-to-offer-lower-cost-sensors-for-self-driving-cars-393446/,thechronicleherald.ca,English,Canada,
Tesla,20200102T101500Z,  Blade Runner  artist Syd Mead dies at 86 | Inquirer Entertainment,https://entertainment.inquirer.net/357030/p2fb-blade-runner-artist-syd-mead-dies-at-86,entertainment.inquirer.net,English,Philippines,
Tesla,20200102T144500Z,Volkswagen  Battery Wagon  EV - Charging Robots,https://hypebeast.com/2020/1/volkswagen-battery-wagon-robots-ev-electric-vehicle-recharging-prototype-autonomous,hypebeast.com,English,United States,
Tesla,20200102T143000Z,Thursday analyst upgrades and downgrades - The Globe and Mail,https://www.theglobeandmail.com/investing/markets/inside-the-market/article-thursdays-analyst-upgrades-and-downgrades-92/,theglobeandmail.com,English,Canada,
Tesla,20200102T024500Z,A look at what SpaceX first - ever astronaut launch will look like,https://www.turnto23.com/news/national/watch-what-spacexs-first-ever-astronaut-launch-will-look-like,turnto23.com,English,United States,
Tesla,20200102T093000Z,Germany Bosch to offer lower - cost sensors for self - driving cars,https://www.oann.com/germanys-bosch-to-offer-lower-cost-sensors-for-self-driving-cars/,oann.com,English,United States,
Tesla,20200102T084500Z,Germany Bosch to offer lower - cost sensors for self - driving cars,https://www.msn.com/zh-hk/news/englishnews/germanys-bosch-to-offer-lower-cost-sensors-for-self-driving-cars/ar-BBYxqgB,msn.com,English,United States,
Tesla,20200102T231500Z,These assertions about electric cars ran out of gas - The Washington Post,https://www.washingtonpost.com/opinions/these-assertions-about-electric-cars-ran-out-of-gas/2020/01/02/20c79870-2c01-11ea-bffe-020c88b3f120_story.html,washingtonpost.com,English,United States,
Tesla,20200102T111500Z,Germany Bosch to offer lower - cost sensors for self - driving cars,https://uk.reuters.com/article/uk-autos-bosch-lidar/germanys-bosch-to-offer-lower-cost-sensors-for-self-driving-cars-idUKKBN1Z10EE,uk.reuters.com,English,United States,
Tesla,20200102T094500Z,Germany Bosch to offer lower - cost sensors for self - driving cars,https://uk.reuters.com/article/us-autos-bosch-lidar/germanys-bosch-to-offer-lower-cost-sensors-for-self-driving-cars-idUKKBN1Z10EK,uk.reuters.com,English,United States,
Tesla,20200102T091500Z,Germany Bosch to offer lower - cost sensors for self - driving cars,https://www.reuters.com/article/us-autos-bosch-lidar-idUSKBN1Z10EK,reuters.com,English,United States,
Tesla,20200102T083000Z,Germany Bosch to offer lower - cost sensors for self - driving cars,https://www.reuters.com/article/us-autos-bosch-lidar/germanys-bosch-to-offer-lower-cost-sensors-for-self-driving-cars-idUSKBN1Z10EK,reuters.com,English,United States,
Tesla,20200102T213000Z,Blade Runner concept artist Syd Mead dies aged 86,https://www.dezeen.com/2020/01/02/syd-mead-dies-blade-runner-designer/,dezeen.com,English,United Kingdom,
Tesla,20200102T130000Z,The Canadian Press | Driving,https://driving.ca/author/thecanadianpress,driving.ca,English,Canada,
Tesla,20200102T060000Z,"Amazon app quiz January 2 , 2020 : Get answers to these five questions and win Rs 10 , 000 as Amazon Pay balance",https://timesofindia.indiatimes.com/gadgets-news/amazon-app-quiz-december-2-2020-get-answers-to-these-five-questions-and-win-rs-10000-as-amazon-pay-balance/articleshow/73064441.cms,timesofindia.indiatimes.com,English,India,
Tesla,20200102T191500Z,The Nashville Ledger,http://www.tnledger.com/editorial/Article.aspx?id=124677,tnledger.com,English,United States,
Tesla,20200102T180000Z,Tesla anticipated to hit low end of 2019 deliveries forecast,https://www.1310news.com/2020/01/02/tesla-anticipated-to-hit-low-end-of-2019-deliveries-forecast/,1310news.com,English,United States,
Tesla,20200102T171500Z,Tesla anticipated to hit low end of 2019 deliveries forecast,https://www.herald-dispatch.com/ap/ap_nation/tesla-anticipated-to-hit-low-end-of-deliveries-forecast/article_f3de3fb5-9e57-5922-a1e6-d6548cf9cea7.html,herald-dispatch.com,English,United States,
Tesla,20200102T184500Z,Update on the latest business,https://www.ksl.com/article/46698822/update-on-the-latest-business,ksl.com,English,United States,
Tesla,20200102T063000Z,Ohio excessive electric / hybrid vehicle fees go well beyond road - use parity,https://www.cleveland.com/letters/2020/01/ohios-excessive-electrichybrid-vehicle-fees-go-well-beyond-road-use-parity.html,cleveland.com,English,United States,
Tesla,20200102T201500Z,Feds Will Investigate Deadly Tesla Crash in California,https://www.claimsjournal.com/news/national/2020/01/02/294804.htm,claimsjournal.com,English,United States,
Tesla,20200102T164500Z,"BUZZ - U . S . STOCKS ON THE MOVE - Tesla , Alibaba , United Airlines",https://www.nasdaq.com/articles/buzz-u.s.-stocks-on-the-move-tesla-alibaba-united-airlines-2020-01-02,nasdaq.com,English,United States,
Tesla,20200102T131500Z,Feds to Investigate Deadly Tesla Crash,https://www.dtnpf.com/agriculture/web/ag/news/world-policy/article/2020/01/02/feds-investigate-deadly-tesla-crash,dtnpf.com,English,United States,
Tesla,20200102T123000Z,Germany Bosch to offer lower - cost sensors for self - driving cars - Netscape Money & Business,https://isp.netscape.com/pf/story/0002/20200102/KBN1Z10EK_1,isp.netscape.com,English,United States,
Tesla,20200102T011500Z,"Doug Ford , Andrew Scheer , Jason Kenney dominated our readership in 2019",https://www.nationalobserver.com/2019/12/31/features/doug-ford-andrew-scheer-jason-kenney-dominated-our-readership-2019,nationalobserver.com,English,Canada,
Tesla,20200102T053000Z,  Blade Runner  artist Syd Mead dies at 86,https://www.rappler.com/entertainment/news/248378-artist-syd-mead-dies,rappler.com,English,Philippines,
Tesla,20200102T220000Z,"Anixter , Tesla rise while Wingstop , SL Green fall",https://www.chron.com/business/article/Anixter-Tesla-rise-while-Wingstop-SL-Green-fall-14945587.php,chron.com,English,United States,
Tesla,20200102T220000Z,"Anixter , Tesla rise while Wingstop , SL Green fall",https://www.sfgate.com/business/article/Anixter-Tesla-rise-while-Wingstop-SL-Green-fall-14945587.php,sfgate.com,English,United States,
Tesla,20200102T094500Z,"Syd Mead , visual artist behind Blade Runner , dies at 86",https://www.straitstimes.com/lifestyle/entertainment/syd-mead-visual-artist-behind-blade-runner-dies-at-86,straitstimes.com,English,Singapore,
Tesla,20200102T083000Z,Blade Runner artist shaped sci - fi landscape in movies,https://www.straitstimes.com/lifestyle/entertainment/blade-runner-artist-shaped-sci-fi-landscape-in-movies,straitstimes.com,English,Singapore,
Tesla,20200102T223000Z,"Anixter , Tesla rise while Wingstop , SL Green fall",http://www.startribune.com/anixter-tesla-rise-while-wingstop-sl-green-fall/566660821/,startribune.com,English,United States,
Tesla,20200102T193000Z,Tesla to launch operations in Israel – J . ,https://www.jweekly.com/2020/01/02/tesla-to-launch-operations-in-israel/,jweekly.com,English,Israel,
Tesla,20200102T233000Z,"Anixter , Tesla rise while Wingstop , SL Green fall",https://www.washingtonpost.com/business/anixter-tesla-rise-while-wingstop-sl-green-fall/2020/01/02/c316f344-2da7-11ea-bffe-020c88b3f120_story.html,washingtonpost.com,English,United States,
Tesla,20200102T120000Z,Germany Bosch to offer lower - cost sensors for self - driving cars | Reuters | Business,https://www.theguardian.pe.ca/business/reuters/germanys-bosch-to-offer-lower-cost-sensors-for-self-driving-cars-393446/,theguardian.pe.ca,English,Canada,
Tesla,20200102T220000Z,"Anixter , Tesla rise while Wingstop , SL Green fall",https://www.680news.com/2020/01/02/anixter-tesla-rise-while-wingstop-sl-green-fall/,680news.com,English,Canada,
Tesla,20200102T053000Z,Blade Runner artist Syd Mead dies at 86,https://www.thesundaily.my/style-life/entertainment/blade-runner-artist-syd-mead-dies-at-86-YJ1847320,thesundaily.my,English,Malaysia,
Tesla,20200102T083000Z,What News : Business & Finance WSJ,https://www.morningstar.com/news/dow-jones/20200102822/whats-news-business-finance-wsj,morningstar.com,English,China,
Tesla,20200102T121500Z,"5 tech that will explode in your life this decade , IT News , ET CIO",https://cio.economictimes.indiatimes.com/news/corporate-news/5-tech-that-will-explode-in-your-life-this-decade/73070917,cio.economictimes.indiatimes.com,English,India,
Tesla,20200102T130000Z,5 tech trends that will explode in your life this decade,https://www.hindustantimes.com/tech/5-tech-trends-that-will-explode-in-your-life-this-decade/story-qGm2IwETiWwRRuuJk3dbPP.html,hindustantimes.com,English,India,
Tesla,20200102T211500Z,The Most Anticipated Cars Coming in 2020,https://www.topspeed.com/cars/the-most-anticipated-cars-coming-in-2020-ar187341.html,topspeed.com,English,United States,
Tesla,20200102T170000Z,Baystreet . ca - Tesla To Deliver First Chinese Made Vehicles On January 7,http://www.baystreet.ca/techinsider/2016/Tesla-To-Deliver-First-Chinese-Made-Vehicles-On-January-7,baystreet.ca,English,Canada,
Tesla,20200102T204500Z,Baystreet . ca - Tesla To Deliver First Chinese Made Vehicles On January 7,http://www.baystreet.ca/articles/techinsider/53519/Tesla-To-Deliver-First-Chinese-Made-Vehicles-On-January-7,baystreet.ca,English,Canada,
Tesla,20200102T114500Z,5 tech that will explode in your life this decade,https://www.prokerala.com/news/articles/a993129.html,prokerala.com,English,India,
Tesla,20200102T140000Z,Tesla says will start delivering China - made Model 3s to public on Jan . 7 | News,https://kfgo.com/news/articles/2020/jan/02/tesla-says-will-deliver-second-batch-of-china-made-model-3s-on-january-7/970835/,kfgo.com,English,United States,
Tesla,20200102T140000Z,Tesla says will start delivering China - made Model 3s to public on Jan . 7 | News,https://wnmtradio.com/news/articles/2020/jan/02/tesla-says-will-deliver-second-batch-of-china-made-model-3s-on-january-7/970835/,wnmtradio.com,English,United States,
Tesla,20200102T010000Z,Tesla fans build Cybertruck tributes,https://www.tweeddailynews.com.au/news/tesla-fans-build-cybertruck-tributes/3911470/,tweeddailynews.com.au,English,Australia,
Tesla,20200102T010000Z,Tesla fans build Cybertruck tributes,https://www.warwickdailynews.com.au/news/tesla-fans-build-cybertruck-tributes/3911470/,warwickdailynews.com.au,English,Australia,
Tesla,20200102T003000Z,Tesla fans build Cybertruck tributes,https://www.themorningbulletin.com.au/news/tesla-fans-build-cybertruck-tributes/3911470/,themorningbulletin.com.au,English,Australia,
Tesla,20200102T003000Z,Tesla fans build Cybertruck tributes,https://www.dailyexaminer.com.au/news/tesla-fans-build-cybertruck-tributes/3911470/,dailyexaminer.com.au,English,Australia,
Tesla,20200102T004500Z,Tesla fans build Cybertruck tributes,https://www.whitsundaytimes.com.au/news/tesla-fans-build-cybertruck-tributes/3911470/,whitsundaytimes.com.au,English,Australia,
Tesla,20200102T031500Z,Tesla fans build Cybertruck tributes,https://www.bigrigs.com.au/news/tesla-fans-build-cybertruck-tributes/3911470/,bigrigs.com.au,English,Australia,
Tesla,20200102T001500Z,Tesla fans build Cybertruck tributes,https://www.gladstoneobserver.com.au/news/tesla-fans-build-cybertruck-tributes/3911470/,gladstoneobserver.com.au,English,Australia,
Tesla,20200102T001500Z,Tesla fans build Cybertruck tributes,https://www.cqnews.com.au/news/tesla-fans-build-cybertruck-tributes/3911470/,cqnews.com.au,English,Australia,
Tesla,20200102T201500Z,Tesla Must Face Lawsuit Claiming Racism at California Factory,https://www.claimsjournal.com/news/west/2020/01/02/294800.htm,claimsjournal.com,English,United States,
Tesla,20200102T091500Z,NHTSA launches an investigation into Tesla fatal crash in California,https://invezz.com/news/equities/nhtsa-launches-an-investigation-into-teslas-fatal-crash-in-california/,invezz.com,English,United Kingdom,
Tesla,20200102T114500Z,Germany Bosch to offer lower - cost sensors for self - driving cars,https://www.dailymail.co.uk/money/cars/article-7844511/Germanys-Bosch-offer-lower-cost-sensors-self-driving-cars.html,dailymail.co.uk,English,United Kingdom,
Tesla,20200102T003000Z,The year in scandal : Business leaders who hit the headlines,https://www.nbcnews.com/business/business-news/year-scandal-business-leaders-who-hit-headlines-n1108596?cid=public-rss_20200102,nbcnews.com,English,United States,
Tesla,20200102T154500Z,National Highway Traffic Safety Administration is investigating a Tesla crash that killed 2 people,http://www.klik1240.com/news/national-highway-traffic-safety-administration-is-investigating-a-tesla-crash-that-killed-2-people/,klik1240.com,English,United States,
Tesla,20200102T154500Z,National Highway Traffic Safety Administration is investigating a Tesla crash that killed 2 people,http://www.1050talk.com/news/national-highway-traffic-safety-administration-is-investigating-a-tesla-crash-that-killed-2-people/,1050talk.com,English,United States,
Tesla,20200102T153000Z,National Highway Traffic Safety Administration is investigating a Tesla crash that killed 2 people,http://www.wvnn.com/news/national-highway-traffic-safety-administration-is-investigating-a-tesla-crash-that-killed-2-people/,wvnn.com,English,United States,
Tesla,20200102T123000Z,National Highway Traffic Safety Administration is investigating a Tesla crash that killed 2 people,http://www.z937.com/news/national-highway-traffic-safety-administration-is-investigating-a-tesla-crash-that-killed-2-people/,z937.com,English,United States,
Tesla,20200102T130000Z,National Highway Traffic Safety Administration is investigating a Tesla crash that killed 2 people,https://www.kdrv.com/content/news/566645201.html,kdrv.com,English,United States,
Tesla,20200102T093000Z,National Highway Traffic Safety Administration is investing a Tesla crash that killed 2 people,http://www.wbmq.net/news/national-highway-traffic-safety-administration-is-investing-a-tesla-crash-that-killed-2-people/,wbmq.net,English,United States,
Tesla,20200102T093000Z,National Highway Traffic Safety Administration is investing a Tesla crash that killed 2 people,http://www.kbull93.com/news/national-highway-traffic-safety-administration-is-investing-a-tesla-crash-that-killed-2-people/,kbull93.com,English,United States,
Tesla,20200102T093000Z,National Highway Traffic Safety Administration is investing a Tesla crash that killed 2 people,http://www.wogb.fm/news/national-highway-traffic-safety-administration-is-investing-a-tesla-crash-that-killed-2-people/,wogb.fm,English,United States,
Tesla,20200102T150000Z,National Highway Traffic Safety Administration is investigating a Tesla crash that killed 2 people,http://www.firstlightradio.com/news/national-highway-traffic-safety-administration-is-investigating-a-tesla-crash-that-killed-2-people/,firstlightradio.com,English,United States,
Tesla,20200102T150000Z,National Highway Traffic Safety Administration is investigating a Tesla crash that killed 2 people,http://www.newsradio1029.com/news/national-highway-traffic-safety-administration-is-investigating-a-tesla-crash-that-killed-2-people/,newsradio1029.com,English,United States,
Tesla,20200102T180000Z,National Highway Traffic Safety Administration is investigating a Tesla crash that killed 2 people,http://www.supertalk1570.com/news/national-highway-traffic-safety-administration-is-investigating-a-tesla-crash-that-killed-2-people/,supertalk1570.com,English,United States,
Tesla,20200102T171500Z,National Highway Traffic Safety Administration is investigating a Tesla crash that killed 2 people,http://www.997wtn.com/news/national-highway-traffic-safety-administration-is-investigating-a-tesla-crash-that-killed-2-people/,997wtn.com,English,United States,
Tesla,20200102T140000Z,National Highway Traffic Safety Administration is investigating a Tesla crash that killed 2 people,http://www.1490wosh.com/news/national-highway-traffic-safety-administration-is-investigating-a-tesla-crash-that-killed-2-people/,1490wosh.com,English,United States,
Tesla,20200102T113000Z,National Highway Traffic Safety Administration is investigating a Tesla crash that killed 2 people,http://www.khit1075.com/news/national-highway-traffic-safety-administration-is-investigating-a-tesla-crash-that-killed-2-people/,khit1075.com,English,United States,
Tesla,20200102T113000Z,National Highway Traffic Safety Administration is investigating a Tesla crash that killed 2 people,http://www.wjcw.com/news/national-highway-traffic-safety-administration-is-investigating-a-tesla-crash-that-killed-2-people/,wjcw.com,English,United States,
Tesla,20200102T121500Z,National Highway Traffic Safety Administration is investigating a Tesla crash that killed 2 people,http://www.kvor.com/news/national-highway-traffic-safety-administration-is-investigating-a-tesla-crash-that-killed-2-people/,kvor.com,English,United States,
Tesla,20200102T101500Z,National Highway Traffic Safety Administration is investing a Tesla crash that killed 2 people,http://www.wjbc.com/news/national-highway-traffic-safety-administration-is-investing-a-tesla-crash-that-killed-2-people/,wjbc.com,English,United States,
Tesla,20200102T114500Z,National Highway Traffic Safety Administration is investigating a Tesla crash that killed 2 people,http://www.wftw.com/news/national-highway-traffic-safety-administration-is-investigating-a-tesla-crash-that-killed-2-people/,wftw.com,English,United States,
Apple Inc,20200103T020000Z,Apple : Hires Ex - HBO Boss Richard Plepler to Build Out TV+ Lineup,https://www.marketscreener.com/APPLE-INC-4849/news/Apple-Hires-Ex-HBO-Boss-Richard-Plepler-to-Build-Out-TV-Lineup-29789520/,marketscreener.com,English,,
Apple Inc,20200103T164500Z,Apple hires former HBO head to make content for TV+,http://www.taipeitimes.com/News/biz/archives/2020/01/04/2003728675,taipeitimes.com,English,Taiwan,
Apple Inc,20200103T003000Z,"Apple Lands Ex - HBO Head Richard Plepler to Make Movies , Shows for TV+",https://finance.yahoo.com/news/apple-lands-ex-hbo-head-220048844.html,finance.yahoo.com,English,United States,
Apple Inc,20200103T084500Z,Former HBO Chief Executive Strikes A Deal With Apple TV+ For Content Production,https://www.benzinga.com/news/20/01/15065362/former-hbo-chief-executive-strikes-a-deal-with-apple-tv-for-content-production,benzinga.com,English,United States,
Apple Inc,20200103T071500Z,  All I Want To Do Is Run My Own Little PT Boat : HBO Chief Executive Strikes A Deal With Apple TV+ For Content Production,https://www.benzinga.com/news/20/01/15065362/all-i-want-to-do-is-run-my-own-little-pt-boat-hbo-chief-executive-strikes-a-deal-with-apple-tv-for-c,benzinga.com,English,United States,
Apple Inc,20200103T114500Z,"Dell to let Apple users control their iPhone from its laptops | Technology News , The Indian Express",https://indianexpress.com/article/technology/laptops/dell-to-let-apple-users-control-their-iphone-from-its-laptops-6198189/,indianexpress.com,English,India,
Apple Inc,20200103T170000Z,Apple ( AAPL ) Launching iPhone Model to Drive Top Line in 2020,https://www.nasdaq.com/articles/apple-aapl-launching-iphone-model-to-drive-top-line-in-2020-2020-01-03,nasdaq.com,English,United States,
Apple Inc,20200103T004500Z,Amazon and Google Vegas - bound for Consumer Electronics Show with digital assistants in tow,https://www.thestar.com/business/2020/01/02/amazon-and-google-vegas-bound-for-consumer-electronics-show-with-digital-assistants-in-tow.html,thestar.com,English,Canada,
Apple Inc,20200103T033000Z,Amazon and Google to hit CES technology show with digital assistants in tow,https://www.detroitnews.com/story/business/2020/01/02/amazon-google-ces-digital-assistants/40934561/,detroitnews.com,English,United States,
Apple Inc,20200103T140000Z,Human Rights,http://www.benzinga.com/topic/human-rights,benzinga.com,English,United States,
Apple Inc,20200103T020000Z,Apple Hires Ex - HBO Boss Richard Plepler to Build Out TV+ Lineup,https://www.wsj.com/articles/apple-hires-ex-hbo-boss-richard-plepler-to-build-out-tv-lineup-11578013952,wsj.com,English,United States,
Apple Inc,20200103T010000Z,Apple tops US$300 for first time as shares extend record high,https://www.bnnbloomberg.ca/apple-tops-us-300-for-first-time-as-shares-extend-record-high-1.1368555,bnnbloomberg.ca,English,Canada,
Apple Inc,20200103T110000Z,Apple users will soon be able to control iPhones from their Dell laptops,https://www.hindustantimes.com/tech/apple-users-will-soon-be-able-to-control-iphones-from-their-dell-laptops/story-gwCVUO7HJ0j1mbuj3TdhuL.html,hindustantimes.com,English,India,
Apple Inc,20200103T053000Z,Tim Culpan - The Japan Times,https://www.japantimes.co.jp/author/int-tim_culpan/,japantimes.co.jp,English,Japan,
Apple Inc,20200103T141500Z,Herere the Top Stock Trades for 2020,https://finance.yahoo.com/news/herere-top-stock-trades-2020-130201396.html,finance.yahoo.com,English,United States,
Apple Inc,20200103T013000Z,Apple Shares Top $300 Amid Optimism About Holiday Sales,https://www.theedgemarkets.com/article/apple-shares-top-300-amid-optimism-about-holiday-sales,theedgemarkets.com,English,Malaysia,
Apple Inc,20200103T140000Z,Sony | Benzinga,http://www.benzinga.com/topic/sony,benzinga.com,English,United States,
Apple Inc,20200103T140000Z,Small - cap woes highlight stock market dependency on mega - cap names,https://www.marketwatch.com/story/small-cap-woes-highlight-stock-markets-dependency-on-mega-cap-names-2020-01-03,marketwatch.com,English,United States,
Apple Inc,20200103T143000Z,Tim Cook donated $2 million in Apple shares to an unnamed charity,https://www.businessinsider.in/tech/news/tim-cook-donated-2-million-in-apple-shares-to-an-unnamed-charity/articleshow/73086611.cms,businessinsider.in,English,India,
Apple Inc,20200103T153000Z,"Apple Inc . ( NASDAQ : AAPL ) - Apple Analysts Raise Price Targets , iPhone Still Driving Bullishness Months After Release",https://www.benzinga.com/analyst-ratings/price-target/20/01/15066910/apple-analysts-raise-price-targets-iphone-still-driving-bullishness-months-after-rel,benzinga.com,English,United States,
Apple Inc,20200103T173000Z,"Top Analyst Upgrades and Downgrades : Apple , BofA , Chipotle , Cogent , Endo , Humana , Incyte , L Brands , NextEra Energy , Papa John , Wingstop and More",https://247wallst.com/investing/2020/01/03/top-analyst-upgrades-and-downgrades-apple-bofa-chipotle-cogent-endo-humana-incyte-l-brands-nextera-energy-papa-johns-wingstop-and-more/,247wallst.com,English,United States,
Apple Inc,20200103T103000Z,This Day in History : Jan . 3,https://www.foxnews.com/us/this-day-in-history-jan-3,foxnews.com,English,United States,
Apple Inc,20200103T210000Z,Trump administration officials to talk tech policy at Las Vegas confab,https://uk.reuters.com/article/us-tech-ces-washington/trump-administration-officials-to-talk-tech-policy-at-las-vegas-confab-idUKKBN1Z2235,uk.reuters.com,English,United States,
Apple Inc,20200103T211500Z,Trump administration officials to talk tech policy at Las Vegas confab,https://www.reuters.com/article/us-tech-ces-washington-idUSKBN1Z2235,reuters.com,English,United States,
Apple Inc,20200103T210000Z,Trump administration officials to talk tech policy at Las Vegas confab,https://www.reuters.com/article/us-tech-ces-washington/trump-administration-officials-to-talk-tech-policy-at-las-vegas-confab-idUSKBN1Z2235,reuters.com,English,United States,
Apple Inc,20200103T234500Z,Tim Cook Made $125 Million in Apple 2019 Fiscal Year,https://finance.yahoo.com/news/tim-cook-made-125-million-224857454.html,finance.yahoo.com,English,United States,
Apple Inc,20200103T124500Z,AMD to usurp Apple as TSMC largest 7nm customer - Industry - News,https://m.hexus.net/tech/news/industry/138323-amd-usurp-apple-tsmcs-largest-7nm-customer/,m.hexus.net,English,United Kingdom,
Apple Inc,20200103T113000Z,AMD to usurp Apple as TSMC largest 7nm customer,https://hexus.net/tech/news/industry/138323-amd-usurp-apple-tsmcs-largest-7nm-customer/,hexus.net,English,United Kingdom,
Apple Inc,20200103T090000Z,What a decade of Netflix did to Hollywood,https://www.dallasnews.com/opinion/commentary/2020/01/03/what-a-decade-of-netflix-did-to-hollywood/,dallasnews.com,English,United States,
Apple Inc,20200103T214500Z,"Apple Appeals To Supreme Court Over VirnetX Patent Ruling , Says It Grossly Unfair",http://www.iphonehacks.com/2020/01/apple-appeals-supreme-court-virnetx-patent-ruling-grossly-unfair.html,iphonehacks.com,English,United States,
Apple Inc,20200103T050000Z,Imagination Tech AI And GPUs Could Be Used In Apple Next - Generation Products,https://www.ibtimes.com/imagination-techs-ai-gpus-could-be-used-apples-next-generation-products-2895366,ibtimes.com,English,United States,
Apple Inc,20200103T181500Z,"Buy Synaptics Stock to Play Apple 2020 iPhone Lineup , Analyst Says",https://www.nasdaq.com/articles/buy-synaptics-stock-to-play-apples-2020-iphone-lineup-analyst-says-2020-01-03,nasdaq.com,English,United States,
Apple Inc,20200103T040000Z,Large Apple Option Traders Kick Off 2020 With Heavy Call Buying,https://finance.yahoo.com/news/large-apple-option-traders-kick-182336568.html,finance.yahoo.com,English,United States,
Apple Inc,20200103T204500Z,Trump administration officials to talk tech policy at Las ... ,http://news.trust.org/item/20200103194337-67dmp,news.trust.org,English,United States,
Apple Inc,20200103T123000Z,Apple Could Be World First Company Worth $2 Trillion ( NYSE : AAPL ) ,https://247wallst.com/consumer-electronics/2020/01/03/apple-could-be-americas-first-company-worth-2-trillion/,247wallst.com,English,United States,
Apple Inc,20200103T001500Z,Former HBO CEO Richard Plepler to produce for AppleTV+,https://www.foxbusiness.com/media/former-hbo-ceo-to-produce-appletv,foxbusiness.com,English,United States,
Apple Inc,20200103T173000Z,Apple Key 2020 Dilemma : Wall Street Cannot ( or Will Not ) Keep Up With It ! ,https://247wallst.com/technology-3/2020/01/03/apples-key-2020-dilemma-wall-street-cannot-or-will-not-keep-up-with-it/,247wallst.com,English,United States,
Apple Inc,20200103T000000Z,The 10 Hottest New 2 - in - 1 Laptops And Tablets Of 2019,https://www.crn.com/slide-shows/mobility/the-10-hottest-new-2-in-1-laptops-and-tablets-of-2019,crn.com,English,United States,
Apple Inc,20200103T083000Z,"Apple Inc . ( NASDAQ : AAPL ), SAMSUNG ELECT LTD ( F ) ( SSNLF ) - Samsung Shipped 6 . 7M Smartphones With 5G In 2019 , Exceeding Its Own Expectations",https://www.benzinga.com/news/20/01/15065389/samsung-shipped-6-7m-smartphones-with-5g-in-2019-exceeding-its-own-expectations,benzinga.com,English,United States,
Apple Inc,20200103T130000Z,Tech trends : What could see a breakthrough in 2020 ? ,https://www.iol.co.za/business-report/technology/tech-trends-what-could-see-a-breakthrough-in-2020-39968882,iol.co.za,English,South Africa,
Apple Inc,20200103T164500Z,E Ink Holding gains ministry approval to invest NT$1 . 2bn,http://www.taipeitimes.com/News/biz/archives/2020/01/04/2003728669,taipeitimes.com,English,Taiwan,
Apple Inc,20200103T171500Z,EU trade chief fixes January US trip in bid to ease tensions,https://gulfnews.com/business/eu-trade-chief-fixes-january-us-trip-in-bid-to-ease-tensions-1.68791030,gulfnews.com,English,United Arab Emirates,
Apple Inc,20200103T221500Z,Defense Stocks Are a Rare Bright Spot in Friday Session,https://www.morningstar.com/news/dow-jones/202001036541/defense-stocks-are-a-rare-bright-spot-in-fridays-session,morningstar.com,English,China,
Apple Inc,20200103T100000Z,"China tech industry straps in for more turbulence after a wild 2019 | Technology News , The Indian Express",https://indianexpress.com/article/technology/tech-news-technology/chinas-tech-industry-straps-in-for-more-turbulence-after-a-wild-2019-6196981/,indianexpress.com,English,India,
Apple Inc,20200103T163000Z,Dickey Barbecue Pit Kicks - off New Decade with Deal for New Franchisees,http://www.globenewswire.com/news-release/2020/01/03/1966073/0/en/Dickey-s-Barbecue-Pit-Kicks-off-New-Decade-with-Deal-for-New-Franchisees.html,globenewswire.com,English,United States,
Apple Inc,20200103T054500Z,PRESS DIGEST - Wall Street Journal - Jan 3,https://www.reuters.com/article/press-digest-wsj/press-digest-wall-street-journal-jan-3-idUSL4N2980NX,reuters.com,English,United States,
Apple Inc,20200103T180000Z,Defense Stocks Are a Rare Bright Spot in Friday Session,https://www.morningstar.com/news/dow-jones/202001034776/defense-stocks-are-a-rare-bright-spot-in-fridays-session,morningstar.com,English,China,
Apple Inc,20200103T130000Z,"After TikTok , Bytedance targets Indian music lovers with Resso",https://www.prokerala.com/news/articles/a993470.html,prokerala.com,English,India,
Apple Inc,20200103T043000Z,Japan firms growing pessimistic about economy amid US - China spat,https://mainichi.jp/english/articles/20200103/p2g/00m/0bu/046000c,mainichi.jp,English,Japan,
Apple Inc,20200103T221500Z,Japanese firms growing pessimistic about economy amid U . S .- China spat,https://japantoday.com/category/business/japan-firms-growing-pessimistic-about-economy-amid-u.s.-china-spat,japantoday.com,English,Japan,
Apple Inc,20200103T153000Z,Fan CapitolMac to close - Richmond BizSense,https://richmondbizsense.com/2020/01/03/fans-capitolmac-to-close/,richmondbizsense.com,English,United States,
Apple Inc,20200103T073000Z,  All I Want To Do Is Run My Own Little PT Boat : HBO Chief Executive Strikes A Deal With Apple TV+ For Content Production,https://mrtopstep.com/all-i-want-to-do-is-run-my-own-little-pt-boat-hbo-chief-executive-strikes-a-deal-with-apple-tv-for-content-production/,mrtopstep.com,English,United States,
Apple Inc,20200103T223000Z,Iran tension stamps out a strong start to 2020,https://www.washingtonpost.com/business/iran-tension-stamps-out-a-strong-start-to-2020/2020/01/03/80d5956e-29e5-11ea-9c21-2c2a4d2c2166_story.html,washingtonpost.com,English,United States,
Apple Inc,20200103T051500Z,"Wall St . kicks off 2020 at record levels on China stimulus , trade hopes",https://www.firstpost.com/business/wall-st-kicks-off-2020-at-record-levels-on-china-stimulus-trade-hopes-7853851.html,firstpost.com,English,India,
Apple Inc,20200103T164500Z,"TikTok : After TikTok , Bytedance targets Indian music lovers with Resso , Telecom News , ET Telecom",https://telecom.economictimes.indiatimes.com/news/after-tiktok-bytedance-targets-indian-music-lovers-with-resso/73089922,telecom.economictimes.indiatimes.com,English,India,
Apple Inc,20200103T054500Z,Trends Forecasting : How Tech Will Influence Digital Media Market In 2024,https://www.marketwatch.com/press-release/trends-forecasting-how-tech-will-influence-digital-media-market-in-2024-2020-01-03,marketwatch.com,English,United States,
Apple Inc,20200103T124500Z,"After TikTok , Bytedance targets Indian music lovers with Resso",http://www.daijiworld.com/news/newsDisplay.aspx?newsID=659607,daijiworld.com,English,India,
Apple Inc,20200103T034500Z,Japan firms growing pessimistic about economy amid U . S .- China spat,https://www.japantimes.co.jp/news/2020/01/03/business/economy-business/japan-pessimistic-economy-survey/,japantimes.co.jp,English,Japan,
Apple Inc,20200103T024500Z,Overnight Markets : Wall Street kicks off 2020 with new records,https://citywire.co.uk/new-model-adviser/news/overnight-markets-wall-street-kicks-off-2020-with-new-records/a1309271,citywire.co.uk,English,United Kingdom,
Apple Inc,20200103T081500Z,What News : Business & Finance WSJ,https://www.morningstar.com/news/dow-jones/20200103920/whats-news-business-finance-wsj,morningstar.com,English,China,
Apple Inc,20200103T130000Z,Friday analyst upgrades and downgrades - The Globe and Mail,https://www.theglobeandmail.com/investing/markets/inside-the-market/article-fridays-analyst-upgrades-and-downgrades-89/,theglobeandmail.com,English,Canada,
Apple Inc,20200103T204500Z,"Samsung intros new  Lite  versions of Galaxy S10 , Galaxy Note10 flagships",https://siliconangle.com/2020/01/03/samsung-intros-new-lite-versions-galaxy-s10-galaxy-note10-flagships/,siliconangle.com,English,United States,
Apple Inc,20200103T203000Z,Wall Street Fears More Stock Pain After  Dramatic  Mideast Clash,https://www.newsmax.com/finance/streettalk/wall-street-pain-fears-mideast/2020/01/03/id/948307/,newsmax.com,English,United States,
Apple Inc,20200103T003000Z,"Wall Street kicks off 2020 at record levels on China stimulus , trade hopes | Money",https://www.malaymail.com/news/money/2020/01/03/wall-street-kicks-off-2020-at-record-levels-on-china-stimulus-trade-hopes/1824209,malaymail.com,English,United States,
Apple Inc,20200103T050000Z,Bosch to offer lower - cost sensors for self - driving cars,https://www.autonews.com/ces/bosch-offer-lower-cost-sensors-self-driving-cars,autonews.com,English,United States,
Apple Inc,20200103T163000Z,Chip Market Could Rebound In 2020 : Nintendo And Apple Chip Maker,https://finance.yahoo.com/news/chip-market-could-rebound-2020-120449366.html,finance.yahoo.com,English,United States,
Apple Inc,20200103T131500Z,"Apple Inc . ( NASDAQ : AAPL ), NINTENDO CO LTD ADR ( NTDOY ) - Chip Market Could Rebound In 2020 : Nintendo And Apple Chip Maker",https://www.benzinga.com/news/20/01/15065450/chip-market-could-rebound-in-2020-nintendo-and-apple-chip-maker,benzinga.com,English,United States,
Apple Inc,20200103T134500Z,2020 Vision : Two Investment Mistakes To Avoid,https://www.nasdaq.com/articles/2020-vision:-two-investment-mistakes-to-avoid-2020-01-03,nasdaq.com,English,United States,
Apple Inc,20200103T101500Z,EU Trade Chief Fixes January U . S . Trip in Bid to Ease Tensions,https://finance.yahoo.com/news/eu-trade-chief-fixes-january-091106622.html,finance.yahoo.com,English,United States,
Apple Inc,20200103T171500Z,"Findit , Inc .: Findit . com Posts Gain in Overall Alexa Ranking Over Previous Month",https://www.finanznachrichten.de/nachrichten-2020-01/48530734-findit-inc-findit-com-posts-gain-in-overall-alexa-ranking-over-previous-month-200.htm,finanznachrichten.de,English,Germany,
Apple Inc,20200103T203000Z,"TechPinas : Philippine Technology News , Tips and Reviews Blog",https://www.techpinas.com/search?updated-max=2019-12-09T22:30:00+08:00&max-results=12,techpinas.com,English,Philippines,
Apple Inc,20200103T090000Z,Ninth Circuit Reverses District Court : No Claim Preclusion From TTAB Dismissal Of Cancellation Petition - Intellectual Property,http://mondaq.com/unitedstates/x/879742/Trademark/Ninth+Circuit+Reverses+District+Court+No+Claim+Preclusion+from+TTAB+Dismissal+of+Cancellation+Petition,mondaq.com,English,United States,
Apple Inc,20200103T110000Z,LG to Unveil 2020 Real 8K TV Lineup Featuring Next - Gen AI Processor at CES 2020,https://www.newswire.ca/news-releases/lg-to-unveil-2020-real-8k-tv-lineup-featuring-next-gen-ai-processor-at-ces-2020-883794961.html,newswire.ca,English,Canada,
Apple Inc,20200103T044500Z,China tech industry straps in for more turbulence,https://www.businesstimes.com.sg/technology/chinas-tech-industry-straps-in-for-more-turbulence,businesstimes.com.sg,English,Singapore,
Apple Inc,20200103T133000Z,China tech industry straps in for more turbulence,https://www.businesstimes.com.sg/garage/chinas-tech-industry-straps-in-for-more-turbulence,businesstimes.com.sg,English,Singapore,
Apple Inc,20200103T160000Z,A Kid Accidentally Swallowed AirPod Christmas Gift,https://96krock.com/2020/01/03/a-kid-accidentally-swallowed-airpod-christmas-gift/,96krock.com,English,United States,
Apple Inc,20200103T133000Z,A Kid Accidentally Swallowed AirPod Christmas Gift,https://wrif.com/2020/01/03/a-kid-accidentally-swallowed-airpod-christmas-gift/,wrif.com,English,United States,
Apple Inc,20200103T134500Z,Is iShares MSCI ACWI Low Carbon Target ETF ( CRBN ) a Strong ETF Right Now ? ,https://www.nasdaq.com/articles/is-ishares-msci-acwi-low-carbon-target-etf-crbn-a-strong-etf-right-now-2020-01-03,nasdaq.com,English,United States,
Apple Inc,20200103T010000Z,Wall St . starts 2020 at record levels on China stimulus and trade hopes,https://www.japantimes.co.jp/news/2020/01/03/business/financial-markets/wall-st-starts-2020-record-levels-china-stimulus-trade-hopes/,japantimes.co.jp,English,Japan,
Apple Inc,20200103T093000Z,Daily Download : Johann Strauss II - Tales from the Vienna Woods,https://www.classicalmpr.org/story/2020/01/03/daily-download-johann-strauss-ii--tales-from-the-vienna-woods,classicalmpr.org,English,United States,
Apple Inc,20200103T194500Z,Domino Pizza® Announces ICR Conference Presentation Webcast,https://www.prnewswire.com/news-releases/dominos-pizza-announces-icr-conference-presentation-webcast-300980979.html,prnewswire.com,English,United States,
Apple Inc,20200103T191500Z,Domino Pizza® Announces ICR Conference Presentation Webcast,https://www.prnewswire.com:443/news-releases/dominos-pizza-announces-icr-conference-presentation-webcast-300980979.html,prnewswire.com,English,United States,
Apple Inc,20200103T021500Z,Foxtel Help & Support - Re : Foxtel iQ4 - Sound and / or Picture Dropouts - Page 54 - Foxtel Community,https://community.foxtel.com.au/t5/Foxtel-iQ4/Foxtel-iQ4-Sound-and-or-Picture-Dropouts/m-p/284785,community.foxtel.com.au,English,Australia,
Apple Inc,20200103T021500Z,Foxtel Help & Support - Re : Foxtel iQ4 - Sound and / or Picture Dropouts - Page 54 - Foxtel Community,https://community.foxtel.com.au/t5/Foxtel-iQ4/Foxtel-iQ4-Sound-and-or-Picture-Dropouts/m-p/284783,community.foxtel.com.au,English,Australia,
Apple Inc,20200103T021500Z,Foxtel Help & Support - Re : Foxtel iQ4 - Sound and / or Picture Dropouts - Page 54 - Foxtel Community,https://community.foxtel.com.au/t5/Foxtel-iQ4/Foxtel-iQ4-Sound-and-or-Picture-Dropouts/m-p/284784,community.foxtel.com.au,English,Australia,
Apple Inc,20200103T021500Z,Foxtel Help & Support - Re : Foxtel iQ4 - Sound and / or Picture Dropouts - Page 54 - Foxtel Community,https://community.foxtel.com.au/t5/Foxtel-iQ4/Foxtel-iQ4-Sound-and-or-Picture-Dropouts/m-p/284782,community.foxtel.com.au,English,Australia,
Apple Inc,20200103T080000Z,Foxtel Help & Support - Re : Foxtel iQ4 - Sound and / or Picture Dropouts - Page 54 - Foxtel Community,https://community.foxtel.com.au/t5/Foxtel-iQ4/Foxtel-iQ4-Sound-and-or-Picture-Dropouts/m-p/284793,community.foxtel.com.au,English,Australia,
Apple Inc,20200103T080000Z,Foxtel Help & Support - Re : Foxtel iQ4 - Sound and / or Picture Dropouts - Page 54 - Foxtel Community,https://community.foxtel.com.au/t5/Foxtel-iQ4/Foxtel-iQ4-Sound-and-or-Picture-Dropouts/m-p/284794,community.foxtel.com.au,English,Australia,
Apple Inc,20200103T193000Z,Thank you for a great home tour,http://www.dailypress.com/virginiagazette/opinion/va-vg-ed-letters-bond-0104-20200103-65sux42v7zc3rgqzg6egg5xqxi-story.html,dailypress.com,English,United States,
Apple Inc,20200103T014500Z,LG To Unveil 2020 Real 8K TV Lineup Featuring Next - Gen AI Processor At CES 2020,https://www.prnewswire.com/news-releases/lg-to-unveil-2020-real-8k-tv-lineup-featuring-next-gen-ai-processor-at-ces-2020-300980679.html,prnewswire.com,English,United States,
Apple Inc,20200103T013000Z,LG To Unveil 2020 Real 8K TV Lineup Featuring Next - Gen AI Processor At CES 2020,https://www.prnewswire.com:443/news-releases/lg-to-unveil-2020-real-8k-tv-lineup-featuring-next-gen-ai-processor-at-ces-2020-300980679.html,prnewswire.com,English,United States,
Apple Inc,20200103T170000Z,Intellithings Announces Expanded Functionality for RoomMe ; Further Enhances True Occupancy Automation for Smart Homes,https://www.twice.com/the-wire/intellithings-announces-expanded-functionality-for-roomme-further-enhances-true-occupancy-automation-for-smart-homes,twice.com,English,United States,
Apple Inc,20200103T050000Z,"US Market starts 2020 with new records on China stimulus , trade hopes",https://www.business-standard.com/article/news-cm/us-market-starts-2020-with-new-records-on-china-stimulus-trade-hopes-120010300148_1.html,business-standard.com,English,India,
Apple Inc,20200103T034500Z,"Samsung , LG to showcase upgraded AI - powered products at CES",http://nwww.koreaherald.com/view.php?ud=20200103000120,nwww.koreaherald.com,English,South Korea,
Apple Inc,20200103T031500Z,"Samsung , LG to showcase upgraded AI - powered products at CES",http://www.koreaherald.com/view.php?ud=20200103000120,koreaherald.com,English,South Korea,
Apple Inc,20200103T203000Z,Findit . com Posts Gain in Overall Alexa Ranking Over Previous Month,https://www.pr-inside.com/findit-com-posts-gain-in-overall-alexa-ranking-ove-r4783183.htm,pr-inside.com,English,United States,
Apple Inc,20200103T224500Z,  Grapes of Wrath  Movie Adaptation Dispute Headed to Supreme Court,https://www.hollywoodreporter.com/thr-esq/grapes-wrath-movie-adaptation-dispute-headed-supreme-court-1266130,hollywoodreporter.com,English,United States,
Apple Inc,20200103T180000Z,Austin 10 most important developments of the 2010s,https://austin.curbed.com/2020/1/1/21044771/austin-biggest-most-important-developments-decade-2010,austin.curbed.com,English,United States,
Apple Inc,20200103T213000Z,Resideo Joins Zigbee Alliance Board of Directors,https://www.twice.com/industry/resideo-joins-zigbee-alliance-board-of-directors,twice.com,English,United States,
Apple Inc,20200103T013000Z,Co - creator defends suspected UAE spying app called ToTok,https://www.japantimes.co.jp/?post_type=news&p=2404825,japantimes.co.jp,English,Japan,
Apple Inc,20200103T010000Z,Co - creator defends suspected UAE spying app called ToTok,https://www.japantimes.co.jp/news/2020/01/03/business/tech/co-creator-defends-suspected-uae-spying-app-called-totok/,japantimes.co.jp,English,Japan,
Apple Inc,20200103T001500Z,"Wall Street starts 2020 with new records on China stimulus , trade hopes",https://www.straitstimes.com/business/companies-markets/wall-street-starts-2020-with-new-records-on-china-stimulus-trade-hopes,straitstimes.com,English,Singapore,
Apple Inc,20200103T164500Z,Great Music at St . Bart | The Diapason,https://www.thediapason.com/news/great-music-st-barts,thediapason.com,English,United States,
Apple Inc,20200103T160000Z,Samsung deploys AI - powered ordering in refrigerators,https://www.paymentssource.com/news/samsung-deploys-ai-powered-ordering-in-refrigerators,paymentssource.com,English,United States,
Apple Inc,20200103T164500Z,Invesco BuyBack Achievers ETF : Unconvincing Strategy As Implemented,https://seekingalpha.com/article/4315098-invesco-buyback-achievers-etf-unconvincing-strategy-implemented,seekingalpha.com,English,United States,
Apple Inc,20200103T054500Z,"Wall Street starts 2020 with new records on China stimulus , trade hopes",https://www.investing.com/news/stock-market-news/wall-street-starts-2020-with-records-as-china-stimulus-adds-to-optimistic-mood-2051110,investing.com,English,United States,
Apple Inc,20200103T010000Z,"Wall Street starts 2020 with new records on China stimulus , trade hopes",https://www.investing.com/news/stock-market-news/wall-street-starts-2020-with-new-records-on-china-stimulus-trade-hopes-2051110,investing.com,English,United States,
Apple Inc,20200103T124500Z,MCAFEE Tech number # l8OO 6348 . O15 # Mcafee Antivirus login customer,https://patch.com/illinois/joliet/mcafee-tech-number-l8oo-6348-o15-mcafee-antivirus-login-customer,patch.com,English,United States,
Apple Inc,20200103T084500Z,INCREDIMAIL Tech number # l8OO 6348O15 # mail login customer . care7G,https://patch.com/illinois/joliet/incredimail-tech-number-l8oo-6348o15-mail-login-customer-care7g,patch.com,English,United States,
Apple Inc,20200103T061500Z,"Wall St starts 2020 with new records on China stimulus , trade hopes",https://www.thehindubusinessline.com/markets/stock-markets/wall-st-starts-2020-with-new-records-on-china-stimulus-trade-hopes/article30467624.ece,thehindubusinessline.com,English,India,
Apple Inc,20200103T201500Z,Macy Inc ( NYSE : M ) - Large Macy Option Trader Betting On A Rebound Year,https://www.benzinga.com/trading-ideas/long-ideas/20/01/15069135/large-macys-option-trader-betting-on-a-rebound-year,benzinga.com,English,United States,
Apple Inc,20200103T210000Z,Who do you think deserves the Home Place Furniture Rockin  Apple Award ? ,https://mix1063.com/2019/09/27/who-do-you-think-deserves-the-home-place-furniture-rockin-apple-award/,mix1063.com,English,United States,
Apple Inc,20200103T031500Z,LG To Unveil 2020 Real 8K TV Lineup Featuring Next - Gen AI Processor At CES 2020,https://markets.businessinsider.com/news/stocks/lg-to-unveil-2020-real-8k-tv-lineup-featuring-next-gen-ai-processor-at-ces-2020-1028792361,markets.businessinsider.com,English,United States,
Apple Inc,20200103T013000Z,"Wall Street starts 2020 with new records on China stimulus , trade hopes",https://www.metro.us/news/the-big-stories/wall-street-starts-2020-new-records-china-stimulus-trade-hopes,metro.us,English,United States,
Apple Inc,20200103T011500Z,"Wall Street starts 2020 with new records on China stimulus , trade hopes",https://www.metro.us/reuters/money/wall-street-starts-2020-new-records-china-stimulus-trade-hopes,metro.us,English,United States,
Apple Inc,20200103T211500Z,Coldplay to Perform Exclusive Stripped - Down Set in Los Angeles for SiriusXM and Pandora on January 15,https://finance.yahoo.com/news/coldplay-perform-exclusive-stripped-down-150000633.html,finance.yahoo.com,English,United States,
Apple Inc,20200103T161500Z,Coldplay to Perform Exclusive Stripped - Down Set in Los Angeles for SiriusXM and Pandora on January 15,https://www.prnewswire.com/news-releases/coldplay-to-perform-exclusive-stripped-down-set-in-los-angeles-for-siriusxm-and-pandora-on-january-15-300980851.html,prnewswire.com,English,United States,
Apple Inc,20200103T153000Z,Coldplay to Perform Exclusive Stripped - Down Set in Los Angeles for SiriusXM and Pandora on January 15,https://www.prnewswire.com:443/news-releases/coldplay-to-perform-exclusive-stripped-down-set-in-los-angeles-for-siriusxm-and-pandora-on-january-15-300980851.html,prnewswire.com,English,United States,
Apple Inc,20200103T021500Z,"Wall St . starts 2020 with new records on China stimulus , trade hopes",https://www.firstpost.com/business/wall-st-starts-2020-with-new-records-on-china-stimulus-trade-hopes-7853951.html,firstpost.com,English,India,
Apple Inc,20200103T121500Z,Taiwan shares end slightly higher amid renewed Middle East tensions | Business | Focus Taiwan,http://focustaiwan.tw/news/aeco/202001030014.aspx,focustaiwan.tw,English,Taiwan,
Apple Inc,20200103T161500Z,BetterInvesting 100 Index Increases 13 . 55 % for 10 Years Through December,https://www.prnewswire.com/news-releases/betterinvesting-100-index-increases-13-55-for-10-years-through-december-300980890.html,prnewswire.com,English,United States,
Apple Inc,20200103T161500Z,BetterInvesting 100 Index Increases 13 . 55 % for 10 Years Through December,https://www.prnewswire.com:443/news-releases/betterinvesting-100-index-increases-13-55-for-10-years-through-december-300980890.html,prnewswire.com,English,United States,
Apple Inc,20200103T020000Z,LG To Unveil 2020 Real 8K TV Lineup Featuring Next - Gen AI Processor At CES 2020,https://news.yahoo.com/lg-unveil-2020-real-8k-010000293.html,news.yahoo.com,English,United States,
Apple Inc,20200103T041500Z,How Canada Is Quietly Retooling Its Auto Industry - New Technology,http://mondaq.com/canada/x/879656/new+technology/How+Canada+Is+Quietly+Retooling+Its+Auto+Industry,mondaq.com,English,United States,
Apple Inc,20200103T034500Z,How Canada Is Quietly Retooling Its Auto Industry - New Technology,http://www.mondaq.com/canada/x/879656/new+technology/How+Canada+Is+Quietly+Retooling+Its+Auto+Industry,mondaq.com,English,United States,
Apple Inc,20200103T124500Z,"aol mail login tech For united states AOL Coast : Here When , How tech Faq # ",https://patch.com/illinois/joliet/aol-mail-login-tech-usa-aol-coast-heres-when-how-tech-faq,patch.com,English,United States,
Apple Inc,20200103T230000Z,Will Roku Carry Momentum Over Into 2020 ? ,https://www.nasdaq.com/articles/will-roku-carry-momentum-over-into-2020-2020-01-03,nasdaq.com,English,United States,
Apple Inc,20200103T171500Z,XLK : The Technology Sector Is Completely Off The Charts,https://seekingalpha.com/article/4315092-xlk-technology-sector-is-completely-off-charts,seekingalpha.com,English,United States,
Apple Inc,20200103T183000Z,"Austin economy in 2020 : Expect solid growth , but below boom - town pace - Business - Austin American - Statesman",https://www.statesman.com/business/20200103/austins-economy-in-2020-expect-solid-growth-but-below-boom-town-pace,statesman.com,English,United States,
Apple Inc,20200103T173000Z,Obits | INFORUM,https://www.inforum.com/obituaries/obits/4848717-Wayne-Thorson,inforum.com,English,United States,
Apple Inc,20200103T081500Z,COMCAST Mail Login Tech NumbEr COMCAST tech solVe customer . care u,https://patch.com/illinois/joliet/comcast-mail-login-tech-number-comcast-tech-solve-customer-care-u,patch.com,English,United States,
Apple Inc,20200103T080000Z,INSTAGRAM Mail Login Tech NumbEr INSTAGRAM tech solVe customer . ca,https://patch.com/illinois/joliet/instagram-mail-login-tech-number-instagram-tech-solve-customer-ca,patch.com,English,United States,
Apple Inc,20200103T080000Z,ZOHO Mail Login Tech Number ZOHO tech solVe customer . care united states sol,https://patch.com/illinois/joliet/zoho-mail-login-tech-number-zoho-tech-solve-customer-care-usa-sol,patch.com,English,United States,
Apple Inc,20200103T133000Z,aol mail login tech For united states AOL Coast : Here When * How tech ajm # ,https://patch.com/illinois/joliet/aol-mail-login-tech-usa-aol-coast-heres-when-how-tech-ajm,patch.com,English,United States,
Apple Inc,20200103T134500Z,This Could Be the Biggest Breakthrough in the Entertainment Industry,https://www.prnewswire.com/news-releases/this-could-be-the-biggest-breakthrough-in-the-entertainment-industry-300980673.html,prnewswire.com,English,United States,
Apple Inc,20200103T133000Z,This Could Be the Biggest Breakthrough in the Entertainment Industry,https://www.prnewswire.com:443/news-releases/this-could-be-the-biggest-breakthrough-in-the-entertainment-industry-300980673.html,prnewswire.com,English,United States,
Apple Inc,20200103T091500Z,Germany Bosch to introduce cheaper sensors for automated driving,https://invezz.com/news/equities/germanys-bosch-to-introduce-cheaper-sensors-for-automated-driving/,invezz.com,English,United Kingdom,
Apple Inc,20200103T133000Z,This Could Be the Biggest Breakthrough in the Entertainment Industry,https://www.finanznachrichten.de/nachrichten-2020-01/48529101-this-could-be-the-biggest-breakthrough-in-the-entertainment-industry-008.htm,finanznachrichten.de,English,Germany,
Apple Inc,20200103T001500Z,Police Tracked a Terror Suspect --- Until His Phone Went Dark After a Facebook Warning,https://www.msn.com/en-us/news/other/police-tracked-a-terror-suspect-until-his-phone-went-dark-after-a-facebook-warning/ar-BBYyMU8,msn.com,English,United States,
Apple Inc,20200103T190000Z,"Gold , Bonds , Crude All On The Rise After US Strike In Middle East Sparks Fears",https://finance.yahoo.com/news/gold-bonds-crude-rise-us-150401752.html,finance.yahoo.com,English,United States,
Apple Inc,20200103T153000Z,"Apple Inc . ( NASDAQ : AAPL ), Boeing Company ( The ) ( NYSE : BA ) - Gold , Bonds , Crude All On The Rise After US Strike In Middle East Sparks Fears",https://www.benzinga.com/news/earnings/20/01/15067159/gold-bonds-crude-all-on-the-rise-after-us-strike-in-middle-east-sparks-fears,benzinga.com,English,United States,
Apple Inc,20200103T220000Z,Four Different Ways You Can Use Your Biggest Advantage Over Wall Street,https://moneymorning.com/investing/four-different-ways-you-can-use-your-biggest-advantage-over-wall-street/,moneymorning.com,English,United States,
Apple Inc,20200103T034500Z,Stocks Set New Highs to Start 2020,https://www.morningstar.com/news/dow-jones/202001027922/stocks-set-new-highs-to-start-2020,morningstar.com,English,China,
Apple Inc,20200103T053000Z,"Connected Home Devices Market Analysis , Strategic Assessment , Trend Outlook And Business Opportunities – Galus Australis",http://galusaustralis.com/2020/01/276580/connected-home-devices-market-analysis-strategic-assessment-trend-outlook-and-business-opportunities/,galusaustralis.com,English,Australia,
Apple Inc,20200103T123000Z,"After TikTok , Bytedance targets Indian music lovers with Resso",http://www.canindia.com/after-tiktok-bytedance-targets-indian-music-lovers-with-resso/,canindia.com,English,India,
Apple Inc,20200103T041500Z,"Samsung , LG to Showcase Upgraded AI - powered Products at CES",http://koreabizwire.com/samsung-lg-to-showcase-upgraded-ai-powered-products-at-ces/150659,koreabizwire.com,English,South Korea,
Apple Inc,20200103T230000Z,Dickey Barbecue Pit Kicks - off New Decade with Deal for New Franchisees,http://www.restaurantnews.com/dickeys-barbecue-pit-kicks-off-new-decade-with-deal-for-new-franchisees-010320/,restaurantnews.com,English,United States,
Apple Inc,20200104T000000Z,Dickey Barbecue Pit Kicks - off New Decade with Deal for New Franchisees,http://www.restaurantnewsrelease.com/dickeys-barbecue-pit-kicks-off-new-decade-with-deal-for-new-franchisees/85128896/,restaurantnewsrelease.com,English,United States,
Apple Inc,20200103T134500Z,Council Post : 10 Essential Things Companies Need To Do When Rebranding After A PR Disaster,https://www.forbes.com/sites/forbesagencycouncil/2020/01/03/10-essential-things-companies-need-to-do-when-rebranding-after-a-pr-disaster/,forbes.com,English,United States,
Apple Inc,20200103T164500Z,IoT Breakthrough Recognizes Standout Internet - of - Things Companies and Solutions in 2020 Awards Program,https://www.prweb.com/releases/iot_breakthrough_recognizes_standout_internet_of_things_companies_and_solutions_in_2020_awards_program/prweb16812647.htm,prweb.com,English,United States,
Apple Inc,20200103T163000Z,businessrecord . com,https://businessrecord.com/Content/Insider/Business-Record-Insider-/Article/-24-million-rental-townhome-development-planned-in-Waukee/191/1013/89092,businessrecord.com,English,United States,
Apple Inc,20200103T163000Z,businessrecord . com,https://businessrecord.com/Content/Design/Rotator/Article/-24-million-rental-townhome-development-planned-in-Waukee/46/241/89092,businessrecord.com,English,United States,
Apple Inc,20200103T163000Z,businessrecord . com,https://businessrecord.com/Content/Real-Estate-Development/Real-Estate-Development/Article/-24-million-rental-townhome-development-planned-in-Waukee/173/835/89092,businessrecord.com,English,United States,
Apple Inc,20200103T214500Z,"Best and worst diets for 2020 , ranked by experts , with a popular one near last",https://q13fox.com/2020/01/03/best-and-worst-diets-for-2020-ranked-by-experts-with-a-popular-one-near-last/,q13fox.com,English,United States,
Apple Inc,20200103T194500Z,Findit . com Posts Gain in Overall Alexa Ranking Over Previous Month,https://www.dallassun.com/news/263601233/finditcom-posts-gain-in-overall-alexa-ranking-over-previous-month,dallassun.com,English,United States,
Apple Inc,20200103T191500Z,Findit . com Posts Gain in Overall Alexa Ranking Over Previous Month |,http://business.itbusinessnet.com/2020/01/findit-com-posts-gain-in-overall-alexa-ranking-over-previous-month/,business.itbusinessnet.com,English,United States,
Apple Inc,20200103T193000Z,Findit . com Posts Gain in Overall Alexa Ranking Over Previous Month |,http://enterpriseapps.itbusinessnet.com/2020/01/findit-com-posts-gain-in-overall-alexa-ranking-over-previous-month/,enterpriseapps.itbusinessnet.com,English,United States,
Apple Inc,20200103T201500Z,Findit . com Posts Gain in Overall Alexa Ranking Over Previous Month,https://www.theusnews.com/news/263601233/finditcom-posts-gain-in-overall-alexa-ranking-over-previous-month,theusnews.com,English,United States,
Apple Inc,20200103T190000Z,Findit . com Posts Gain in Overall Alexa Ranking Over Previous Month,https://www.tennesseedaily.com/news/263601233/finditcom-posts-gain-in-overall-alexa-ranking-over-previous-month,tennesseedaily.com,English,United States,
Apple Inc,20200103T190000Z,Findit . com Posts Gain in Overall Alexa Ranking Over Previous Month |,http://security.itbusinessnet.com/2020/01/findit-com-posts-gain-in-overall-alexa-ranking-over-previous-month/,security.itbusinessnet.com,English,United States,
Apple Inc,20200103T183000Z,Findit . com Posts Gain in Overall Alexa Ranking Over Previous Month |,http://softwaredev.itbusinessnet.com/2020/01/findit-com-posts-gain-in-overall-alexa-ranking-over-previous-month/,softwaredev.itbusinessnet.com,English,United States,
Apple Inc,20200103T183000Z,Findit . com Posts Gain in Overall Alexa Ranking Over Previous Month |,http://internet.itbusinessnet.com/2020/01/findit-com-posts-gain-in-overall-alexa-ranking-over-previous-month/,internet.itbusinessnet.com,English,United States,
Apple Inc,20200103T181500Z,Findit . com Posts Gain in Overall Alexa Ranking Over Previous Month,https://www.saltlakecitysun.com/news/263601233/finditcom-posts-gain-in-overall-alexa-ranking-over-previous-month,saltlakecitysun.com,English,United States,
Apple Inc,20200103T204500Z,Findit . com Posts Gain in Overall Alexa Ranking Over Previous Month,https://www.albuquerqueexpress.com/news/263601233/finditcom-posts-gain-in-overall-alexa-ranking-over-previous-month,albuquerqueexpress.com,English,United States,
Apple Inc,20200103T204500Z,Findit . com Posts Gain in Overall Alexa Ranking Over Previous Month,https://www.memphissun.com/news/263601233/finditcom-posts-gain-in-overall-alexa-ranking-over-previous-month,memphissun.com,English,United States,
Apple Inc,20200103T174500Z,Findit . com Posts Gain in Overall Alexa Ranking Over Previous Month,https://www.hawaiitelegraph.com/news/263601233/finditcom-posts-gain-in-overall-alexa-ranking-over-previous-month,hawaiitelegraph.com,English,United States,
Apple Inc,20200103T174500Z,Findit . com Posts Gain in Overall Alexa Ranking Over Previous Month,https://www.stlouisstar.com/news/263601233/finditcom-posts-gain-in-overall-alexa-ranking-over-previous-month,stlouisstar.com,English,United States,
Apple Inc,20200103T174500Z,Findit . com Posts Gain in Overall Alexa Ranking Over Previous Month,https://www.californiatelegraph.com/news/263601233/finditcom-posts-gain-in-overall-alexa-ranking-over-previous-month,californiatelegraph.com,English,United States,
Apple Inc,20200103T171500Z,Findit . com Posts Gain in Overall Alexa Ranking Over Previous Month,https://www.phoenixherald.com/news/263601233/finditcom-posts-gain-in-overall-alexa-ranking-over-previous-month,phoenixherald.com,English,United States,
Apple Inc,20200103T214500Z,Findit . com Posts Gain in Overall Alexa Ranking Over Previous Month,https://www.clevelandstar.com/news/263601233/finditcom-posts-gain-in-overall-alexa-ranking-over-previous-month,clevelandstar.com,English,United States,
Apple Inc,20200103T210000Z,Findit . com Posts Gain in Overall Alexa Ranking Over Previous Month,https://www.pittsburghstar.com/news/263601233/finditcom-posts-gain-in-overall-alexa-ranking-over-previous-month,pittsburghstar.com,English,United States,
Apple Inc,20200103T210000Z,Findit . com Posts Gain in Overall Alexa Ranking Over Previous Month,https://www.baltimorestar.com/news/263601233/finditcom-posts-gain-in-overall-alexa-ranking-over-previous-month,baltimorestar.com,English,United States,
Apple Inc,20200103T210000Z,Findit . com Posts Gain in Overall Alexa Ranking Over Previous Month,https://www.newjerseytelegraph.com/news/263601233/finditcom-posts-gain-in-overall-alexa-ranking-over-previous-month,newjerseytelegraph.com,English,United States,
Apple Inc,20200103T213000Z,Findit . com Posts Gain in Overall Alexa Ranking Over Previous Month,https://www.nashvilleherald.com/news/263601233/finditcom-posts-gain-in-overall-alexa-ranking-over-previous-month,nashvilleherald.com,English,United States,
Apple Inc,20200103T211500Z,Findit . com Posts Gain in Overall Alexa Ranking Over Previous Month,https://www.bostonstar.com/news/263601233/finditcom-posts-gain-in-overall-alexa-ranking-over-previous-month,bostonstar.com,English,United States,
Apple Inc,20200103T221500Z,Dickey Barbecue Pit Kicks - off New Decade with Deal for New Franchisees,http://www.restaurantmagazine.com/dickeys-barbecue-pit-kicks-off-new-decade-with-deal-for-new-franchisees/,restaurantmagazine.com,English,United States,
Apple Inc,20200103T001500Z,"Canadian Reviewer - Reviews , News and Opinion with a Canadian Perspective",http://www.canadianreviewer.com/cr/?currentPage=3573,canadianreviewer.com,English,Canada,
Apple Inc,20200103T204500Z,The Best Streaming Services for Movies & TV ( 2020 ) ,https://heavy.com/streaming/2020/01/best-streaming-services/,heavy.com,English,United States,
Apple Inc,20200103T171500Z,Minnesota companies aim to impress at nation largest tech convention,http://www.startribune.com/with-flying-cameras-wireless-chargers-and-earphone-tips-minnesotans-head-to-ces/566685211/,startribune.com,English,United States,
Apple Inc,20200103T164500Z,The Ongoing History of New Music encore presentation : Musical offspring,https://y108.ca/news/6361591/the-ongoing-history-of-new-music-encore-presentation-musical-offspring/,y108.ca,English,Canada,
Apple Inc,20200103T180000Z,The Ongoing History of New Music encore presentation : Musical offspring,https://rock101.com/news/6361591/the-ongoing-history-of-new-music-encore-presentation-musical-offspring/,rock101.com,English,Canada,
Apple Inc,20200103T180000Z,The Ongoing History of New Music encore presentation : Musical offspring,https://cfox.com/news/6361591/the-ongoing-history-of-new-music-encore-presentation-musical-offspring/,cfox.com,English,Canada,
Apple Inc,20200103T181500Z,The Ongoing History of New Music encore presentation : Musical offspring,https://boom1019.com/news/6361591/the-ongoing-history-of-new-music-encore-presentation-musical-offspring/,boom1019.com,English,Canada,
Apple Inc,20200103T070000Z,Annual cancer survivors dinner switching to reservations this year,http://www.mohavedailynews.com/news/annual-cancer-survivors-dinner-switching-to-reservations-this-year/article_a6ffcb92-2df0-11ea-a77f-c38eb8089d43.html,mohavedailynews.com,English,United States,
Apple Inc,20200103T171500Z,The Ongoing History of New Music encore presentation : Musical offspring,https://thewolf.ca/news/6361591/the-ongoing-history-of-new-music-encore-presentation-musical-offspring/,thewolf.ca,English,Canada,
Apple Inc,20200103T173000Z,The Ongoing History of New Music encore presentation : Musical offspring,https://cjoy.com/news/6361591/the-ongoing-history-of-new-music-encore-presentation-musical-offspring/,cjoy.com,English,Canada,
Apple Inc,20200103T171500Z,The Ongoing History of New Music encore presentation : Musical offspring,https://1075daverocks.com/news/6361591/the-ongoing-history-of-new-music-encore-presentation-musical-offspring/,1075daverocks.com,English,Canada,
Apple Inc,20200103T170000Z,The Ongoing History of New Music encore presentation : Musical offspring,https://963bigfm.com/news/6361591/the-ongoing-history-of-new-music-encore-presentation-musical-offspring/,963bigfm.com,English,Canada,
Apple Inc,20200103T134500Z,Daily Markets : Bull Market May Have Met Its Bear,https://www.nasdaq.com/articles/daily-markets:-bull-market-may-have-met-its-bear-2020-01-03,nasdaq.com,English,United States,
Apple Inc,20200103T193000Z,CES 2020 Exhibitor Profiles : AdvancingDiversity . org to Futurus Technology,https://www.finanznachrichten.de/nachrichten-2020-01/48531466-ces-2020-exhibitor-profiles-advancingdiversity-org-to-futurus-technology-004.htm,finanznachrichten.de,English,Germany,
Apple Inc,20200103T011500Z,Resideo Joins Zigbee Alliance Board of Directors |,http://digitalmedianet.com/resideo-joins-zigbee-alliance-board-of-directors/,digitalmedianet.com,English,United States,
Apple Inc,20200103T124500Z,Outlook for China Tech,https://www.dtnpf.com/agriculture/web/ag/columns/washington-insider/article/2020/01/03/outlook-china-tech,dtnpf.com,English,United States,
Apple Inc,20200103T201500Z,"7 - year - old boy swallows Apple AirPod , rushed to hospital for X - rays",https://fm96.com/news/6362434/boy-swallows-apple-airpods/,fm96.com,English,Canada,
Apple Inc,20200103T203000Z,"7 - year - old boy swallows Apple AirPod , rushed to hospital for X - rays",https://931freshradio.ca/news/6362434/boy-swallows-apple-airpods/,931freshradio.ca,English,Canada,
Apple Inc,20200103T203000Z,"7 - year - old boy swallows Apple AirPod , rushed to hospital for X - rays",https://country105.com/news/6362434/boy-swallows-apple-airpods/,country105.com,English,Canada,
Apple Inc,20200103T224500Z,"7 - year - old boy swallows Apple AirPod , rushed to hospital for X - rays",https://rock101.com/news/6362434/boy-swallows-apple-airpods/,rock101.com,English,Canada,
Apple Inc,20200103T224500Z,"7 - year - old boy swallows Apple AirPod , rushed to hospital for X - rays",https://1043freshradio.ca/news/6362434/boy-swallows-apple-airpods/,1043freshradio.ca,English,Canada,
Apple Inc,20200103T230000Z,"7 - year - old boy swallows Apple AirPod , rushed to hospital for X - rays",https://cfox.com/news/6362434/boy-swallows-apple-airpods/,cfox.com,English,Canada,
Apple Inc,20200103T230000Z,"7 - year - old boy swallows Apple AirPod , rushed to hospital for X - rays",https://boom1019.com/news/6362434/boy-swallows-apple-airpods/,boom1019.com,English,Canada,
Apple Inc,20200103T223000Z,"7 - year - old boy swallows Apple AirPod , rushed to hospital for X - rays",https://cjoy.com/news/6362434/boy-swallows-apple-airpods/,cjoy.com,English,Canada,
Apple Inc,20200103T223000Z,"7 - year - old boy swallows Apple AirPod , rushed to hospital for X - rays",https://jumpradio.ca/news/6362434/boy-swallows-apple-airpods/,jumpradio.ca,English,Canada,
Apple Inc,20200103T220000Z,"7 - year - old boy swallows Apple AirPod , rushed to hospital for X - rays",https://cisnfm.com/news/6362434/boy-swallows-apple-airpods/,cisnfm.com,English,Canada,
Apple Inc,20200103T220000Z,"7 - year - old boy swallows Apple AirPod , rushed to hospital for X - rays",https://1075daverocks.com/news/6362434/boy-swallows-apple-airpods/,1075daverocks.com,English,Canada,
Apple Inc,20200103T220000Z,"7 - year - old boy swallows Apple AirPod , rushed to hospital for X - rays",https://915thebeat.com/news/6362434/boy-swallows-apple-airpods/,915thebeat.com,English,Canada,
Apple Inc,20200103T214500Z,"7 - year - old boy swallows Apple AirPod , rushed to hospital for X - rays",https://y108.ca/news/6362434/boy-swallows-apple-airpods/,y108.ca,English,Canada,
Apple Inc,20200103T213000Z,"7 - year - old boy swallows Apple AirPod , rushed to hospital for X - rays",https://963bigfm.com/news/6362434/boy-swallows-apple-airpods/,963bigfm.com,English,Canada,
Apple Inc,20200103T213000Z,"7 - year - old boy swallows Apple AirPod , rushed to hospital for X - rays",https://thewolf.ca/news/6362434/boy-swallows-apple-airpods/,thewolf.ca,English,Canada,
Apple Inc,20200103T211500Z,"7 - year - old boy swallows Apple AirPod , rushed to hospital for X - rays",https://magic106.com/news/6362434/boy-swallows-apple-airpods/,magic106.com,English,Canada,
Apple Inc,20200103T233000Z,"7 - year - old boy swallows Apple AirPod , rushed to hospital for X - rays",https://1045freshradio.ca/news/6362434/boy-swallows-apple-airpods/,1045freshradio.ca,English,Canada,
Apple Inc,20200104T000000Z,"7 - year - old boy swallows Apple AirPod , rushed to hospital for X - rays",https://country104.com/news/6362434/boy-swallows-apple-airpods/,country104.com,English,Canada,
Apple Inc,20200104T000000Z,"7 - year - old boy swallows Apple AirPod , rushed to hospital for X - rays",https://thepeakfm.com/news/6362434/boy-swallows-apple-airpods/,thepeakfm.com,English,Canada,
Apple Inc,20200103T234500Z,"7 - year - old boy swallows Apple AirPod , rushed to hospital for X - rays",https://1031freshradio.ca/news/6362434/boy-swallows-apple-airpods/,1031freshradio.ca,English,Canada,
Apple Inc,20200103T041500Z,IT News Online - PR Newswire - LG To Unveil 2020 Real 8K TV Lineup Featuring Next - Gen AI Processor At CES 2020,http://www.itnewsonline.com/prnewswire/LG-To-Unveil-2020-Real-8K-TV-Lineup-Featuring-Next-Gen-AI-Processor-At-CES-2020/677024,itnewsonline.com,English,United States,
Apple Inc,20200103T020000Z,LG To Unveil 2020 Real 8K TV Lineup Featuring Next - Gen AI Processor At CES 2020,https://www.tmcnet.com/usubmit/2020/01/02/9075542.htm,tmcnet.com,English,United States,
Apple Inc,20200103T053000Z,Wall Street starts 2020 with record highs,http://www.ejinsight.com/20200103-wall-street-starts-2020-with-record-highs/,ejinsight.com,English,China,
Apple Inc,20200103T004500Z,"Akcea response to draft negative guidance from NICE for WAYLIVRA▼® ( volanesorsen ), the only therapy for FCS , a devastating and ultra - rare disease",https://www.pharmiweb.com/press-release/2020-01-02/akcea-response-to-draft-negative-guidance-from-nice-for-waylivra-volanesorsen-the-only-therapy-for-fcs-a-devastating-and-ultra-rare-disease,pharmiweb.com,English,United States,
Apple Inc,20200103T154500Z,Coldplay to Perform Exclusive Stripped - Down Set in Los Angeles for SiriusXM and Pandora on January 15,https://www.tmcnet.com/usubmit/2020/01/03/9075786.htm,tmcnet.com,English,United States,
Apple Inc,20200103T230000Z,"Austin economy in 2020 : Expect solid growth , but below boom - town pace - Business - The Glen Rose Reporter",https://www.yourglenrosetx.com/business/20200103/austins-economy-in-2020-expect-solid-growth-but-below-boom-town-pace,yourglenrosetx.com,English,United States,
Apple Inc,20200103T173000Z,Obits | Bemidji Pioneer,https://www.bemidjipioneer.com/obituaries/obits/4848717-Wayne-Thorson,bemidjipioneer.com,English,United States,
Apple Inc,20200103T233000Z,Could Exograph home filming project be shape of future to come ? ,https://japantoday.com/category/features/lifestyle/feature-could-exograph-home-filming-project-be-shape-of-future-to-come,japantoday.com,English,Japan,
Apple Inc,20200103T133000Z,This Could Be the Biggest Breakthrough in the Entertainment Industry,https://www.tmcnet.com/usubmit/2020/01/03/9075717.htm,tmcnet.com,English,United States,
Apple Inc,20200103T203000Z,The 2010s were energy decade of the great rewiring,https://www.thepeninsulaqatar.com/article/03/01/2020/The-2010s-were-energy%E2%80%99s-decade-of-the-great-rewiring,thepeninsulaqatar.com,English,Qatar,
Apple Inc,20200103T211500Z,The 2010s were energy decade of the great rewiring,https://thepeninsulaqatar.com/article/03/01/2020/The-2010s-were-energy%E2%80%99s-decade-of-the-great-rewiring,thepeninsulaqatar.com,English,Qatar,
Apple Inc,20200103T050000Z,trade4 . me trade4 . me | Your binary options social trading network . ,https://www.coolsocial.net/sites/www/trade4.me.html,coolsocial.net,English,United States,
Apple Inc,20200103T161500Z,Coldplay to Perform Exclusive Stripped - Down Set in Los Angeles for SiriusXM and Pandora on January 15,http://www.oleantimesherald.com/news/state/coldplay-to-perform-exclusive-stripped-down-set-in-los-angeles/article_ad87b975-6d65-5be5-890f-f83fb1b2aa69.html,oleantimesherald.com,English,United States,
Apple Inc,20200103T200000Z,Coldplay to Perform Exclusive Stripped - Down Set in Los Angeles for SiriusXM and Pandora on January 15,http://www.cnweekly.com/news/state/coldplay-to-perform-exclusive-stripped-down-set-in-los-angeles/article_38d2fb61-3d1f-547d-9240-2fc12b2deb86.html,cnweekly.com,English,United States,
Apple Inc,20200103T164500Z,Coldplay to Perform Exclusive Stripped - Down Set in Los Angeles for SiriusXM and Pandora on January 15,https://www.troyrecord.com/news/national/coldplay-to-perform-exclusive-stripped-down-set-in-los-angeles/article_1d133c4a-9393-51a1-9570-373994d06f7d.html,troyrecord.com,English,United States,
Apple Inc,20200103T064500Z,"Nickel Hydroxide Market Growth Rate , Production Volume and Future Opportunities From 2019 - 2023",http://www.comunicati.net/comunicati/arte/musica/jazz/613736.html,comunicati.net,English,Italy,
Apple Inc,20200103T181500Z,10 Stocks For 40 Years,https://seekingalpha.com/article/4315118-10-stocks-for-40-years,seekingalpha.com,English,United States,
Apple Inc,20200103T021500Z,Ask HN : A New Decade . Any Predictions ? ,https://news.ycombinator.com/item?id=21941278,news.ycombinator.com,English,United States,
Apple Inc,20200103T200000Z,merriteaseandmaud . com Merritease and Maud,https://www.coolsocial.net/sites/www/merriteaseandmaud.com.html,coolsocial.net,English,United States,
Apple Inc,20200103T140000Z,IoT Breakthrough Recognizes Standout Internet - of - Things Companies and Solutions in 2020 Awards Program,https://www.ssuchronicle.com/2020/01/03/iot-breakthrough-recognizes-standout-internet-of-things-companies-and-solutions-in-2020-awards-program/,ssuchronicle.com,English,United States,
Apple Inc,20200103T164500Z,"Central Florida 100 : Guns in church , census and texting ban",http://www.orlandosentinel.com/opinion/central-florida-100/os-central-florida-100-guns-in-church-census-and-texting-ban-20200103-htmlstory.html,orlandosentinel.com,English,United States,
Apple Inc,20200103T161500Z,Best Unfiltered Stories of the Decade,https://www.winespectator.com/articles/best-unfiltered-stories-of-the-decade,winespectator.com,English,United States,
Apple Inc,20200103T091500Z,"Trump administration to clear market of most e - cigarette cartridge flavors , but not menthol",https://www.ktvq.com/news/trending/trump-administration-to-clear-market-of-most-e-cigarette-cartridge-flavors-but-not-menthol,ktvq.com,English,United States,
Apple Inc,20200103T210000Z,CES 2020 Exhibitor Profiles : AdvancingDiversity . org to Futurus Technology |,http://www.consumerelectronicsnet.com/ces-2020-exhibitor-profiles-advancingdiversity-org-to-futurus-technology/,consumerelectronicsnet.com,English,United States,
Apple Inc,20200103T153000Z,Country 92 . 9,http://country929.com/blogs/mornings/2020/01/on-todays-show-306/,country929.com,English,United States,
Apple Inc,20200103T174500Z,The Outlook for 2020 and Beyond | GEN - Genetic Engineering and Biotechnology News,https://www.genengnews.com/insights/the-outlook-for-2020-and-beyond/,genengnews.com,English,United States,
Apple Inc,20200103T051500Z,"Today in High Prairie - January 3 , 2019",https://southpeacenews.com/today-in-high-prairie-january-3-2019/,southpeacenews.com,English,Canada,
Apple Inc,20200103T050000Z,kuruspantas . com ALPHA LIPID SD2 | Cara Kuruskan Badan Tanpa Berlapar,https://www.coolsocial.net/sites/www/kuruspantas.com.html,coolsocial.net,English,United States,
Apple Inc,20200103T200000Z,mv . treehousei . com Website Analysis and Social Media report impact : Mv . treehousei . com,https://www.coolsocial.net/sites/www/mv.treehousei.com.html,coolsocial.net,English,United States,
Apple Inc,20200103T080000Z,Funky Taurus Media - Music Photo Agency & Products,https://www.funkytaurusmedia.com/shop_content.php?coID=3&XTCsid=lt9869aubatuhn0v4lch6cbj93,funkytaurusmedia.com,English,Germany,
Microsoft,20200103T133000Z,Microsoft Stock Soared in 2019 . Here Why It Could Continue to Outperform This Year . ,https://www.barrons.com/articles/microsoft-stock-soared-in-2019-51578002778,barrons.com,English,China,
Microsoft,20200103T123000Z,3 Things Microsoft Does Better Than Google,https://www.ibtimes.com/3-things-microsoft-does-better-google-2895774,ibtimes.com,English,United States,
Microsoft,20200103T193000Z,Is Microsoft Undervalued ? ,https://www.forbes.com/sites/greatspeculations/2020/01/03/is-microsoft-undervalued/,forbes.com,English,United States,
Microsoft,20200103T184500Z,Microsoft and IDEO released a guide to effective collaboration at work,https://www.businessinsider.com/microsoft-ideo-guide-effective-collaboration-teamwork-culture-change-growth-mindset-2019-12,businessinsider.com,English,United States,
Microsoft,20200103T003000Z,Pointr Deep Location Now Available in the Microsoft Azure Marketplace,https://finance.yahoo.com/news/pointr-deep-location-now-available-171000070.html,finance.yahoo.com,English,United States,
Microsoft,20200103T223000Z,Microsoft defending OneDrive from new patent troll,https://mspoweruser.com/microsoft-defending-onedrive-from-new-patent-troll/,mspoweruser.com,English,United States,
Microsoft,20200103T173000Z,Microsoft Advertising launches sweepstakes for advertisers,https://searchengineland.com/microsoft-advertising-launches-sweepstakes-for-advertisers-327181,searchengineland.com,English,United States,
Microsoft,20200103T210000Z,Microsoft Pushes FCC to Act on White Spaces Petition,https://www.broadcastingcable.com/news/microsoft-pushes-fcc-to-act-on-white-spaces-petition,broadcastingcable.com,English,United States,
Microsoft,20200103T214500Z,Microsoft sues to block SynKloud cloud suit,https://seekingalpha.com/news/3529618-microsoft-sues-to-block-synkloud-cloud-suit,seekingalpha.com,English,United States,
Microsoft,20200103T193000Z,Microsoft Game Pass | Rock Paper Shotgun,https://www.rockpapershotgun.com/tag/microsoft-game-pass/,rockpapershotgun.com,English,United States,
Microsoft,20200103T011500Z,Warning Issued For Millions Of Users Running Latest Windows 10 Update,https://www.forbes.com/sites/gordonkelly/2020/01/02/microsoft-windows-10-warning-file-explorer-crash-search-upgrade-windows-10/,forbes.com,English,United States,
Microsoft,20200103T174500Z,Xbox Games Pass delivers killer blow to PlayStation Now thanks to GTA 5,https://www.express.co.uk/entertainment/gaming/1223699/Xbox-Games-Pass-PlayStation-Now-GTA-5-Grand-Theft-Auto,express.co.uk,English,United Kingdom,
Microsoft,20200103T203000Z,Luxoft Joins Vehicle Platform Ecosystem,http://www.businessghana.com/site/news/technology/203586/Luxoft-Joins-Vehicle-Platform-Ecosystem,businessghana.com,English,Ghana,
Microsoft,20200103T063000Z,Entrepreneur Rajesh Dembla to invest in Kerala startups,https://www.nyoooz.com/news/kochi/1426996/entrepreneur-rajesh-dembla-to-invest-in-kerala-startups/,nyoooz.com,English,India,
Microsoft,20200103T194500Z,"Back to Nagware for Windows 7 Users Starting January 15 , 2020",https://wccftech.com/back-to-nagware-for-windows-7-users-starting-january-15/,wccftech.com,English,United States,
Microsoft,20200103T194500Z,Microsoft understated Xbox Series X reveal says a lot about its future,https://n4g.com/news/2317260/microsofts-understated-xbox-series-x-reveal-says-a-lot-about-its-future,n4g.com,English,Japan,
Microsoft,20200103T124500Z,Microsoft Stock Soared in 2019 . Here Why It Could Continue to Outperform This Year . ,https://www.marketwatch.com/articles/microsoft-stock-soared-in-2019-heres-why-it-could-continue-to-outperform-this-year-51578049200,marketwatch.com,English,United States,
Microsoft,20200103T133000Z,15 most anticipated games of 2020,https://www.digit.in/features/gaming/15-most-anticipated-games-of-2020-51670.html,digit.in,English,India,
Microsoft,20200103T123000Z,Why is Google Stadia access blocked on Microsoft Edge ? ,https://www.trustedreviews.com/news/why-stadia-access-blocked-on-microsoft-edge-3966491,trustedreviews.com,English,United Kingdom,
Microsoft,20200103T100000Z,"PS5 Price to Be Higher Than PS4 Launch Price , Analysts Predict ; Xbox Series X Likely to Match PS5 Pricing",https://wccftech.com/ps5-price-higher-ps4-similar-xbox/,wccftech.com,English,United States,
Microsoft,20200103T163000Z,Top web browsers 2020 : Microsoft IE and Edge move up,https://www.computerworld.com/article/3199425/top-web-browsers-2020-microsofts-ie-and-edge-move-up.html,computerworld.com,English,United States,
Microsoft,20200103T003000Z,Is it too late to buy these top - performing shares in 2020 ? ,https://www.fool.com.au/2020/01/03/is-it-too-late-to-buy-these-top-performing-shares-in-2020/,fool.com.au,English,Australia,
Microsoft,20200103T181500Z,Microsoft Edge beta app on iOS gets new icon and new control center,https://www.neowin.net/news/microsofts-edge-beta-app-on-ios-gets-new-icon-and-new-control-center,neowin.net,English,United States,
Microsoft,20200103T130000Z,"Microsoft Surface Pro X , OnePlus 7T Pro 5G McLaren , LG G8X ThinQ Dual Screen , and more : Reviews round - up",https://www.zdnet.com/pictures/microsoft-surface-pro-x-oneplus-7t-pro-5g-mclaren-lg-g8x-thinq-dual-screen-and-more-reviews-round-up/,zdnet.com,English,Japan,
Microsoft,20200103T193000Z,"Today tech deals : HomePod , Surface Go , and Samsung Galaxy phones",https://www.theverge.com/good-deals/2020/1/3/21048184/tech-deals-homepod-surface-go-samsung-galaxy-phones-microsoft-xbox,theverge.com,English,United States,
Microsoft,20200103T190000Z,Microsoft Game Pass is only £1 right now | Rock Paper Shotgun,https://www.rockpapershotgun.com/2020/01/03/play-sea-of-thieves-and-halo-reach-for-pennies-game-pass-is-only-1-right-now/,rockpapershotgun.com,English,United States,
Microsoft,20200103T180000Z,Grand Theft Auto V is the latest surprise addition to Xbox Game Pass,https://www.kitguru.net/gaming/matthew-wilson/grand-theft-auto-v-is-the-latest-surprise-addition-to-xbox-game-pass/,kitguru.net,English,United Kingdom,
Microsoft,20200103T181500Z,Top web browsers 2020 : Microsoft IE and Edge move up,https://www.itworld.com/article/3199425/top-web-browsers-2020-microsofts-ie-and-edge-move-up.html,itworld.com,English,United States,
Microsoft,20200103T144500Z,OneNote desktop - Store merger : What does it mean ? ,https://www.techrepublic.com/article/onenote-desktop-store-merger-what-does-it-mean/,techrepublic.com,English,United States,
Microsoft,20200103T154500Z,Xbox Game Pass Gets More Valuable After Adding  GTA 5  Today,https://www.forbes.com/sites/paultassi/2020/01/03/xbox-game-pass-gets-more-valuable-after-adding-gta-5-today/,forbes.com,English,United States,
Microsoft,20200103T144500Z,The best free presentation software 2020,https://www.techradar.com/best/free-presentation-software,techradar.com,English,United Kingdom,
Microsoft,20200103T073000Z,5 ways laptops should evolve over the next decade,https://thenextweb.com/plugged/2020/01/03/5-ways-laptops-should-evolve-over-the-next-decade/,thenextweb.com,English,United States,
Microsoft,20200103T170000Z,Grand Theft Auto 5 added to Xbox Game Pass today,https://www.gamerevolution.com/news/626142-grand-theft-auto-5-gta-5-added-to-xbox-game-pass,gamerevolution.com,English,Japan,
Microsoft,20200103T200000Z,PS5 and Xbox Series X May Be More Expensive Than You Think,https://comicbook.com/gaming/2020/01/03/ps5-playstation-5-xbox-series-x-price-cheap/,comicbook.com,English,United States,
Microsoft,20200103T160000Z,GTA V makes Xbox Games Pass a much more enticing service,https://www.techradar.com/news/gta-v-makes-xbox-games-pass-a-much-more-enticing-service,techradar.com,English,United Kingdom,
Microsoft,20200103T173000Z,Grand Theft Auto V joins Xbox Game Pass on Xbox One today,https://www.windowscentral.com/grand-theft-auto-v-joins-xbox-game-pass-xbox-one-today,windowscentral.com,English,United States,
Microsoft,20200103T110000Z,Best Windows 10 apps this week,https://betanews.com/2020/01/03/best-windows-10-apps-this-week-148/,betanews.com,English,United States,
Microsoft,20200103T090000Z,"Nintendo Switch Pro might launch in 2020 , according to Tokyo - based consultancy group",https://www.ibtimes.co.uk/nintendo-switch-pro-might-launch-2020-according-tokyo-based-consultancy-group-1673998,ibtimes.co.uk,English,United Kingdom,
Microsoft,20200103T181500Z,Xbox Game Pass makes a strong case for Microsoft game subscription service,https://www.thestar.com/business/technology/2020/01/03/xbox-game-pass-makes-a-strong-case-for-microsofts-game-subscription-service.html,thestar.com,English,Canada,
Microsoft,20200103T163000Z,Leesburg Town Council authorizes Microsoft non - disclosure agreement,https://www.loudountimes.com/news/leesburg-town-council-authorizes-microsoft-non-disclosure-agreement/article_12377914-2d8d-11ea-8061-3779415c55dd.html,loudountimes.com,English,United States,
Microsoft,20200103T020000Z,Microsoft Edge beta on Android gets new logo ahead of desktop launch,https://mobilesyrup.com/2020/01/02/microsoft-edge-beta-android-new-logo/,mobilesyrup.com,English,Canada,
Microsoft,20200103T164500Z,Grand Theft Auto 5 joins Xbox Game Pass today,https://www.eurogamer.net:443/articles/2020-01-03-grand-theft-auto-5-joins-xbox-game-pass-today,eurogamer.net,English,United Kingdom,
Microsoft,20200103T171500Z,Grand Theft Auto 5 joins Xbox Game Pass today,https://www.eurogamer.net/articles/2020-01-03-grand-theft-auto-5-joins-xbox-game-pass-today,eurogamer.net,English,United Kingdom,
Microsoft,20200103T183000Z,Start 2020 with these 10 courses to help you excel in the workforce,https://pocketnow.com/start-2020-with-these-10-courses-to-help-you-excel-in-the-workforce,pocketnow.com,English,China,
Microsoft,20200103T210000Z,Browsers are interesting again – TechCrunch,https://techcrunch.com/2020/01/03/browsers-are-interesting-again/,techcrunch.com,English,United States,
Microsoft,20200104T000000Z,Oracle JEDI Appeal Continues,https://www.nextgov.com/cio-briefing/2020/01/oracles-jedi-appeal-wages/162206/,nextgov.com,English,United States,
Microsoft,20200103T173000Z,The consumer decision journey will drive paid search in 2020,https://searchengineland.com/the-consumer-decision-journey-will-drive-paid-search-in-2020-327137,searchengineland.com,English,United States,
Microsoft,20200103T003000Z,The big comings and goings in paid search 2019 that will shape how we market in 2020,https://searchengineland.com/the-big-comings-and-goings-in-paid-search-2019-that-will-shape-how-we-market-in-2020-327006,searchengineland.com,English,United States,
Microsoft,20200103T144500Z,The consumer decision journey will drive paid search in 2020,https://marketingland.com/the-consumer-decision-journey-will-drive-paid-search-in-2020-273468,marketingland.com,English,United States,
Microsoft,20200103T171500Z,"PlayStation 5 will outsell Xbox Series X , analyst says",https://www.gizchina.com/2020/01/03/playstation-5-will-outsell-xbox-series-x-analyst-says/,gizchina.com,English,China,
Microsoft,20200103T004500Z,"PlayStation 5 to outsell Xbox Series X in 2020 , analyst predicts",https://www.tweaktown.com/news/69599/playstation-5-outsell-xbox-series-2020-analyst-predicts/,tweaktown.com,English,United States,
Microsoft,20200103T054500Z,Microsoft account,"https://outlook.live.com/owa/?RpsCsrfState=8a795ce2-718b-239b-ae46-c3968ddc915f&id=292841&aadredir=1&CBCXT=out&lw=1&fl=dob,flname,wld&cobrandid=90015",outlook.live.com,English,United States,
Microsoft,20200103T044500Z,Microsoft account,"https://outlook.live.com/owa/?RpsCsrfState=f5e8efb7-3411-201f-c52a-6e65aad01e79&id=292841&aadredir=1&CBCXT=out&lw=1&fl=dob,flname,wld&cobrandid=90015",outlook.live.com,English,United States,
Microsoft,20200103T050000Z,Microsoft account,"https://outlook.live.com/owa/?RpsCsrfState=1647efe6-7f0b-89fd-999b-54bd6cc91335&id=292841&aadredir=1&CBCXT=out&lw=1&fl=dob,flname,wld&cobrandid=90015",outlook.live.com,English,United States,
Microsoft,20200103T043000Z,Microsoft account,"https://outlook.live.com/owa/?RpsCsrfState=e16c9838-4c94-7063-9be4-456048d4bd18&id=292841&aadredir=1&CBCXT=out&lw=1&fl=dob,flname,wld&cobrandid=90015",outlook.live.com,English,United States,
Microsoft,20200103T030000Z,Microsoft account,"https://outlook.live.com/owa/?RpsCsrfState=dba698d7-1b03-7d35-c516-1777682e6d5d&id=292841&aadredir=1&CBCXT=out&lw=1&fl=dob,flname,wld&cobrandid=90015",outlook.live.com,English,United States,
Microsoft,20200103T033000Z,Microsoft account,"https://outlook.live.com/owa/?RpsCsrfState=d41d681e-d537-1dfe-f5c1-b50e27c5753b&id=292841&aadredir=1&CBCXT=out&lw=1&fl=dob,flname,wld&cobrandid=90015",outlook.live.com,English,United States,
Microsoft,20200103T021500Z,Microsoft account,"https://outlook.live.com/owa/?RpsCsrfState=fcd4adcd-573f-c0a3-63c6-c2a9a8932023&id=292841&aadredir=1&CBCXT=out&lw=1&fl=dob,flname,wld&cobrandid=90015",outlook.live.com,English,United States,
Microsoft,20200103T034500Z,Microsoft account,"https://outlook.live.com/owa/?RpsCsrfState=b9fa240b-5aa3-6f01-077c-0a07982e53a9&id=292841&aadredir=1&CBCXT=out&lw=1&fl=dob,flname,wld&cobrandid=90015",outlook.live.com,English,United States,
Microsoft,20200103T031500Z,Microsoft account,"https://outlook.live.com/owa/?RpsCsrfState=8fad6c43-b0c8-112d-c832-c71f58723d34&id=292841&aadredir=1&CBCXT=out&lw=1&fl=dob,flname,wld&cobrandid=90015",outlook.live.com,English,United States,
Microsoft,20200103T024500Z,Microsoft account,"https://outlook.live.com/owa/?RpsCsrfState=afaf23c8-972d-cdec-ec9b-a8218efc4367&id=292841&aadredir=1&CBCXT=out&lw=1&fl=dob,flname,wld&cobrandid=90015",outlook.live.com,English,United States,
Microsoft,20200103T003000Z,Microsoft account,"https://outlook.live.com/owa/?RpsCsrfState=47124569-c157-26fe-2e04-399c348b8fa0&id=292841&aadredir=1&CBCXT=out&lw=1&fl=dob,flname,wld&cobrandid=90015",outlook.live.com,English,United States,
Microsoft,20200103T020000Z,Microsoft account,"https://outlook.live.com/owa/?RpsCsrfState=a6e2a51c-45a8-c302-8f92-0bd10c5a3576&id=292841&aadredir=1&CBCXT=out&lw=1&fl=dob,flname,wld&cobrandid=90015",outlook.live.com,English,United States,
Microsoft,20200103T013000Z,Microsoft account,"https://outlook.live.com/owa/?RpsCsrfState=1bbe0a4e-b019-8ea8-8f79-a4224780766a&id=292841&aadredir=1&CBCXT=out&lw=1&fl=dob,flname,wld&cobrandid=90015",outlook.live.com,English,United States,
Microsoft,20200103T011500Z,Microsoft account,"https://outlook.live.com/owa/?RpsCsrfState=b7ed382a-a455-ce49-ba66-004783bcc51e&id=292841&aadredir=1&CBCXT=out&lw=1&fl=dob,flname,wld&cobrandid=90015",outlook.live.com,English,United States,
Microsoft,20200103T010000Z,Microsoft account,"https://outlook.live.com/owa/?RpsCsrfState=5d2150ef-125d-5136-db5e-b19dee1b8c91&id=292841&aadredir=1&CBCXT=out&lw=1&fl=dob,flname,wld&cobrandid=90015",outlook.live.com,English,United States,
Microsoft,20200103T154500Z,Microsoft account,"https://outlook.live.com/owa/?RpsCsrfState=686dde59-1d39-c9df-b1c9-a207dc6e19c1&id=292841&aadredir=1&CBCXT=out&lw=1&fl=dob,flname,wld&cobrandid=90015",outlook.live.com,English,United States,
Microsoft,20200103T200000Z,Microsoft account,"https://outlook.live.com/owa/?RpsCsrfState=0bf7f5f4-ef61-a707-39cc-2da4f970addd&id=292841&aadredir=1&CBCXT=out&lw=1&fl=dob,flname,wld&cobrandid=90015",outlook.live.com,English,United States,
Microsoft,20200103T201500Z,Microsoft account,"https://outlook.live.com/owa/?RpsCsrfState=5997a204-e6f9-25b4-a5ff-2b1d0be35616&id=292841&aadredir=1&CBCXT=out&lw=1&fl=dob,flname,wld&cobrandid=90015",outlook.live.com,English,United States,
Microsoft,20200103T183000Z,Microsoft account,"https://outlook.live.com/owa/?RpsCsrfState=37b41324-385c-8e94-dd3f-8c6dce33f06a&id=292841&aadredir=1&CBCXT=out&lw=1&fl=dob,flname,wld&cobrandid=90015",outlook.live.com,English,United States,
Microsoft,20200103T181500Z,Microsoft account,"https://outlook.live.com/owa/?RpsCsrfState=38b6f98b-4afa-e898-4b97-513c9e6a27df&id=292841&aadredir=1&CBCXT=out&lw=1&fl=dob,flname,wld&cobrandid=90015",outlook.live.com,English,United States,
Microsoft,20200103T230000Z,Microsoft account,"https://outlook.live.com/owa/?RpsCsrfState=a3a5f5e7-4ebc-8225-c77e-832adfa175a0&id=292841&aadredir=1&CBCXT=out&lw=1&fl=dob,flname,wld&cobrandid=90015",outlook.live.com,English,United States,
Microsoft,20200103T231500Z,Microsoft account,"https://outlook.live.com/owa/?RpsCsrfState=a38f13ef-4b49-85da-9d60-faf5432a7be3&id=292841&aadredir=1&CBCXT=out&lw=1&fl=dob,flname,wld&cobrandid=90015",outlook.live.com,English,United States,
Microsoft,20200103T220000Z,Microsoft account,"https://outlook.live.com/owa/?RpsCsrfState=062497f2-ae34-17da-d25e-2305374f50e2&id=292841&aadredir=1&CBCXT=out&lw=1&fl=dob,flname,wld&cobrandid=90015",outlook.live.com,English,United States,
Microsoft,20200103T141500Z,Microsoft account,"https://outlook.live.com/owa/?RpsCsrfState=fef5ff7a-4808-9da8-d94c-4e43d18fd2e9&id=292841&aadredir=1&CBCXT=out&lw=1&fl=dob,flname,wld&cobrandid=90015",outlook.live.com,English,United States,
Microsoft,20200103T140000Z,Microsoft account,"https://outlook.live.com/owa/?RpsCsrfState=3b23c5d8-009f-db67-c193-877bbea2d77a&id=292841&aadredir=1&CBCXT=out&lw=1&fl=dob,flname,wld&cobrandid=90015",outlook.live.com,English,United States,
Microsoft,20200103T134500Z,Microsoft account,"https://outlook.live.com/owa/?RpsCsrfState=3e37c01c-f1cd-3cd4-f6be-cc95d4b0ce87&id=292841&aadredir=1&CBCXT=out&lw=1&fl=dob,flname,wld&cobrandid=90015",outlook.live.com,English,United States,
Microsoft,20200103T083000Z,Microsoft account,"https://outlook.live.com/owa/?RpsCsrfState=a965ec18-c02b-c35b-c1f2-1ac6696bf461&id=292841&aadredir=1&CBCXT=out&lw=1&fl=dob,flname,wld&cobrandid=90015",outlook.live.com,English,United States,
Microsoft,20200103T080000Z,Microsoft account,"https://outlook.live.com/owa/?RpsCsrfState=c3ec7ac9-e91b-f1cf-ef98-750961ccae6d&id=292841&aadredir=1&CBCXT=out&lw=1&fl=dob,flname,wld&cobrandid=90015",outlook.live.com,English,United States,
Microsoft,20200103T074500Z,Microsoft account,"https://outlook.live.com/owa/?RpsCsrfState=2188a1b8-6f6c-2c30-7358-56906064cfef&id=292841&aadredir=1&CBCXT=out&lw=1&fl=dob,flname,wld&cobrandid=90015",outlook.live.com,English,United States,
Microsoft,20200103T131500Z,Microsoft account,"https://outlook.live.com/owa/?RpsCsrfState=695a33fe-ccbd-dfd0-a33c-705f00364394&id=292841&aadredir=1&CBCXT=out&lw=1&fl=dob,flname,wld&cobrandid=90015",outlook.live.com,English,United States,
Microsoft,20200103T130000Z,Microsoft account,"https://outlook.live.com/owa/?RpsCsrfState=ff3ecdf5-6383-ce6c-0c3d-d8ea5ab3b974&id=292841&aadredir=1&CBCXT=out&lw=1&fl=dob,flname,wld&cobrandid=90015",outlook.live.com,English,United States,
Microsoft,20200103T173000Z,Microsoft account,"https://outlook.live.com/owa/?RpsCsrfState=fe12b4c2-4cb0-61fd-72e6-b88ee656ad89&id=292841&aadredir=1&CBCXT=out&lw=1&fl=dob,flname,wld&cobrandid=90015",outlook.live.com,English,United States,
Microsoft,20200103T171500Z,Microsoft account,"https://outlook.live.com/owa/?RpsCsrfState=c846e9fd-9260-d85d-800e-73d9b57f0243&id=292841&aadredir=1&CBCXT=out&lw=1&fl=dob,flname,wld&cobrandid=90015",outlook.live.com,English,United States,
Microsoft,20200103T214500Z,Microsoft account,"https://outlook.live.com/owa/?RpsCsrfState=3e10d138-e1cd-3b26-b9d5-1faa21005c91&id=292841&aadredir=1&CBCXT=out&lw=1&fl=dob,flname,wld&cobrandid=90015",outlook.live.com,English,United States,
Microsoft,20200103T211500Z,Microsoft account,"https://outlook.live.com/owa/?RpsCsrfState=3f76432f-9c4f-d103-12d0-283119d2816f&id=292841&aadredir=1&CBCXT=out&lw=1&fl=dob,flname,wld&cobrandid=90015",outlook.live.com,English,United States,
Microsoft,20200103T114500Z,Microsoft account,"https://outlook.live.com/owa/?RpsCsrfState=80855abd-0a72-9426-97e8-d11813c7f86b&id=292841&aadredir=1&CBCXT=out&lw=1&fl=dob,flname,wld&cobrandid=90015",outlook.live.com,English,United States,
Microsoft,20200103T123000Z,Microsoft account,"https://outlook.live.com/owa/?RpsCsrfState=c21ce022-e4e6-8bfe-3f99-18870063982a&id=292841&aadredir=1&CBCXT=out&lw=1&fl=dob,flname,wld&cobrandid=90015",outlook.live.com,English,United States,
Microsoft,20200103T091500Z,Microsoft account,"https://outlook.live.com/owa/?RpsCsrfState=b5c2ce66-2a1e-f8c7-0d40-c2f9d0cc8422&id=292841&aadredir=1&CBCXT=out&lw=1&fl=dob,flname,wld&cobrandid=90015",outlook.live.com,English,United States,
Microsoft,20200103T233000Z,Microsoft account,"https://outlook.live.com/owa/?RpsCsrfState=8df217a5-623a-870b-20b8-6457ee464bd1&id=292841&aadredir=1&CBCXT=out&lw=1&fl=dob,flname,wld&cobrandid=90015",outlook.live.com,English,United States,
Microsoft,20200104T000000Z,Microsoft account,"https://outlook.live.com/owa/?RpsCsrfState=9eb80cab-5d74-194f-8797-9c96d77371bb&id=292841&aadredir=1&CBCXT=out&lw=1&fl=dob,flname,wld&cobrandid=90015",outlook.live.com,English,United States,
Microsoft,20200103T000000Z,Microsoft account,"https://outlook.live.com/owa/?RpsCsrfState=48ca0c74-8ded-5dfd-d3ec-abb7537da0ec&id=292841&aadredir=1&CBCXT=out&lw=1&fl=dob,flname,wld&cobrandid=90015",outlook.live.com,English,United States,
Microsoft,20200103T103000Z,Microsoft account,"https://outlook.live.com/owa/?RpsCsrfState=fa08f330-3ed3-6ea2-e5b0-aa6e760cc4f9&id=292841&aadredir=1&CBCXT=out&lw=1&fl=dob,flname,wld&cobrandid=90015",outlook.live.com,English,United States,
Microsoft,20200103T104500Z,Microsoft account,"https://outlook.live.com/owa/?RpsCsrfState=01f5a2f0-259d-d0d4-a8d1-1043ddb603e7&id=292841&aadredir=1&CBCXT=out&lw=1&fl=dob,flname,wld&cobrandid=90015",outlook.live.com,English,United States,
Microsoft,20200103T211500Z,IHS Markit Analyst Believes PS5 Will Outsell Xbox,https://gazettereview.com/2020/01/ihs-markit-analyst-believes-ps5-will-outsell-xbox/,gazettereview.com,English,United States,
Microsoft,20200103T151500Z,How to update an Xbox One controller in 3 different ways,https://www.businessinsider.com/how-to-update-xbox-one-controller,businessinsider.com,English,United States,
Microsoft,20200103T154500Z,Grand Theft Auto 5 Is Now On Xbox Game Pass,https://www.ign.com/articles/2020/01/03/grand-theft-auto-5-is-now-on-xbox-game-pass,ign.com,English,United States,
Microsoft,20200103T020000Z,"Minecraft servers arent shutting down , contrary to internet prank",https://www.polygon.com/2020/1/2/21047401/minecraft-shutdown-servers-mojang-hoax,polygon.com,English,United States,
Microsoft,20200103T050000Z,K - water : distribution dun compteur deau intelligent pour prévenir les décès des personnes seules l KBS WORLD Radio,http://world.kbs.co.kr/service/news_view.htm?lang=f&Seq_Code=68259,world.kbs.co.kr,English,South Korea,
Microsoft,20200103T030000Z,Séoul exprime sa préoccupation suite à une série daffrontements armés en Irak l KBS WORLD Radio,http://world.kbs.co.kr/service/news_view.htm?lang=f&Seq_Code=68256,world.kbs.co.kr,English,South Korea,
Microsoft,20200103T030000Z,Corée du Nord : le régime encourage les habitants à poursuivre la lutte contre les sanctions internationales,http://world.kbs.co.kr/service/news_view.htm?lang=f&Seq_Code=68255,world.kbs.co.kr,English,South Korea,
Microsoft,20200103T014500Z,Nucléaire nord - coréen : Mark Esper prône la voie diplomatique,http://world.kbs.co.kr/service/news_view.htm?lang=f&Seq_Code=68250,world.kbs.co.kr,English,South Korea,
Microsoft,20200103T073000Z,Kospi : très légère reprise,http://world.kbs.co.kr/service/news_view.htm?lang=f&Seq_Code=68267,world.kbs.co.kr,English,South Korea,
Microsoft,20200103T063000Z,Choo Mi - ae appelle les procureurs à coopérer pour la réforme du Parquet,http://world.kbs.co.kr/service/news_view.htm?lang=f&Seq_Code=68264,world.kbs.co.kr,English,South Korea,
Microsoft,20200103T144500Z,The paid search shifts of 2019 that will shape how we market in 2020,https://marketingland.com/the-paid-search-shifts-of-2019-that-will-shape-how-we-market-in-2020-273595,marketingland.com,English,United States,
Microsoft,20200103T104500Z,Phil Spencer Reveals The One Thing He Admires About PlayStation 5,https://www.ibtimes.com/phil-spencer-reveals-one-thing-he-admires-about-playstation-5-2895391,ibtimes.com,English,United States,
Microsoft,20200103T143000Z,Resident Evil 3 File Size Is Twice As Big As Resident Evil 2 Remake,https://www.gamepur.com/news/45841-resident-evil-3-file-size-twice-big-resident-evil-2-remake.html,gamepur.com,English,United States,
Microsoft,20200103T230000Z,"Roy Castleman , Author at Search Engine Watch",https://www.searchenginewatch.com/author/roycastleman/,searchenginewatch.com,English,United States,
Microsoft,20200103T160000Z,Is Minecraft shutting down ? Players panic over story about 2020 server turn - off,https://www.thesun.ie/tech/4948903/is-minecraft-shutting-down-players-panic-over-story-about-2020-server-turn-off/,thesun.ie,English,Ireland,
Microsoft,20200103T121500Z,Amazon best - selling games of 2019 dominated by gift cards and Switch,https://www.gamesindustry.biz/articles/2020-01-03-amazons-best-selling-games-of-2019-dominated-by-gift-cards-and-switch,gamesindustry.biz,English,United Kingdom,
Microsoft,20200103T133000Z,Amazon best - selling games of 2019 dominated by gift cards and Switch,http://www.gamesindustry.biz/articles/2020-01-03-amazons-best-selling-games-of-2019-dominated-by-gift-cards-and-switch,gamesindustry.biz,English,United Kingdom,
Microsoft,20200103T200000Z,Resident Evil 3 With Resistance Multiplayer Mode Nearly Doubles Resident Evil 2 File Size,https://comicbook.com/gaming/2020/01/03/resident-evil-3-file-size/,comicbook.com,English,United States,
Microsoft,20200103T110000Z,Dell will soon let you use iOS apps on a Windows PC,https://www.techradar.com/news/dell-will-soon-let-you-use-ios-apps-on-a-windows-pc,techradar.com,English,United Kingdom,
Microsoft,20200103T173000Z,Lenovo is bringing smart displays to the office with a Microsoft Teams device – TechCrunch,https://techcrunch.com/2020/01/03/lenovo-is-bringing-smart-displays-to-the-office-with-microsoft-teams-devices/,techcrunch.com,English,United States,
Microsoft,20200103T121500Z,Office Treats Bring Out the Worst of Humanity,https://www.nytimes.com/2020/01/03/business/work-friend-office-cupcakes.html,nytimes.com,English,United States,
Microsoft,20200103T123000Z,Brazil Home - Flipping Startup Loft Moves Closer to Unicorn Territory,https://www.wsj.com/articles/brazil-home-flipping-startup-loft-moves-closer-to-unicorn-territory-11578052801,wsj.com,English,United States,
Microsoft,20200103T060000Z,Moon Aims to Make S . Korea One of World Top 4 Exporting Nations by 2030,http://world.kbs.co.kr/service/news_view.htm?Seq_Code=150403,world.kbs.co.kr,English,South Korea,
Microsoft,20200103T043000Z,Renowned Fashion School Apologizes for Photos of Rising Sun Flag,http://world.kbs.co.kr/service/news_view.htm?lang=e&Seq_Code=150402,world.kbs.co.kr,English,South Korea,
Microsoft,20200103T043000Z,Renowned Fashion School Apologizes for Photos of Rising Sun Flag,http://world.kbs.co.kr/service/news_view.htm?Seq_Code=150402,world.kbs.co.kr,English,South Korea,
Microsoft,20200103T040000Z,Main Opposition Party to Hold Rally Friday,http://world.kbs.co.kr/service/news_view.htm?lang=e&Seq_Code=150401,world.kbs.co.kr,English,South Korea,
Microsoft,20200103T024500Z,Choo : Prosecutorial Reform Has Become  Issue of Our Time  ,http://world.kbs.co.kr/service/news_view.htm?lang=e&Seq_Code=150399,world.kbs.co.kr,English,South Korea,
Microsoft,20200103T024500Z,Eight Minor Bareunmirae Party Representatives Defect for New Conservative Party,http://world.kbs.co.kr/service/news_view.htm?lang=e&Seq_Code=150400,world.kbs.co.kr,English,South Korea,
Microsoft,20200103T024500Z,Senator Urges Resumption of N . Korea Sanctions Regime,http://world.kbs.co.kr/service/news_view.htm?lang=e&Seq_Code=150397,world.kbs.co.kr,English,South Korea,
Microsoft,20200103T024500Z,Prosecution Investigates DP Possible Involvement in Alleged Election Intervention,http://world.kbs.co.kr/service/news_view.htm?lang=e&Seq_Code=150398,world.kbs.co.kr,English,South Korea,
Microsoft,20200103T000000Z,Court Rejects Arrest Warrant for Conservative Pastor,http://world.kbs.co.kr/service/news_view.htm?lang=e&Seq_Code=150393,world.kbs.co.kr,English,South Korea,
Microsoft,20200103T000000Z,Preemptive Fine Dust Reduction Measures Enforced in Seoul Metro Area,http://world.kbs.co.kr/service/news_view.htm?lang=e&Seq_Code=150391,world.kbs.co.kr,English,South Korea,
Microsoft,20200103T014500Z,US to Slap Duties on Vietnamese Steel Exports Originally Produced in S . Korea,http://world.kbs.co.kr/service/news_view.htm?lang=e&Seq_Code=150396,world.kbs.co.kr,English,South Korea,
Microsoft,20200103T013000Z,Four Ministers to Announce Decision Not to Run in April Elections,http://world.kbs.co.kr/service/news_view.htm?lang=e&Seq_Code=150395,world.kbs.co.kr,English,South Korea,
Microsoft,20200103T013000Z,S . Korea Deputy Foreign Minister Arrives in US for Talks,http://world.kbs.co.kr/service/news_view.htm?lang=e&Seq_Code=150394,world.kbs.co.kr,English,South Korea,
Microsoft,20200103T074500Z,N . Korea Official Paper Calls for  Powerful Offensive  against External Challenges,http://world.kbs.co.kr/service/news_view.htm?lang=e&Seq_Code=150407,world.kbs.co.kr,English,South Korea,
Microsoft,20200103T074500Z,Four Cabinet Ministers Announce Decision Not to Run in April General Elections,http://world.kbs.co.kr/service/news_view.htm?lang=e&Seq_Code=150411,world.kbs.co.kr,English,South Korea,
Microsoft,20200103T074500Z,Preemptive Fine Dust Reduction Measures Enforced in Seoul Metro Area,http://world.kbs.co.kr/service/news_view.htm?lang=e&Seq_Code=150410,world.kbs.co.kr,English,South Korea,
Microsoft,20200103T061500Z,Moon Aims to Make S . Korea One of World Top 4 Exporting Nations by 2030,http://world.kbs.co.kr/service/news_view.htm?lang=e&Seq_Code=150403,world.kbs.co.kr,English,South Korea,
Microsoft,20200103T091500Z,KOSPI Closes Friday Up 0 . 06 % ,http://world.kbs.co.kr/service/news_view.htm?lang=e&Seq_Code=150409,world.kbs.co.kr,English,South Korea,
Microsoft,20200103T071500Z,N . Korea Official Paper Calls for  Powerful Offensive  against External Challenges,http://world.kbs.co.kr/service/news_view.htm?Seq_Code=150407,world.kbs.co.kr,English,South Korea,
Microsoft,20200103T110000Z,LKP Files Petition with Constitutional Court over Electoral Reform Law,http://world.kbs.co.kr/service/news_view.htm?lang=e&Seq_Code=150415,world.kbs.co.kr,English,South Korea,
Microsoft,20200103T110000Z,Documentary on Coach Park to Air on National Vietnam TV,http://world.kbs.co.kr/service/news_view.htm?lang=e&Seq_Code=150416,world.kbs.co.kr,English,South Korea,
Microsoft,20200103T110000Z,Top Office to Replace 6 - 7 Presidential Aides,http://world.kbs.co.kr/service/news_view.htm?lang=e&Seq_Code=150414,world.kbs.co.kr,English,South Korea,
Microsoft,20200103T110000Z,Assembly Speaker Cancels Trip Plans amid Lingering Parliamentary Standoff,http://world.kbs.co.kr/service/news_view.htm?lang=e&Seq_Code=150419,world.kbs.co.kr,English,South Korea,
Microsoft,20200103T110000Z,LKP Chief Vows to Choose,http://world.kbs.co.kr/service/news_view.htm?lang=e&Seq_Code=150418,world.kbs.co.kr,English,South Korea,
Microsoft,20200103T110000Z,UEFA Counts Lee Kang - in Among 50 Best Promising European Footballers in 2020,http://world.kbs.co.kr/service/news_view.htm?lang=e&Seq_Code=150420,world.kbs.co.kr,English,South Korea,
Microsoft,20200103T110000Z,Head of S . Korea Air Force Commands First Patrol Mission of New Year,http://world.kbs.co.kr/service/news_view.htm?lang=e&Seq_Code=150413,world.kbs.co.kr,English,South Korea,
Microsoft,20200103T110000Z,China Urges Swift Resumption of US - N . Korea Talks,http://world.kbs.co.kr/service/news_view.htm?lang=e&Seq_Code=150417,world.kbs.co.kr,English,South Korea,
Microsoft,20200103T063000Z,N . Korea Issues Commemorative ICBM Coin amid Heightened Tensions,http://world.kbs.co.kr/service/news_view.htm?lang=e&Seq_Code=150405,world.kbs.co.kr,English,South Korea,
Microsoft,20200103T090000Z,Moon to Issue New Year Address Tuesday Outlining Policy Goals,http://world.kbs.co.kr/service/news_view.htm?lang=e&Seq_Code=150412,world.kbs.co.kr,English,South Korea,
Microsoft,20200103T170000Z,Is Minecraft shutting down ? Players panic over story about 2020 server turn - off,https://www.thesun.co.uk/tech/10665028/is-minecraft-shutting-down-2020-servers-offline-game/,thesun.co.uk,English,United Kingdom,
Microsoft,20200103T161500Z,VMware ( VMW ) Completes the Acquisition of Pivotal Software,https://news.yahoo.com/vmware-vmw-completes-acquisition-pivotal-150603991.html,news.yahoo.com,English,United States,
Microsoft,20200103T140000Z,Small - cap woes highlight stock market dependency on mega - cap names,https://www.marketwatch.com/story/small-cap-woes-highlight-stock-markets-dependency-on-mega-cap-names-2020-01-03,marketwatch.com,English,United States,
Microsoft,20200103T033000Z,How the . NET Core platform advances cloud - based app deployment,https://searchapparchitecture.techtarget.com/tip/How-the-NET-Core-platform-advances-cloud-based-app-deployment,searchapparchitecture.techtarget.com,English,United States,
Microsoft,20200103T051500Z,"Wall St . kicks off 2020 at record levels on China stimulus , trade hopes",https://www.firstpost.com/business/wall-st-kicks-off-2020-at-record-levels-on-china-stimulus-trade-hopes-7853851.html,firstpost.com,English,India,
Microsoft,20200103T181500Z,11 easy Windows 10 tricks you didnt know about,http://www.msn.com/en-gb/news/other/11-easy-windows-10-tricks-you-didnt-know-about/ar-BBYzUMJ,msn.com,English,United States,
Microsoft,20200103T023000Z,Resident Evil 3 File Size Will Be Much Larger Than RE2 Remake,https://www.playstationlifestyle.net/2020/01/02/resident-evil-3-file-size-larger-re2/,playstationlifestyle.net,English,Japan,
Microsoft,20200103T010000Z,"Brydge 2020 accessory lineup includes an iPad trackpad , Surface keyboards , and more",https://liliputing.com/2020/01/brydges-2020-accessory-lineup-includes-an-ipad-trackpad-surface-keyboards-and-more.html,liliputing.com,English,China,
Microsoft,20200103T114500Z,Open Source Office Suites Can Replace Microsoft Office,https://opensourceforu.com/2020/01/open-source-office-suites-can-replace-microsoft-office/,opensourceforu.com,English,,
Microsoft,20200103T151500Z,Google and Amazon are now in the oil business,https://www.vox.com/recode/2020/1/3/21030688/google-amazon-ai-oil-gas,vox.com,English,United States,
Microsoft,20200103T173000Z,CES 2020 : Lenovo debuts the ThinkSmart View for working in public spaces,https://www.zdnet.com/article/ces-2020-lenovo-debuts-the-thinksmart-view-for-working-in-public-spaces/,zdnet.com,English,Japan,
Microsoft,20200103T181500Z,Grand Theft Auto V Added to Xbox Game Pass - Escapist Magazine,https://www.escapistmagazine.com/v2/grand-theft-auto-v-added-to-xbox-game-pass/,escapistmagazine.com,English,United States,
Microsoft,20200103T154500Z,Best Deals and Bundles on Xbox One X and Xbox One S January 2020,https://www.ign.com/articles/2020/01/03/best-deals-and-bundles-on-xbox-one-x-and-xbox-one-s-january-2020,ign.com,English,United States,
Microsoft,20200103T033000Z,Bill Gates ends decade pushing for higher taxes on the rich,https://www.detroitnews.com/story/news/politics/2020/01/02/bill-gates-ends-decade-pushing-higher-taxes-rich/40934773/,detroitnews.com,English,United States,
Microsoft,20200103T201500Z,Minecraft Servers Are Not Shutting Down This Year,https://gameranx.com/updates/id/189177/article/minecrafts-servers-are-not-shutting-down-this-year/,gameranx.com,English,United States,
Microsoft,20200103T004500Z,Bill Gates ends decade pushing for higher taxes on the rich,https://www.businesstimes.com.sg/government-economy/bill-gates-ends-decade-pushing-for-higher-taxes-on-the-rich,businesstimes.com.sg,English,Singapore,
Microsoft,20200103T120000Z,What to expect from Bitcoin in 2020,https://mybroadband.co.za/news/cryptocurrency/332200-what-to-expect-from-bitcoin-in-2020.html,mybroadband.co.za,English,South Africa,
Microsoft,20200103T023000Z,9 TV Shows You Should Binge - Watch This January << Rotten Tomatoes – Movie and TV News,https://editorial.rottentomatoes.com/article/tv-shows-you-should-binge-watch-this-january-2020/,editorial.rottentomatoes.com,English,United States,
Microsoft,20200103T020000Z,Absent Jitterbugging Tech Houses - 2020 A Ballroom In Shadows,https://www.forbes.com/sites/martinsosnoff/2020/01/02/absent-jitterbugging-tech-houses2020s-a-ballroom-in-shadows/,forbes.com,English,United States,
Microsoft,20200103T124500Z,Mojang confirms Minecraft servers are not shutting down in 2020,https://www.hitc.com/en-gb/2020/01/02/mojang-shutting-down-minecraft-servers-2020/,hitc.com,English,United Kingdom,
Microsoft,20200103T163000Z,Tech Moves : ExtraHop adds execs ; Simply Measured co - founder returns to startups ; and more,https://www.geekwire.com/2020/tech-moves-extrahop-adds-execs-simply-measured-co-founder-returns-to-startups-and-more/,geekwire.com,English,United States,
Microsoft,20200103T211500Z,How to find your Xbox One IP address or set up a static IP address on the console,https://www.businessinsider.com.au/how-to-find-xbox-one-ip-address-2020-1,businessinsider.com.au,English,Australia,
Microsoft,20200103T163000Z,Grand Theft Auto V is now available on Xbox Game Pass for Console,https://www.neowin.net/news/grand-theft-auto-v-is-now-available-on-xbox-game-pass-for-console,neowin.net,English,United States,
Microsoft,20200103T124500Z,IMPORT FASHION DESIGNER AND IMPORT PRODUCTION MANAGER NEEDED,http://www.radiokorea.com/bulletin/bbs/board.php?bo_table=c_jobs&wr_id=2503764,radiokorea.com,English,United States,
Microsoft,20200103T204500Z,"With the Start 2020 , Billionaire Bill Gates Calls for Higher Taxes to the Rich",https://www.coinspeaker.com/bill-gates-higher-taxes-to-the-rich/,coinspeaker.com,English,United States,
Microsoft,20200103T124500Z,The best free PDF reader 2020,https://www.techradar.com/news/the-best-free-pdf-reader,techradar.com,English,United Kingdom,
Microsoft,20200103T214500Z,PlayStation 5 Will Support Backwards Compability For All Previous Systems : Report,https://hiphopwired.com/833966/ps5-backwards-compability/,hiphopwired.com,English,United States,
Microsoft,20200103T071500Z,Bill Gates ends the decade pushing for higher taxes on the rich,https://missoulian.com/business/bill-gates-ends-the-decade-pushing-for-higher-taxes-on/article_be10d58b-fbd6-571e-b816-44fe204bdef1.html,missoulian.com,English,United States,
Microsoft,20200103T154500Z,Alteryx ( AYX ) Shows Momentum : Is It Part of Your Portfolio ? ,https://news.yahoo.com/alteryx-ayx-shows-momentum-part-144402217.html,news.yahoo.com,English,United States,
Microsoft,20200103T130000Z,Will the PS5 and next - gen Xbox force Nintendo to launch a Switch Pro this year ? ,https://bgr.com/2020/01/03/nintendo-switch-news-will-ps5-and-new-xbox-force-a-switch-pro-launch/,bgr.com,English,United States,
Microsoft,20200103T070000Z,"Bill Gates , ending the decade richer , calls for higher wealth tax",https://www.aljazeera.com/ajimpact/bill-gates-decade-richer-calls-higher-wealth-tax-200103014312133.html,aljazeera.com,English,United States,
Microsoft,20200103T204500Z,"HERE maintains lead over Google , TomTom and MapBox ; ranked top location - based service",https://www.financialexpress.com/industry/technology/here-maintains-lead-over-google-tomtom-and-mapbox-ranked-top-location-based-service/1812480/,financialexpress.com,English,India,
Microsoft,20200103T194500Z,Daedalic CEO : PS5 Will Be Huge ; I Think Microsoft Is Doing Some Things Better Than in the Past,https://wccftech.com/daedalic-ceo-ps5-will-be-huge-i-think-microsoft-is-doing-some-things-better-than-in-the-past/,wccftech.com,English,United States,
Microsoft,20200103T170000Z,Resident Evil 3 Remake Download Size Revealed,https://wegotthiscovered.com/gaming/resident-evil-3-remake-download-size-revealed/,wegotthiscovered.com,English,United States,
Microsoft,20200103T081500Z,Bill Gates ends the decade pushing for higher taxes on the rich,https://www.stltoday.com/business/bill-gates-ends-the-decade-pushing-for-higher-taxes-on/article_3125433e-9ddf-5b10-8e3b-b63642178e99.html,stltoday.com,English,United States,
Microsoft,20200103T143000Z,New drugs for Rabies excite : Key takeaway from Assessment,https://www.openpr.com/news/1889269/new-drugs-for-rabies-excite-key-takeaway-from-assessment,openpr.com,English,United States,
Microsoft,20200103T154500Z,Tech Moves : ExtraHop adds execs ; Simply Measured co - founder returns to startups ; and more,https://www.msn.com/en-us/finance/companies/tech-moves-extrahop-adds-execs-simply-measured-co-founder-returns-to-startups-and-more/ar-BBYAh4n,msn.com,English,United States,
Microsoft,20200104T000000Z,"Jim Cramer reviews the best 2019 Dow performers , predicts 2020 moves",https://www.cnbc.com/2020/01/03/jim-cramer-reviews-the-best-2019-dow-performers-predicts-2020-moves.html,cnbc.com,English,United States,
Microsoft,20200103T134500Z,2019 Contributors of the Year : Hunter Willis,https://www.cmswire.com/information-management/2019-contributors-of-the-year-hunter-willis/,cmswire.com,English,United States,
Microsoft,20200103T211500Z,Edge beta for iOS gets new icon ahead of Chromium Edge for desktop launch,https://www.windowscentral.com/edge-beta-ios-gets-new-icon-ahead-chromium-edge-desktop-launch,windowscentral.com,English,United States,
Microsoft,20200103T000000Z,Bill Gates Ends the Decade Pushing for Higher Taxes on the Rich,https://finance.yahoo.com/news/bill-gates-ends-decade-pushing-225147997.html,finance.yahoo.com,English,United States,
Microsoft,20200103T224500Z,Bill Gates pushes for far higher taxes on the rich,https://www.vanguardngr.com/2020/01/bill-gates-pushes-for-far-higher-taxes-on-the-rich/,vanguardngr.com,English,Nigeria,
Microsoft,20200103T180000Z,New Microsoft Teams service for WSU | WSU Insider | Washington State University,https://news.wsu.edu/2020/01/03/new-microsoft-teams-service-wsu/,news.wsu.edu,English,United States,
Microsoft,20200103T154500Z,How to find your Xbox One IP address or set up a static IP address on the console,https://www.pulse.ng/bi/tech/how-to-find-your-xbox-ones-ip-address-or-set-up-a-static-ip-address-on-the-console/mjcrq84,pulse.ng,English,Nigeria,
Microsoft,20200103T171500Z,Bill Gates pushes for higher taxes on rich as wealth soars,https://www.sfchronicle.com/business/article/Bill-Gates-pushes-for-higher-taxes-on-rich-as-14947444.php,sfchronicle.com,English,United States,
Microsoft,20200103T171500Z,Bill Gates calls for income tax in Washington state,https://mynorthwest.com/1658307/bill-gates-income-tax-washington/,mynorthwest.com,English,United States,
Microsoft,20200103T143000Z,Here Are the Threats Federal Network Defenders Need to Know,https://www.nextgov.com/ideas/2020/01/here-are-threats-federal-network-defenders-need-know/162184/,nextgov.com,English,United States,
Microsoft,20200103T113000Z,7 game - changing moments for open source technologies in 2019,https://www.information-age.com/7-game-changing-moments-open-source-technologies-2019-123486710/,information-age.com,English,United Kingdom,
Microsoft,20200103T004500Z,2020 : The year the office finds its voice ? ,https://www.arnnet.com.au/article/669926/2020-year-office-finds-its-voice/,arnnet.com.au,English,Australia,
Microsoft,20200103T170000Z,Excellent ultra - thin laptops for working on the go,https://www.popsci.com/story/shop/ultra-thin-laptops/,popsci.com,English,United States,
Microsoft,20200103T093000Z,Unrest in West Asia can be a double whammy for the Indian economy,https://www.msn.com/en-in/news/newsindia/unrest-in-west-asia-can-be-a-double-whammy-for-the-indian-economy-analysis/ar-BBYzIaw,msn.com,English,United States,
Microsoft,20200103T220000Z,Lenovo Expands ThinkSmart Office Offerings Ahead Of CES 2020,https://www.androidheadlines.com/2020/01/lenovo-thinksmart-view-ces-2020-smart-office-hub.html,androidheadlines.com,English,China,
Microsoft,20200103T163000Z,Bill Gates pushes for higher taxes on rich as wealth soars,https://www.thestar.com/business/2020/01/03/bill-gates-pushes-for-higher-taxes-on-rich-as-wealth-soars.html,thestar.com,English,Canada,
Microsoft,20200103T000000Z,The 10 Hottest New 2 - in - 1 Laptops And Tablets Of 2019,https://www.crn.com/slide-shows/mobility/the-10-hottest-new-2-in-1-laptops-and-tablets-of-2019,crn.com,English,United States,
Microsoft,20200103T143000Z,See Flight Simulator impressive snow tech in new trailer,https://www.vg247.com/2020/01/03/flight-simulator-snow-tech-new-trailer/,vg247.com,English,United States,
Microsoft,20200103T060000Z,5 tech trends set to explode in your life this decade,https://www.thehindu.com/sci-tech/technology/5-tech-trends-set-to-explode-in-your-life-this-decade/article30467775.ece,thehindu.com,English,India,
Microsoft,20200103T214500Z,Rezi Résumé Software : Lifetime Subscription,https://deals.thenextweb.com/sales/rezi-resume-software-for-serious-job-seekers-lifetime-subscription/,deals.thenextweb.com,English,United States,
Microsoft,20200103T210000Z,Bill Gates pushes for higher taxes on rich as wealth soars,https://www.accountingtoday.com/articles/bill-gates-pushes-for-higher-taxes-on-rich-as-wealth-soars,accountingtoday.com,English,United States,
Microsoft,20200103T203000Z,How to Extract a Number or Text From Excel,https://www.makeuseof.com/tag/extract-number-text-excel-function/,makeuseof.com,English,United States,
Microsoft,20200103T083000Z,Mate 30 series has top apps available in its Huawei App Gallery,https://news.abs-cbn.com/advertorial/life/01/03/20/mate-30-series-has-top-apps-available-in-its-huawei-app-gallery,news.abs-cbn.com,English,Philippines,
Microsoft,20200103T043000Z,Bill Gates ends the decade pushing for higher taxes on the rich,https://siouxcityjournal.com/business/bill-gates-ends-the-decade-pushing-for-higher-taxes-on/article_1a0787d0-cfec-50fb-ac4c-1d012c4b4cd0.html,siouxcityjournal.com,English,United States,
Microsoft,20200103T194500Z,Bill Gates pushes for higher taxes on rich as wealth soars,https://www.chron.com/business/article/Bill-Gates-pushes-for-higher-taxes-on-rich-as-14947444.php,chron.com,English,United States,
Microsoft,20200103T171500Z,Bill Gates pushes for higher taxes on rich as wealth soars,https://www.sfgate.com/business/article/Bill-Gates-pushes-for-higher-taxes-on-rich-as-14947444.php,sfgate.com,English,United States,
Microsoft,20200103T084500Z,Bill Gates pushes for far higher taxes on the rich,https://techcentral.co.za/bill-gates-pushes-for-far-higher-taxes-on-the-rich/94946/,techcentral.co.za,English,South Africa,
Microsoft,20200103T094500Z,Nordic Enterprises Moving to Public Cloud,https://www.finanznachrichten.de/nachrichten-2020-01/48527152-nordic-enterprises-moving-to-public-cloud-008.htm,finanznachrichten.de,English,Germany,
Microsoft,20200103T193000Z,Zoom founder : Immigrant tech CEOs show we should  embrace  immigrant talent,https://www.foxbusiness.com/technology/zoom-founder-immigrant-tech-ceos-embrace,foxbusiness.com,English,United States,
Microsoft,20200103T184500Z,Apple stocks set new record,https://news.am/eng/news/552809.html,news.am,English,Armenia,
Microsoft,20200103T184500Z,4 things Shopping Ads managers need to prepare for in 2020,https://marketingland.com/4-things-shopping-ads-managers-need-to-prepare-for-in-2020-273436,marketingland.com,English,United States,
Microsoft,20200103T181500Z,Lenovo announces ThinkSmart View for individual offices with Microsoft Teams integration,https://www.neowin.net/news/lenovo-announces-thinksmart-view-for-individual-offices-with-microsoft-teams-integration,neowin.net,English,United States,
Microsoft,20200103T093000Z,Solvera acquires Winnipeg computer company,https://www.winnipegfreepress.com/business/solvera-acquires-winnipeg-computer-company-566679671.html,winnipegfreepress.com,English,Canada,
Microsoft,20200103T174500Z,Bill Gates Pushes for Higher Taxes on Rich as Wealth Soars,https://www.wealthmanagement.com/high-net-worth/bill-gates-pushes-higher-taxes-rich-wealth-soars,wealthmanagement.com,English,United States,
Microsoft,20200103T203000Z,"Introducing ThinkSmart View , Lenovo answer to the evolving  smart office  ",https://www.wraltechwire.com/2020/01/03/introducing-thinksmart-view-lenovos-answer-to-the-evolving-smart-office/,wraltechwire.com,English,United States,
Microsoft,20200103T010000Z,Bill Gates says the rich should pay more in taxes,https://www.msn.com/en-us/news/politics/bill-gates-says-the-rich-should-pay-more-in-taxes/ar-BBYywiP,msn.com,English,United States,
Microsoft,20200103T063000Z,Gadgets that could vanish in this decade,https://www.thehindu.com/sci-tech/technology/gadgets/gadgets-that-could-vanish-in-this-decade/article30467745.ece,thehindu.com,English,India,
Microsoft,20200103T104500Z,From DVD players to wired headphones : 5 gadgets that might disappear this decade,https://www.hindustantimes.com/tech/from-dvd-players-to-wired-headphones-5-gadgets-that-might-disappear-this-decade/story-ixinTheK0rAFKnvd8vNeoI.html,hindustantimes.com,English,India,
Microsoft,20200103T211500Z,"Bill Gates , whose fortune stands at $113 billion , is pushing for higher taxes on the rich",https://business.financialpost.com/personal-finance/high-net-worth/bill-gates-whose-fortune-stands-at-113-billion-is-pushing-for-higher-taxes-on-the-rich,business.financialpost.com,English,Canada,
Microsoft,20200103T233000Z,Listener Question : Are These Stocks Overvalued ? ,https://www.msn.com/en-us/finance/savingandinvesting/listener-question-are-these-stocks-overvalued/ar-BBYANCa,msn.com,English,United States,
Microsoft,20200103T134500Z,11 easy Windows 10 tricks you didnt know about,https://www.cnet.com/how-to/11-easy-windows-10-tricks-you-didnt-know-about/,cnet.com,English,Japan,
Microsoft,20200103T233000Z,The 10 Biggest Cloud Computing News Stories Of 2019,https://www.crn.com/slide-shows/cloud/the-10-biggest-cloud-computing-news-stories-of-2019,crn.com,English,United States,
Microsoft,20200103T153000Z,California Consumer Privacy Act and what it means for you,https://www.cnbc.com/2020/01/03/californias-consumer-privacy-act-and-what-it-means-for-you.html,cnbc.com,English,United States,
Microsoft,20200103T120000Z,Is Minecraft shutting down ? Here why you might think Minecraft servers are shutting in 2020,https://www.dailystar.co.uk/tech/gaming/minecraft-shutting-down-heres-you-21206360,dailystar.co.uk,English,United Kingdom,
Microsoft,20200103T224500Z,TRUST WATCH :  Personal Assets,https://www.dailymail.co.uk/money/investing/article-7849781/TRUST-WATCH-Personal-Assets.html,dailymail.co.uk,English,United Kingdom,
Microsoft,20200104T000000Z,Best Buy Sale Alert : New Deals Beat Black Friday Prices [ Updated ] ,https://www.forbes.com/sites/gordonkelly/2020/01/03/best-buy-sale-airpods-pro-iphone-11-pro-max-xbox-ps4-macbook-microsoft-surface-pro7-4k-tv-deals/,forbes.com,English,United States,
Microsoft,20200104T000000Z,TRUST WATCH :  Personal Assets,https://www.thisismoney.co.uk/money/investing/article-7849781/TRUST-WATCH-Personal-Assets.html,thisismoney.co.uk,English,United Kingdom,
Microsoft,20200103T194500Z,Bill Gates Urges Lawmakers To Raise Taxes On America Ultra - Rich,https://www.forbes.com/sites/sergeiklebnikov/2020/01/03/bill-gates-urges-lawmakers-to-raise-taxes-on-americas-ultra-rich/,forbes.com,English,United States,
Microsoft,20200103T154500Z,Grammy - nominated rapper DaBaby arrested on battery charge,https://www.chron.com/news/texas/article/Grammy-nominated-rapper-DaBaby-arrested-on-14947179.php,chron.com,English,United States,
Microsoft,20200103T153000Z,Grammy - nominated rapper DaBaby arrested on battery charge,https://www.sfgate.com/news/texas/article/Grammy-nominated-rapper-DaBaby-arrested-on-14947179.php,sfgate.com,English,United States,
Microsoft,20200103T191500Z,"Bill Gates , whose fortune stands at $113 billion , is pushing for higher taxes on the rich",https://windsorstar.com/personal-finance/high-net-worth/bill-gates-whose-fortune-stands-at-113-billion-is-pushing-for-higher-taxes-on-the-rich/wcm/51a7fdc6-12d5-4dd5-84cf-a54e7a86e300,windsorstar.com,English,Canada,
Microsoft,20200103T191500Z,"Bill Gates , whose fortune stands at $113 billion , is pushing for higher taxes on the rich",https://windsorstar.com/personal-finance/high-net-worth/bill-gates-whose-fortune-stands-at-113-billion-is-pushing-for-higher-taxes-on-the-rich/wcm/89c12da6-4944-469e-8b7c-91c603aeb159,windsorstar.com,English,Canada,
Microsoft,20200103T161500Z,Grammy - nominated rapper DaBaby arrested on battery charge,https://www.seattlepi.com/news/texas/article/Grammy-nominated-rapper-DaBaby-arrested-on-14947179.php,seattlepi.com,English,United States,
Microsoft,20200103T114500Z,AttackIQ Recognized as a Microsoft Security 20 / 20 Partner Awards Finalist for Emerging ISV Disruptor,https://www.hostreview.com/news/200103-attackiq-recognized-as-a-microsoft-security-20-20-partner-awards-finalist-for-emerging-isv-disruptor,hostreview.com,English,United States,
Microsoft,20200103T044500Z,"Microsoft Announce Free Play Days for This Weekend , Featured Title DiRt Rally 2 . 0 Kicks off the Decade",https://gameranx.com/updates/id/189161/article/dirt-rally-new-free-play-days-announced-detailed/,gameranx.com,English,United States,
Microsoft,20200103T173000Z,NEC Personal Computers Makes Three Flagship Devices Available in the US Market,https://www.prnewswire.com/news-releases/nec-personal-computers-makes-three-flagship-devices-available-in-the-us-market-300979503.html,prnewswire.com,English,United States,
Microsoft,20200103T173000Z,NEC Personal Computers Makes Three Flagship Devices Available in the US Market,https://www.prnewswire.com:443/news-releases/nec-personal-computers-makes-three-flagship-devices-available-in-the-us-market-300979503.html,prnewswire.com,English,United States,
Microsoft,20200103T053000Z,Bill Gates Calls for Taxing the Rich in New Year Eve Blog Post,https://www.breitbart.com/politics/2020/01/02/bill-gates-calls-for-taxing-the-rich-in-new-years-eve-blog-post/,breitbart.com,English,United States,
Microsoft,20200103T223000Z,"After big year and good decade , stocks look pricier but not overpriced",https://www.stltoday.com/business/columns/david-nicklaus/after-big-year-and-good-decade-stocks-look-pricier-but/article_33379ac7-a4fe-565e-8fcd-3e0df45c4423.html,stltoday.com,English,United States,
Microsoft,20200103T191500Z,Microsoft to rename windows 10 enterprise to windows 10 enterprise E3,https://pctechmag.com/2016/07/microsoft-to-rename-windows-10-enterprise-to-windows-10-enterprise-e3/,pctechmag.com,English,Uganda,
Microsoft,20200103T223000Z,"Year on Year Sales & Market Share Charts - December 28 , 2019",http://www.vgchartz.com/article/441960/year-on-year-sales-amp-market-share-charts-december-28-2019/,vgchartz.com,English,Japan,
Microsoft,20200103T200000Z,How to watch Friends now it left Netflix – and when it returns to streaming,https://www.techradar.com/news/how-to-watch-friends-online,techradar.com,English,United Kingdom,
Microsoft,20200103T190000Z,"CES 2020 preview : Ivanka Trump , Amazon , pizza robots , and more as GeekWire heads to Vegas",https://www.geekwire.com/2020/ces-2020-preview-ivanka-trump-amazon-pizza-robots-geekwire-heads-vegas/,geekwire.com,English,United States,
Microsoft,20200103T144500Z,Peabody Energy ( BTU ) in Focus : Stock Moves 9 . 5 % Higher,https://news.yahoo.com/peabody-energy-btu-focus-stock-134701626.html,news.yahoo.com,English,United States,
Microsoft,20200103T230000Z,USG 20 Most Anticipated Games of 2020,https://www.usgamer.net/articles/usgs-20-most-anticipated-games-of-2020,usgamer.net,English,Japan,
Microsoft,20200103T154500Z,Grammy - nominated rapper DaBaby arrested on battery charge,https://www.nhregister.com/news/texas/article/Grammy-nominated-rapper-DaBaby-arrested-on-14947179.php,nhregister.com,English,United States,
Microsoft,20200103T163000Z,Grammy - nominated rapper DaBaby arrested on battery charge,https://www.timesunion.com/news/texas/article/Grammy-nominated-rapper-DaBaby-arrested-on-14947179.php,timesunion.com,English,United States,
Microsoft,20200103T194500Z,"Bill Gates , whose fortune stands at $113 billion , is pushing for higher taxes on the rich",https://o.canada.com/personal-finance/high-net-worth/bill-gates-whose-fortune-stands-at-113-billion-is-pushing-for-higher-taxes-on-the-rich/wcm/89c12da6-4944-469e-8b7c-91c603aeb159,o.canada.com,English,Canada,
Amazon,20200104T000000Z,New Mandalorian Funko POPs Are Up for Preorder,https://www.ign.com/articles/2020/01/03/new-mandalorian-funko-pops-are-up-for-preorder,ign.com,English,United States,
Amazon,20200103T181500Z,Must - Haves For 2020 : 9 Discounted Items on Amazon That Youll Need To Start the Year Right,http://www.techtimes.com/articles/246742/20200103/must-haves-for-2020-9-discounted-items-on-amazon-that-youll-need-to-start-the-year-right.htm,techtimes.com,English,United States,
Amazon,20200103T090000Z,Amazon employees allegedly risk being fired if they speak out on climate change,https://citizen.co.za/news/south-africa/environment/2223962/amazon-employees-allegedly-risk-being-fired-if-they-speak-out-on-climate-change/,citizen.co.za,English,South Africa,
Amazon,20200103T071500Z,Amazon Largest Carrier Is Now … Amazon,https://www.thomasnet.com/insights/amazon-s-largest-carrier-is-now-amazon/,thomasnet.com,English,United States,
Amazon,20200103T011500Z,Amazon Threatens To Fire Employees For Speaking About Climate Change,https://www.ibtimes.com/amazon-threatens-fire-employees-speaking-about-climate-change-2895529,ibtimes.com,English,United States,
Amazon,20200103T084500Z,Amazon RDS on VMware,https://4sysops.com/archives/amazon-rds-on-vmware/,4sysops.com,English,,
Amazon,20200103T073000Z,Amazon Threatened to Fire Employees Who Criticized Its Environmental Policies,https://www.vanityfair.com/news/2020/01/amazon-threatens-to-fire-employees-climate-change-environment,vanityfair.com,English,United States,
Amazon,20200103T023000Z,Employees say Amazon reprimanded them for criticizing environmental policy,https://mynorthwest.com/1657778/amazon-workers-environmental-policy/,mynorthwest.com,English,United States,
Amazon,20200103T194500Z,A  new  Amazon waffle maker arrived with a crusty old waffle inside,https://www.vox.com/recode/2020/1/3/21047550/amazon-waffle-maker-babycakes-marketplace-seller,vox.com,English,United States,
Amazon,20200103T014500Z,Amazon threatens to fire employees demanding climate justice,https://www.alternet.org/2020/01/amazon-threatens-to-fire-employees-demanding-climate-justice/,alternet.org,English,United States,
Amazon,20200103T063000Z,Amazon Threatens to Fire Employees Who Speak Out on Climate Change,https://www.necn.com/news/national-international/amazon-threatens-fire-employees-climate-change/2213375/,necn.com,English,United States,
Amazon,20200103T130000Z,Amazon To Employee Climate Activists : Toe The Line Or Get Fired,https://finance.yahoo.com/news/amazon-employee-climate-activists-toe-090640103.html,finance.yahoo.com,English,United States,
Amazon,20200103T211500Z,Amazon workers claim their jobs were threatened for speaking out about climate change,https://abcnews.go.com/Business/amazon-workers-claim-jobs-threatened-speaking-climate-change/story?id=68049064,abcnews.go.com,English,United States,
Amazon,20200103T214500Z,Amazon workers claim their jobs were threatened for speaking out about climate change,https://abc11.com/abc11.com/amazon-workers-claim-their-jobs-were-threatened-for-speaking-out-about-climate-change/5811768/,abc11.com,English,United States,
Amazon,20200103T053000Z,Report : Amazon Threatens to Fire Employees Who Speak Out Against Company Environmental Record,https://www.breitbart.com/environment/2020/01/02/report-amazon-threatens-to-fire-employees-who-speak-out-against-companys-environmental-record/,breitbart.com,English,United States,
Amazon,20200103T063000Z,Report : Amazon Threatens to Fire Employees Who Speak Out Against Company Environmental Record,https://www.breitbart.com/tech/2020/01/02/report-amazon-threatens-to-fire-employees-who-speak-out-against-companys-environmental-record/,breitbart.com,English,United States,
Amazon,20200103T220000Z,Amazon workers claim their jobs were threatened for speaking out about climate change,https://6abc.com/6abc.com/amazon-workers-claim-their-jobs-were-threatened-for-speaking-out-about-climate-change/5811768/,6abc.com,English,United States,
Amazon,20200103T003000Z,Amazon Threatens to Fire Employees Who Speak Out on Climate Change,https://www.nbcdfw.com/news/national-international/amazon-threatens-fire-employees-climate-change/2285401/,nbcdfw.com,English,United States,
Amazon,20200103T134500Z,Amazon  Threatens To Fire  Employees Who Spoke Out On Climate Change,https://www.iflscience.com/environment/amazon-threatens-to-fire-employees-who-spoke-out-on-climate-change/,iflscience.com,English,United States,
Amazon,20200103T201500Z,Amazon workers claim their jobs were threatened for speaking out about climate change,https://abc13.com/abc13.com/amazon-workers-claim-their-jobs-were-threatened-for-speaking-out-about-climate-change/5811768/,abc13.com,English,United States,
Amazon,20200103T171500Z,How to delete an Amazon account − it isnt as easy as you might think,https://www.trustedreviews.com/news/delete-amazon-account-3966577,trustedreviews.com,English,United Kingdom,
Amazon,20200103T080000Z,"Amazon threatens to fire employees speaking up about combating climate change - Technology News , Firstpost",https://www.firstpost.com/tech/news-analysis/amazon-threatens-to-fire-employees-speaking-up-about-combating-climate-change-7855001.html,firstpost.com,English,India,
Amazon,20200103T230000Z,Amazon workers claim their jobs were threatened for speaking out about climate change,https://abc7.com/abc7.com/amazon-workers-claim-their-jobs-were-threatened-for-speaking-out-about-climate-change/5811768/,abc7.com,English,United States,
Amazon,20200103T133000Z,Amazon To Employee Climate Activists : Toe The Line Or Get Fired,https://www.benzinga.com/news/20/01/15065527/amazon-to-employee-climate-activists-toe-the-line-or-get-fired,benzinga.com,English,United States,
Amazon,20200103T201500Z,Amazon workers claim their jobs were threatened for speaking out about climate change,https://abc7ny.com/abc7ny.com/amazon-workers-claim-their-jobs-were-threatened-for-speaking-out-about-climate-change/5811768/,abc7ny.com,English,United States,
Amazon,20200104T000000Z,Amazon workers claim their jobs were threatened for speaking out about climate change,https://abc7news.com/abc7news.com/amazon-workers-claim-their-jobs-were-threatened-for-speaking-out-about-climate-change/5811768/,abc7news.com,English,United States,
Amazon,20200103T184500Z,Amazon Employees : Company  Threatens to Fire  Climate Change Activists – Footwear News,https://footwearnews.com/2020/business/retail/amazon-employees-climate-change-activism-1202896421/,footwearnews.com,English,United States,
Amazon,20200103T230000Z,Amazon waffle maker allegedly arrives with old waffle still inside,https://www.businessinsider.com/amazon-waffle-maker-old-waffle-inside-2020-1,businessinsider.com,English,United States,
Amazon,20200103T011500Z,Amazon threatened to fire employees who spoke out against its environmental policies,https://www.vox.com/recode/2020/1/2/21046886/amazon-climate-change-fired-activists-sustainability-walkout-pledge-carbon-emissions-activism,vox.com,English,United States,
Amazon,20200103T003000Z,Amazon workers clash with company over climate change,https://www.ctvnews.ca/business/amazon-workers-clash-with-company-over-climate-change-1.4751043,ctvnews.ca,English,Canada,
Amazon,20200103T000000Z,Amazon Threatens to Fire Employees Who Speak Out on Climate Change,https://www.nbcchicago.com/news/national-international/amazon-threatens-fire-employees-climate-change/2195551/,nbcchicago.com,English,United States,
Amazon,20200103T130000Z,Amazon accused of threatening to fire climate activists,https://news.yahoo.com/amazon-climate-crisis-activists-threaten-121421244.html,news.yahoo.com,English,United States,
Amazon,20200103T000000Z,Amazon Reportedly Censors Employees Over Environmentalism,https://www.newsbusters.org/blogs/techwatch/alexander-hall/2020/01/02/amazon-reportedly-censors-employees-over-environmentalism,newsbusters.org,English,United States,
Amazon,20200103T003000Z,Amazon workers clash with company over climate change,https://www.sfgate.com/business/article/Amazon-workers-clash-with-company-over-climate-14945656.php,sfgate.com,English,United States,
Amazon,20200103T171500Z,"Protein bars , shakes & drinks up to 53 % off TODAY :: WRAL . com",https://www.wral.com/protein-bars-shakes-drinks-up-to-53-off-today/18865725/,wral.com,English,United States,
Amazon,20200103T061500Z,Amazon allegedly threatened to fire employees for speaking out about climate change,https://thenewdaily.com.au/news/world/2020/01/03/amazon-employees-climate-change/,thenewdaily.com.au,English,Australia,
Amazon,20200103T171500Z,"Pentel Gel Pens , Ball Point Pens , Mechanical Pencils , Oil Pastels , Pen gift sets and more up to 54 % off :: WRAL . com",https://www.wral.com/pentel-gel-pens-ball-point-pens-mechanical-pencils-oil-pastels-pen-gift-sets-and-more-up-to-54-off/18865740/,wral.com,English,United States,
Amazon,20200103T214500Z,Amazon workers claim their jobs were threatened for speaking out about climate change,https://abc30.com/abc30.com/amazon-workers-claim-their-jobs-were-threatened-for-speaking-out-about-climate-change/5811768/,abc30.com,English,United States,
Amazon,20200103T161500Z,Amazon accused of threatening to fire climate activists,https://uk.finance.yahoo.com/news/amazon-climate-crisis-activists-threaten-121421244.html,uk.finance.yahoo.com,English,United States,
Amazon,20200103T084500Z,Amazon threatened to fire two employees for criticising climate policy,https://www.tweaktown.com/news/69609/amazon-threatened-fire-two-employees-criticising-climate-policy/,tweaktown.com,English,United States,
Amazon,20200103T173000Z,Amazon employees who spoke out about climate change could be fired,https://www.theverge.com/2020/1/3/21048047/amazon-employees-climate-change-communications-policy-job-risk,theverge.com,English,United States,
Amazon,20200103T124500Z,Amazon  threatens to fire  climate activist employees,https://www.siliconrepublic.com/companies/amazon-threatens-activist-employees-climate-crisis,siliconrepublic.com,English,Ireland,
Amazon,20200103T000000Z,Amazon Threatens to Fire Employees Who Speak Out on Climate Change,https://www.nbcmiami.com/news/national-international/amazon-threatens-fire-employees-climate-change/2172358/,nbcmiami.com,English,United States,
Amazon,20200103T151500Z,Amazon  threatens to fire  employees for climate change activism,https://www.standard.co.uk/news/world/amazon-threatens-to-fire-employees-for-climate-change-activism-a4325661.html,standard.co.uk,English,United Kingdom,
Amazon,20200103T164500Z,Activists say Amazon threatened firings,http://www.taipeitimes.com/News/biz/archives/2020/01/04/2003728672,taipeitimes.com,English,Taiwan,
Amazon,20200103T051500Z,Amazon  threatens to fire  climate change activists,https://www.bbc.co.uk/news/business-50953719,bbc.co.uk,English,United Kingdom,
Amazon,20200103T043000Z,Amazon  threatens to fire  climate change activists,https://www.bbc.com/news/business-50953719,bbc.com,English,United Kingdom,
Amazon,20200103T053000Z,Amazon Workers Clash With Company Over Climate Change,https://gadgets.ndtv.com/internet/news/amazon-workers-clash-with-company-over-climate-change-2158021,gadgets.ndtv.com,English,India,
Amazon,20200103T004500Z,Amazon warns outspoken employee activists they could be fired for future public comments on the company environmental policies,https://www.thestar.com/business/2020/01/02/amazon-warns-outspoken-employee-activists-they-could-be-fired-for-future-public-comments-on-the-companys-environmental-policies.html,thestar.com,English,Canada,
Amazon,20200103T000000Z,Amazon workers clash with company over climate change,https://www.cp24.com/world/amazon-workers-clash-with-company-over-climate-change-1.4750845,cp24.com,English,Canada,
Amazon,20200103T040000Z,Should Amazon pay warehouse workers while they wait for security screenings ? Philadelphia Supreme Court will decide,https://www.thestar.com.my/tech/tech-news/2020/01/03/should-amazon-pay-warehouse-workers-while-they-wait-for-security-screenings-philadelphia-supreme-court-will-decide,thestar.com.my,English,Malaysia,
Amazon,20200103T014500Z,Amazon threatens to fire critics who are outspoken on its environmental policies,https://www.bostonglobe.com/business/2020/01/02/amazon-threatens-fire-critics-who-are-outspoken-its-environmental-policies/QvqZPP5jDKFaiZsyDWBWKP/story.html,bostonglobe.com,English,United States,
Amazon,20200103T014500Z,Amazon workers clash with company over climate change,https://www.columbian.com/news/2020/jan/02/amazon-workers-clash-with-company-over-climate-change/,columbian.com,English,United States,
Amazon,20200103T183000Z,The Mandalorian star passed out twice filming Baby Yoda scene,https://www.digitalspy.com/tv/ustv/a30389654/star-wars-mandalorian-gina-carano-passed-out-baby-yoda-scene/,digitalspy.com,English,United Kingdom,
Amazon,20200103T210000Z,This Mandalorian Funko Pop Is an Amazon Best - Seller,https://people.com/tv/the-mandalorian-funko-pop-exclusive-amazon/,people.com,English,United States,
Amazon,20200103T221500Z,Here where you can get an exclusive Funko Pop of the Mandalorian,https://ew.com/tv/2020/01/03/where-to-get-an-exclusive-mandalorian-funko-pop/,ew.com,English,United States,
Amazon,20200103T154500Z,Amazon Threatens to Fire Workers over Environmental Activism,https://www.democracynow.org/2020/1/3/headlines/amazon_threatens_to_fire_workers_over_environmental_activism,democracynow.org,English,United States,
Amazon,20200103T224500Z,Gabrielle Union Uses LOreal Paris Makeup Lash Paradise Waterproof Mascara for Sweat - Proof Beauty,https://www.shape.com/lifestyle/beauty-style/gabrielle-union-loreal-lash-paradise-waterproof-mascara,shape.com,English,United States,
Amazon,20200103T220000Z,Patent Holder Says Amazon Cant Stop It From Suing Best Buy,https://www.law360.com/articles/1231067/patent-holder-says-amazon-can-t-stop-it-from-suing-best-buy,law360.com,English,United States,
Amazon,20200103T131500Z,The weirdest things your Amazon Echo can say and do,https://www.cnet.com/how-to/the-weirdest-things-your-amazon-echo-can-say-and-do/,cnet.com,English,Japan,
Amazon,20200103T023000Z,Amazon allegedly threatened to fire employees for speaking out about climate change,https://www.abc.net.au/news/2020-01-03/markets-amazon-fire-employees-climate-change/11838884,abc.net.au,English,Australia,
Amazon,20200103T044500Z,Future Group  Sabse Saste Din  sale to be live on Amazon too,https://www.moneycontrol.com/news/business/future-groups-sabse-saste-din-sale-to-be-live-on-amazon-too-4782191.html,moneycontrol.com,English,India,
Amazon,20200103T170000Z,Amazon is giving away unlimited music streaming for just $0 . 99 for 4 months,https://www.aol.com/article/entertainment/2020/01/03/amazon-is-giving-away-unlimited-music-streaming-for-just-dollar099-for-4-months/23289525/,aol.com,English,United States,
Amazon,20200103T140000Z,"Spider - Man : Homecoming , Hellboy ( 2004 ) and More 4K Digital Movies on Sale",https://www.ign.com/articles/2020/01/03/spider-man-homecoming-hellboy-2004-and-more-4k-digital-movies-on-sale,ign.com,English,United States,
Amazon,20200103T194500Z,Oracle copied Amazon API was that copyright infringement ? ,https://arstechnica.com/tech-policy/2020/01/oracle-copied-amazons-api-was-that-copyright-infringement/,arstechnica.com,English,United States,
Amazon,20200103T134500Z,Council Post : Unlocking Loyalty : How Brands Are Building One - On - One Customer Relationships,https://www.forbes.com/sites/forbestechcouncil/2020/01/03/unlocking-loyalty-how-brands-are-building-one-on-one-customer-relationships/,forbes.com,English,United States,
Amazon,20200103T151500Z,BBVA is trialing making sales on Amazon - Business Insider,https://www.businessinsider.com/bbva-trialing-making-sales-on-amazon-2020-1,businessinsider.com,English,United States,
Amazon,20200103T161500Z,Hasbro Is Getting Ready To Release Baby Yoda Toys ! | Valentine In The Morning,https://1043myfm.iheart.com/featured/valentine-in-the-morning/content/2020-01-03-hasbro-is-getting-ready-to-release-baby-yoda-toys/,1043myfm.iheart.com,English,United States,
Amazon,20200103T204500Z,Alphabet : Not The Best Long Therm Investment In The Tech Sector,https://seekingalpha.com/article/4315159-alphabet-not-best-long-therm-investment-in-tech-sector,seekingalpha.com,English,United States,
Amazon,20200103T094500Z,"Gran orders £150 karaoke machine as present , Amazon sends dog food",https://www.walesonline.co.uk/news/uk-news/gran-orders-150-karaoke-machine-17505941,walesonline.co.uk,English,United Kingdom,
Amazon,20200103T134500Z,Star Wars The Rise of Skywalker editor explains big Snoke reveal,https://www.digitalspy.com/movies/a30387637/star-wars-rise-of-skywalker-snoke-clone-explained/,digitalspy.com,English,United Kingdom,
Amazon,20200103T220000Z,The best - selling slow cooker on Amazon whole site is down to $18 right now – BGR,https://bgr.com/2020/01/03/crockpot-recipes-great-in-discounted-slow-cooker/,bgr.com,English,United States,
Amazon,20200103T161500Z,Amazon  Kuiper R & D Headquarter Plan Boosts Satellite Focus,https://sg.finance.yahoo.com/news/amazon-kuiper-r-d-headquarter-145902823.html,sg.finance.yahoo.com,English,United States,
Amazon,20200103T164500Z,Amazon  Kuiper R & D Headquarter Plan Boosts Satellite Focus,https://finance.yahoo.com/news/amazon-kuiper-r-d-headquarter-145902823.html,finance.yahoo.com,English,United States,
Amazon,20200103T213000Z,Amazon Threatens to Fire Employees who Speak Out on Climate Change,https://www.financialbuzz.com/amazon-threatens-to-fire-employees-who-speak-out-on-climate-change/,financialbuzz.com,English,United States,
Amazon,20200103T123000Z,Rise of Skywalker editor says they were in a  no - win  situation,https://www.digitalspy.com/movies/a30386183/star-wars-the-rise-of-skywalker-backlash-editor-no-win/,digitalspy.com,English,United Kingdom,
Amazon,20200103T184500Z,Find your zen in 2020 with Amazon one - day sale on yoga essentials,https://www.androidcentral.com/find-your-zen-2020-amazons-one-day-sale-yoga-essentials,androidcentral.com,English,China,
Amazon,20200103T220000Z,Find your zen in 2020 with Amazon one - day sale on yoga essentials,https://www.imore.com/find-your-zen-2020-amazons-one-day-sale-yoga-essentials,imore.com,English,United States,
Amazon,20200103T211500Z,Find your zen in 2020 with Amazon one - day sale on yoga essentials,https://www.windowscentral.com/find-your-zen-2020-amazons-one-day-sale-yoga-essentials,windowscentral.com,English,United States,
Amazon,20200103T203000Z,Ambarella Enables AI on Connected Cameras,http://www.businessghana.com/site/news/technology/203582/Ambarella-Enables-AI-on-Connected-Cameras,businessghana.com,English,Ghana,
Amazon,20200103T093000Z,"Gran orders £150 karaoke machine as present , Amazon sends dog food",https://www.leicestermercury.co.uk/news/uk-world-news/gran-orders-150-karaoke-machine-3701617,leicestermercury.co.uk,English,United Kingdom,
Amazon,20200103T014500Z,Welcome to Blackhole ! ,https://www.information-age.com/?blackhole=829c5e8c94,information-age.com,English,United Kingdom,
Amazon,20200103T004500Z,The 15 Best New Year Deals on Amazon 2020,https://www.instyle.com/fashion/amazon-new-year-sale-2020,instyle.com,English,United States,
Amazon,20200103T101500Z,"Gran orders £150 karaoke machine as present , Amazon sends dog food",https://www.hulldailymail.co.uk/news/uk-world-news/gran-orders-150-karaoke-machine-3701617,hulldailymail.co.uk,English,United Kingdom,
Amazon,20200103T214500Z,Gift Cards Dominated the Amazon Best Sellers List for 2019 Gaming Items,https://www.playstationlifestyle.net/2020/01/03/amazon-best-sellers-gaming-2019/,playstationlifestyle.net,English,Japan,
Amazon,20200103T061500Z,Amazon accused of threatening to fire workers who speak out on climate change,https://www.newshub.co.nz/home/world/2020/01/amazon-accused-of-threatening-to-fire-workers-who-speak-out-on-climate-change.html,newshub.co.nz,English,New Zealand,
Amazon,20200104T000000Z,Oracle JEDI Appeal Continues,https://www.nextgov.com/cio-briefing/2020/01/oracles-jedi-appeal-wages/162206/,nextgov.com,English,United States,
Amazon,20200103T053000Z,"Future tech : Five patents that show what top tech companies are working on | Technology News , The Indian Express",https://indianexpress.com/article/technology/tech-news-technology/future-tech-five-patents-that-show-what-top-tech-companies-are-working-on-6197550/,indianexpress.com,English,India,
Amazon,20200103T010000Z,Should Amazon pay warehouse workers while they wait for security screenings ? ,https://www.securityinfowatch.com:443/security-executives/news/21119784/should-amazon-pay-warehouse-workers-while-they-wait-for-security-screenings,securityinfowatch.com,English,United States,
Amazon,20200103T190000Z,Amazon workers threatened with sack for environmental protests,https://morningstaronline.co.uk/article/w/amazon-workers-threatened-termination-environmental-protests,morningstaronline.co.uk,English,United Kingdom,
Amazon,20200103T220000Z,Surprise sale on Amazon saves you up to $70 on the Apple Watch Series 5,https://bgr.com/2020/01/03/apple-watch-series-5-price-amazon-deeper-discounts/,bgr.com,English,United States,
Amazon,20200103T091500Z,OneBoxHub - E - commerce SEO Services,https://www.whatech.com/ecommerce/press-release/629492-oneboxhub-e-commerce-seo-services,whatech.com,English,United States,
Amazon,20200103T154500Z,Best Deals and Bundles on Xbox One X and Xbox One S January 2020,https://www.ign.com/articles/2020/01/03/best-deals-and-bundles-on-xbox-one-x-and-xbox-one-s-january-2020,ign.com,English,United States,
Amazon,20200103T004500Z,"The $32 Ab Sculptor Gabrielle Union Just Recommended Already Has Nearly 3 , 398 5 - Star Reviews",https://www.instyle.com/fashion/clothing/gabrielle-union-amazon-workout-products,instyle.com,English,United States,
Amazon,20200103T121500Z,12 Must - Have House Cleaning Supplies For New Year 2020,https://www.medicaldaily.com/12-must-have-house-cleaning-supplies-new-year-2020-447907,medicaldaily.com,English,United States,
Amazon,20200103T100000Z,SS rear light bezel - Ford Truck Enthusiasts Forums,https://www.ford-trucks.com/forums/1608684-ss-rear-light-bezel.html,ford-trucks.com,English,United States,
Amazon,20200103T161500Z,Walmart rolls out API and self - serve advertising platform,https://www.businessinsider.com/walmart-rolls-out-api-and-self-serve-advertising-platform-2020-1,businessinsider.com,English,United States,
Amazon,20200103T190000Z,Nintendo Switch Pro Controller Deal : It Back Down to $55,https://www.ign.com/articles/2020/01/03/nintendo-switch-pro-controller-deal-its-back-down-to-55,ign.com,English,United States,
Amazon,20200103T153000Z,92 - Year - Old Denied Wine Delivery Because She Had No ID,https://www.radio.com/news/92-year-old-denied-wine-delivery-because-she-had-no-id,radio.com,English,United States,
Amazon,20200103T010000Z,Amazon allegedly threatened to fire employees for speaking out about climate change - 03 - Jan - 2020,https://home.nzcity.co.nz/news/article.aspx?id=303814,home.nzcity.co.nz,English,New Zealand,
Amazon,20200103T121500Z,Amazon best - selling games of 2019 dominated by gift cards and Switch,https://www.gamesindustry.biz/articles/2020-01-03-amazons-best-selling-games-of-2019-dominated-by-gift-cards-and-switch,gamesindustry.biz,English,United Kingdom,
Amazon,20200103T133000Z,Amazon best - selling games of 2019 dominated by gift cards and Switch,http://www.gamesindustry.biz/articles/2020-01-03-amazons-best-selling-games-of-2019-dominated-by-gift-cards-and-switch,gamesindustry.biz,English,United Kingdom,
Amazon,20200103T053000Z,"Amazon app quiz January 3 , 2020 : Get answers to these five questions and win Casio keyboard for free",https://timesofindia.indiatimes.com/gadgets-news/amazon-app-quiz-january-3-2020-get-answers-to-these-five-questions-and-win-casio-keyboard-for-free/articleshow/73078378.cms,timesofindia.indiatimes.com,English,India,
Amazon,20200103T204500Z,Game Of Thrones Collector Edition Blu - Ray Box Set Gets Big Discount,https://www.gamespot.com/articles/game-of-thrones-collectors-edition-blu-ray-box-set/1100-6472490/,gamespot.com,English,United States,
Amazon,20200103T021500Z,LG delivers  Real 8K  with eight new OLED and LCD TVs in 2020,https://news.yahoo.com/2020-01-02-lg-8k-oled-lcd-ces-2020.html,news.yahoo.com,English,United States,
Amazon,20200103T023000Z,LG delivers  Real 8K  with eight new OLED and LCD TVs in 2020,https://www.engadget.com/2020/01/02/lg-8k-oled-lcd-ces-2020/,engadget.com,English,Japan,
Amazon,20200103T191500Z,​Skagen Falster 3 leaks ahead of CES,https://www.wareable.com/smartwatches/skagen-falster-3-leaked-7839,wareable.com,English,United Kingdom,
Amazon,20200103T173000Z,Lindsay Lohan – Fame10,https://www.fame10.com/interest/lindsay-lohan-2/,fame10.com,English,United States,
Amazon,20200103T173000Z,Jana Kramer – Fame10,https://www.fame10.com/interest/jana-kramer-2/,fame10.com,English,United States,
Amazon,20200103T171500Z,Fake pizza driver steals Amazon packages from a doorstep,https://www.dailymail.co.uk/news/article-7848167/Fake-pizza-driver-steals-Amazon-packages-doorstep.html,dailymail.co.uk,English,United Kingdom,
Amazon,20200103T131500Z,Veganism : Court rules lifestyle choice is same as philosophical belief,https://www.independent.co.uk/news/uk/home-news/vegan-tribunal-jordi-casamitjana-ruling-ethical-philosophical-belief-a9268856.html,independent.co.uk,English,United Kingdom,
Amazon,20200103T090000Z,  Suspiciously meaty : We tested Gregg new vegan steak bake,https://www.independent.co.uk/life-style/food-and-drink/greggs-vegan-steak-bake-taste-test-finder-veganuary-a9267771.html,independent.co.uk,English,United Kingdom,
Amazon,20200103T193000Z,"Hunters , from Amazon and Jordan Peele , Gets New Trailer , Release Date",https://collider.com/hunters-new-trailer-release-date-amazon-jordan-peele/,collider.com,English,United States,
Amazon,20200103T153000Z,"Amazon . com , Inc . ( NASDAQ : AMZN ), Microsoft Corporation ( NASDAQ : MSFT ) - Tech - Savvy Workforce Helps Drive Seattle Emergence As Logistics Hub",https://www.benzinga.com/news/20/01/15065099/tech-savvy-workforce-helps-drive-seattle-emergence-as-logistics-hub,benzinga.com,English,United States,
Amazon,20200103T183000Z,Retail giants to locate logistic hubs in MP,https://www.prokerala.com/news/articles/a993617.html,prokerala.com,English,India,
Amazon,20200103T204500Z,"Amazon deliveryman refuses to give ID - less granny , 92 , her booze",https://ottawasun.com/news/weird/amazon-deliveryman-refuses-to-give-id-less-granny-92-her-bottle-of-booze/wcm/ce88a274-8e2b-4885-b49f-dc921136ad1d,ottawasun.com,English,Canada,
Amazon,20200103T114500Z,What really behind the CMA enquiry into the Amazon - Deliveroo merger ? | Analysis & Features,https://www.thegrocer.co.uk/mergers-and-acquisitions/whats-really-behind-the-cmas-enquiry-into-the-amazon-deliveroo-merger/600649.article,thegrocer.co.uk,English,United Kingdom,
Amazon,20200103T140000Z,3 Warren Buffett Stocks Worth Buying,https://www.fool.com/investing/2020/01/03/3-warren-buffett-stocks-worth-buying.aspx?source=iedfolrf0000001,fool.com,English,United States,
Amazon,20200103T234500Z,Authorities raid Japanese house of fugitive ex - Nissan chairman,http://westchester.news12.com/story/41518022/authorities-raid-japanese-house-of-fugitive-exnissan-chairman,westchester.news12.com,English,United States,
Amazon,20200103T003000Z,You cant really have too many smartphone chargers and cables,https://www.sfgate.com/shopping/article/chargers-cables-deal-iphone-pixel-amazon-14945126.php,sfgate.com,English,United States,
Amazon,20200103T031500Z,Australia bushfires have already burned twice as much the land as the fires in Amazon rainforest,https://www.dailymail.co.uk/news/article-7846921/Australias-bushfires-burned-twice-land-fires-Amazon-rainforest.html,dailymail.co.uk,English,United Kingdom,
Amazon,20200103T163000Z,Twitch offering 10 games for free this month,https://www.polygon.com/2020/1/3/21048113/twitch-prime-10-games-free-january-2020,polygon.com,English,United States,
Amazon,20200104T000000Z,"Apple Sale Alert : AirPods Pro , iPad Pro , iPhone 11 , MacBook Pro Best Deals [ New Updates ] ",https://www.forbes.com/sites/gordonkelly/2020/01/03/apple-sale-airpods-pro-ipad-iphone-new-macbook-pro-best-deals/,forbes.com,English,United States,
Amazon,20200103T050000Z,"Amazon to open fulfilment centre in Deltona , Florida",https://www.fibre2fashion.com/news/e-commerce-industry/amazon-to-open-fulfilment-centre-in-deltona-florida-254262-newsdetails.htm,fibre2fashion.com,English,India,
Amazon,20200103T161500Z,You can now get an electric blanket for your car – and it costs less than £10,https://www.heart.co.uk/lifestyle/electric-blanket-for-your-car/,heart.co.uk,English,United Kingdom,
Amazon,20200103T061500Z,DC unveils more Wonder Woman # 750 variant covers,https://www.flickeringmyth.com/2020/01/dc-unveils-more-wonder-woman-750-variant-covers/,flickeringmyth.com,English,United States,
Amazon,20200103T020000Z,Best Buy Sale Alert : New Deals Beat Black Friday Prices [ Updated ] ,https://www.forbes.com/sites/gordonkelly/2020/01/02/best-buy-sale-airpods-pro-iphone-11-pro-max-xbox-ps4-macbook-microsoft-surface-pro7-4k-tv-deals/,forbes.com,English,United States,
Amazon,20200103T001500Z,Balloon Juice | I Can No Longer Rationally Discuss The Sanders Campaign Archives,https://www.balloon-juice.com/category/past-elections/election-2016/i-can-no-longer-rationally-discuss-the-sanders-campaign/,balloon-juice.com,English,United States,
Amazon,20200103T001500Z,"Balloon Juice | Election 2020 Open Thread : It Not A Campaign , It A Performance",https://www.balloon-juice.com/2020/01/02/election-2020-open-thread-its-not-a-campaign-its-a-performance/,balloon-juice.com,English,United States,
Amazon,20200103T194500Z,Make your New Year fitness resolution easier with a home gym,https://www.sfgate.com/shopping/article/cheap-home-gym-equipment-Amazon-14947497.php,sfgate.com,English,United States,
Amazon,20200103T154500Z,"UK Daily Deals : Save up to 30 % on 4K TVs from LG , Philips , Sony , and More",https://www.ign.com/articles/2020/01/03/uk-daily-deals-save-up-to-30-on-4k-tvs-from-lg-philips-sony-and-more,ign.com,English,United States,
Amazon,20200103T183000Z,Star Wars Rise of Skywalker box office - why it has disappointed,https://www.digitalspy.com/movies/a30386809/star-wars-rise-of-skywalker-box-office-total-numbers/,digitalspy.com,English,United Kingdom,
Amazon,20200103T063000Z,What to watch on Friday :  Anne with an E  returns to Netflix for Season 2,https://www.washingtonpost.com/entertainment/tv/what-to-watch-on-friday-anne-with-an-e-returns-to-netflix-for-season-2/2020/01/02/90bb442a-2d77-11ea-bcd4-24597950008f_story.html,washingtonpost.com,English,United States,
Amazon,20200103T220000Z,Sony $200 true wireless earphones are down to $89 . 99 on Amazon – BGR,https://bgr.com/2020/01/03/sony-true-wireless-earphones-100-discount/,bgr.com,English,United States,
Amazon,20200103T101500Z,Seattle DJC . com local business news and data - Business - Amazon workers clash with company over climate change,https://www.djc.com/news/bu/12128495.html,djc.com,English,United States,
Amazon,20200103T233000Z,This top - rated smart lock will help keep your home safe and it on sale for $50 off,https://news.yahoo.com/top-rated-smart-lock-help-230355602.html,news.yahoo.com,English,United States,
Amazon,20200103T160000Z,"Apple , Google and Amazon unite to make all smart products talk to each other",https://www.dezeen.com/2020/01/03/apple-google-amazon-zigbee-alliance-smart-speakers-initiative/,dezeen.com,English,United Kingdom,
Amazon,20200103T200000Z,How Amazon Saved  The Expanse  ,https://www.space.com/the-expanse-how-amazon-jeff-bezos-saved-scifi.html,space.com,English,United States,
Amazon,20200103T024500Z,The Best Small Portable Bluetooth Speakers,https://www.sfgate.com/entertainment/article/The-Best-Small-Portable-Bluetooth-Speakers-14946103.php,sfgate.com,English,United States,
Amazon,20200103T201500Z,Surprises Could Benefit This Active Internet ETF This Year,https://www.etftrends.com/disruptive-technology-channel/surprises-could-benefit-this-active-internet-etf-this-year/,etftrends.com,English,China,
Amazon,20200103T214500Z,Kohler debuts new showerhead powered by Amazon smart assistant,https://www.dailymail.co.uk/sciencetech/article-7849519/Kohler-debuts-new-showerhead-powered-Amazons-smart-assistant.html,dailymail.co.uk,English,United Kingdom,
Amazon,20200103T174500Z,9 kitchen gadgets to make healthy eating easy,https://www.today.com/food/9-kitchen-gadgets-make-healthy-eating-easy-t125710,today.com,English,United States,
Amazon,20200103T180000Z,Welcome 2020 with freebies and deals - South Florida Sun - Sentinel,http://www.sun-sentinel.com/features/deals-shopping/fl-bz-freebie-friday-jan-3-20200103-cqvaicrfa5c2xcmc6qex5j66n4-story.html,sun-sentinel.com,English,United States,
Amazon,20200103T220000Z,Top 10 Best Fitness Trackers,https://www.androidheadlines.com/top-best-fitness-trackers-smartwatches,androidheadlines.com,English,China,
Amazon,20200103T211500Z,5 Products That Will Get Your Hair Off To A Healthy Start,https://www.essence.com/hair/5-products-that-will-get-your-hair-off-to-a-healthy-start/,essence.com,English,United States,
Amazon,20200103T131500Z,Are You A Pilates Girl ? Here Are 9 Must - Have Products For You,https://swirlster.ndtv.com/wellness-mother/are-you-a-pilates-girl-here-are-9-must-have-products-for-you-2158282,swirlster.ndtv.com,English,India,
Amazon,20200103T211500Z,"Amazon listing details upcoming Skagen Falster 3 : Built - in speaker , $295 , potential January 25th launch date",https://www.androidpolice.com/2020/01/03/amazon-listing-details-upcoming-skagen-falster-3-built-in-speaker-295-potential-january-25th-launch-date/,androidpolice.com,English,United States,
Amazon,20200103T200000Z,"Forget the $99 Apple Pencil , this 4 . 5 - star iPad stylus is just $32 today",https://www.macworld.com/article/3511966/forget-the-99-apple-pencil-this-4-5-star-ipad-stylus-is-just-32-today.html,macworld.com,English,United States,
Amazon,20200103T174500Z,The Grand Tour season 4 : James May hints next special is almost ready for release | TV & Radio | Showbiz & TV,https://www.express.co.uk/showbiz/tv-radio/1223698/the-grand-tour-season-4-james-may-special-jeremy-clarkson-richard-hammond-release-date,express.co.uk,English,United Kingdom,
Amazon,20200103T160000Z,The Apple AirPods are on sale and back in stock at Walmart,https://www.techradar.com/news/the-apple-airpods-are-on-sale-and-back-in-stock-at-walmart,techradar.com,English,United Kingdom,
Amazon,20200103T234500Z,"DEAL : AUKEY Hosting Sale on USB - C Power Delivery Chargers , Low as $14",https://www.droid-life.com/2020/01/03/deal-aukey-hosting-sale-on-usb-c-power-delivery-chargers-low-as-14/,droid-life.com,English,United States,
Amazon,20200103T220000Z,Review : Ilana Glazer ( Re ) introduces Herself with  The Planet Is Burning  ,https://www.dailydot.com/upstream/amazon-ilana-glazer-the-planet-is-burning-review/,dailydot.com,English,United States,
Amazon,20200103T211500Z,Why Ebook Subscription Services Will Finally Succeed In The Coming Decade,https://www.forbes.com/sites/billrosenblatt/2020/01/03/why-ebook-subscription-services-will-finally-succeed-in-the-coming-decade/,forbes.com,English,United States,
Amazon,20200103T171500Z,"Alexa and Google - enabled smart plugs are down to $4 . 95 , the lowest price weve ever seen – BGR",https://bgr.com/2020/01/03/alexa-smart-plug-new-lowest-price-amazon/,bgr.com,English,United States,
Amazon,20200103T131500Z,"Trump stirs controversy at CES , new SARS fears in China & more",https://www.cleveland.com/news/j66j-2020/01/fe90da3ed42295/trump-stirs-controversy-at-ces-new-sars-fears-in-china-more.html,cleveland.com,English,United States,
Amazon,20200103T020000Z,Apple AirPods Alert : New Deals Beat Black Friday Prices,https://www.forbes.com/sites/gordonkelly/2020/01/02/apple-airpods-sale-airpods-pro-beats-powerbeats-pro-sony-noise-canceling-headphones-deals/,forbes.com,English,United States,
Amazon,20200103T231500Z,"Apple AirPods , Beats January Deals : New AirPods Pro Back On Sale",https://www.forbes.com/sites/gordonkelly/2020/01/03/apple-airpods-sale-airpods-pro-beats-powerbeats-pro-sony-noise-canceling-headphones-deals/,forbes.com,English,United States,
Amazon,20200103T164500Z,How to ensure your privacy and safety around smart devices,http://www.taipeitimes.com/News/editorials/archives/2020/01/04/2003728682,taipeitimes.com,English,Taiwan,
Amazon,20200103T134500Z,Get your hands on a refurbished Amazon Kindle Oasis from only $100 in this one - day sale at Woot,https://www.androidcentral.com/get-your-hands-refurbished-amazon-kindle-oasis-only-100-one-day-sale-woot,androidcentral.com,English,China,
Amazon,20200103T123000Z,Get your hands on a refurbished Amazon Kindle Oasis from only $100 in this one - day sale at Woot,https://www.imore.com/get-your-hands-refurbished-amazon-kindle-oasis-only-100-one-day-sale-woot,imore.com,English,United States,
Amazon,20200103T204500Z,Jordan Peele - produced Hunters launch date revealed in Nazi - stomping trailer,https://www.joblo.com/movie-news/jordan-peele-produced-hunters-launch-date-revealed-in-nazi-stomping-trailer,joblo.com,English,United States,
Amazon,20200103T131500Z,Get your hands on a refurbished Amazon Kindle Oasis from only $100 in this one - day sale at Woot,https://www.windowscentral.com/get-your-hands-refurbished-amazon-kindle-oasis-only-100-one-day-sale-woot,windowscentral.com,English,United States,
Amazon,20200103T024500Z,"Delivery dilemma : Americans are ordering more , but the U . S . can only handle so much",https://www.nbcnews.com/tech/tech-news/delivery-dilemma-americans-are-ordering-more-u-s-can-only-n1106426?cid=public-rss_20200103,nbcnews.com,English,United States,
Amazon,20200103T063000Z,"Asia Richest Man , Mukesh Ambani , Takes on Amazon With New Online Marketplace - The News Lens International Edition",https://international.thenewslens.com/article/129588,international.thenewslens.com,English,Taiwan,
Amazon,20200103T033000Z,Amazon and Google to hit CES technology show with digital assistants in tow,https://www.detroitnews.com/story/business/2020/01/02/amazon-google-ces-digital-assistants/40934561/,detroitnews.com,English,United States,
Amazon,20200103T001500Z,"How to Drink Green Tea for Weight Loss , Per Dr . Josh Axe , DC , DNM , CNS",https://www.prevention.com/weight-loss/a29802150/green-tea-weight-loss/,prevention.com,English,United States,
Amazon,20200103T030000Z,The Best Small Portable Bluetooth Speakers,https://www.stamfordadvocate.com/entertainment/article/The-Best-Small-Portable-Bluetooth-Speakers-14946103.php,stamfordadvocate.com,English,United States,
Amazon,20200103T184500Z,Add USB ports to your computer with Aukey 5 - in - 1 USB - C Hub down to just $11,https://www.androidcentral.com/add-usb-ports-your-computer-aukeys-5-1-usb-c-hub-down-just-11,androidcentral.com,English,China,
Amazon,20200103T231500Z,These discounted wall calendars from $5 will help you stay on track in 2020,https://www.androidcentral.com/these-discounted-wall-calendars-5-will-help-you-stay-track-2020,androidcentral.com,English,China,
Amazon,20200103T220000Z,These discounted wall calendars from $5 will help you stay on track in 2020,https://www.imore.com/these-discounted-wall-calendars-5-will-help-you-stay-track-2020,imore.com,English,United States,
Amazon,20200103T173000Z,Add USB ports to your computer with Aukey 5 - in - 1 USB - C Hub down to just $11,https://www.imore.com/add-usb-ports-your-computer-aukeys-5-1-usb-c-hub-down-just-11,imore.com,English,United States,
Amazon,20200103T173000Z,Add USB ports to your computer with Aukey 5 - in - 1 USB - C Hub down to just $11,https://www.windowscentral.com/add-usb-ports-your-computer-aukeys-5-1-usb-c-hub-down-just-11,windowscentral.com,English,United States,
Amazon,20200103T211500Z,These discounted wall calendars from $5 will help you stay on track in 2020,https://www.windowscentral.com/these-discounted-wall-calendars-5-will-help-you-stay-track-2020,windowscentral.com,English,United States,
Amazon,20200103T021500Z,The Best Small Portable Bluetooth Speakers,https://www.greenwichtime.com/entertainment/article/The-Best-Small-Portable-Bluetooth-Speakers-14946103.php,greenwichtime.com,English,United States,
Amazon,20200103T161500Z,VMware ( VMW ) Completes the Acquisition of Pivotal Software,https://news.yahoo.com/vmware-vmw-completes-acquisition-pivotal-150603991.html,news.yahoo.com,English,United States,
Amazon,20200103T020000Z,"Apple Sale Alert : AirPods Pro , iPad Pro , iPhone 11 , MacBook Pro Best Deals [ New Updates ] ",https://www.forbes.com/sites/gordonkelly/2020/01/02/apple-sale-airpods-pro-ipad-iphone-new-macbook-pro-best-deals/,forbes.com,English,United States,
Amazon,20200104T000000Z,TV News Roundup : Amazon Premiere Date for  Hunter Starring Al Pacino,https://www.sfgate.com/entertainment/article/TV-News-Roundup-Amazon-Premiere-Date-for-14948414.php,sfgate.com,English,United States,
Amazon,20200103T133000Z,"Vivo launches S1Pro in India with 48 MP AI Quadcam at Rs 19 , 990",http://articles.economictimes.indiatimes.com/magazines/panache/vivo-launches-s1pro-in-india-with-48-mp-ai-quadcam-at-rs-19990/articleshow/73086819.cms,articles.economictimes.indiatimes.com,English,India,
Amazon,20200104T000000Z,TV News Roundup : Amazon Premiere Date for  Hunter Starring Al Pacino,https://www.seattlepi.com/entertainment/article/TV-News-Roundup-Amazon-Premiere-Date-for-14948414.php,seattlepi.com,English,United States,
Amazon,20200103T074500Z,Apple Powerbeats3 wireless earphones price drops below $100 ( 55 % off ) on Amazon,https://www.phonearena.com/news/Deal-Apple-Powerbeats3-110-off_id121339,phonearena.com,English,China,
Amazon,20200103T220000Z,Upgrade Your Home Internet With The eero Mesh WiFi System For $219,https://www.androidheadlines.com/2020/01/eero-mesh-wifi-sale,androidheadlines.com,English,China,
Amazon,20200103T074500Z,Pikes Pick : Comic genius on display in Amazon  Fleabag  ,https://gazette.com/arts-entertainment/pikes-pick-comic-genius-on-display-in-amazon-s-fleabag/article_58886b96-22aa-11ea-83bc-c776946c86bb.html,gazette.com,English,United States,
Amazon,20200103T204500Z,The Best Streaming Services for Movies & TV ( 2020 ) ,https://heavy.com/streaming/2020/01/best-streaming-services/,heavy.com,English,United States,
Amazon,20200103T184500Z,"Best Fanny Packs for Every Style : Hipster , Sporty and More",https://www.cnn.com/2020/01/03/cnn-underscored/best-fanny-packs/,cnn.com,English,United States,
Amazon,20200103T100000Z,LG delivers  Real 8K  in 2020 with eight new OLED and LCD TVs,https://au.finance.yahoo.com/news/2020-01-02-lg-8k-oled-lcd-ces-2020.html,au.finance.yahoo.com,English,United States,
Amazon,20200103T161500Z,"Amazon New Year deals : Great prices on AirPods Pro , robot vacuums , and more . ",https://www.azcentral.com/story/tech/reviewedcom/2020/01/03/amazon-new-years-deals-great-prices-airpods-pro-robot-vacuums-and-more/2803361001/,azcentral.com,English,United States,
Amazon,20200103T184500Z,Workout at home with the BodyBoss 2 . 0 down to $100 for one day only,https://www.androidcentral.com/workout-home-bodyboss-20-down-100-one-day-only,androidcentral.com,English,China,
Amazon,20200103T231500Z,These Sony Wireless In - Ear Bluetooth Headphones are discounted to just $20,https://www.androidcentral.com/these-sony-wireless-ear-bluetooth-headphones-are-discounted-just-20-right-now,androidcentral.com,English,China,
Amazon,20200103T220000Z,These Sony Wireless In - Ear Bluetooth Headphones are discounted to just $20,https://www.imore.com/these-sony-wireless-ear-bluetooth-headphones-are-discounted-just-20-right-now,imore.com,English,United States,
Amazon,20200103T173000Z,Workout at home with the BodyBoss 2 . 0 down to $100 for one day only,https://www.imore.com/workout-home-bodyboss-20-down-100-one-day-only,imore.com,English,United States,
Amazon,20200103T214500Z,Best Gold Rush Drink Recipe - How to Make Gold Rush Cocktail,https://www.esquire.com/food-drink/drinks/a30382425/best-gold-rush-drink-recipe/,esquire.com,English,United States,
Amazon,20200103T173000Z,Workout at home with the BodyBoss 2 . 0 down to $100 for one day only,https://www.windowscentral.com/workout-home-bodyboss-20-down-100-one-day-only,windowscentral.com,English,United States,
Amazon,20200103T211500Z,These Sony Wireless In - Ear Bluetooth Headphones are discounted to just $20,https://www.windowscentral.com/these-sony-wireless-ear-bluetooth-headphones-are-discounted-just-20-right-now,windowscentral.com,English,United States,
Amazon,20200103T123000Z,Ring Chime Pro 2 leak suggests Alexa may be involved,https://www.trustedreviews.com/news/ring-chime-pro-2-leak-suggests-alexa-may-involved-3966484,trustedreviews.com,English,United Kingdom,
Amazon,20200103T050000Z,Samsung 4K OLED displays for notebooks receive global certification,https://www.tweaktown.com/news/69631/samsung-4k-oled-displays-notebooks-receive-global-certification/,tweaktown.com,English,United States,
Amazon,20200103T074500Z,Wear OS - powered Skagen Falster 3 goes on pre - order on Amazon,https://www.phonearena.com/news/Skagen-Falster-3-Wear-OS-preorder_id121336,phonearena.com,English,China,
Amazon,20200103T234500Z,TV News Roundup : Amazon Premiere Date for  Hunter Starring Al Pacino,https://www.ctpost.com/entertainment/article/TV-News-Roundup-Amazon-Premiere-Date-for-14948414.php,ctpost.com,English,United States,
Amazon,20200103T080000Z,9 Cool Graphic Printed T - Shirts You Will Want Right Now,https://swirlster.ndtv.com/style/9-cool-graphic-printed-t-shirts-you-will-want-right-now-2155592,swirlster.ndtv.com,English,India,
Amazon,20200103T061500Z,"Amazon threatened to fire employees for speaking publicly about climate change , group says",https://www.scmp.com/tech/big-tech/article/3044419/amazon-threatened-fire-employees-speaking-publicly-about-climate,scmp.com,English,China,
Amazon,20200103T093000Z,Mysterious ring of hydrogen gas discovered around distant galaxy,https://www.tweaktown.com/news/69622/mysterious-ring-hydrogen-gas-discovered-around-distant-galaxy/,tweaktown.com,English,United States,
Amazon,20200103T093000Z,"Marvel announce the first transgender superhero , will appear in MCU",https://www.tweaktown.com/news/69612/marvel-announce-first-transgender-superhero-appear-mcu/,tweaktown.com,English,United States,
Amazon,20200103T023000Z,Target Sale News : Best New Deals Best Black Friday Prices [ Updated ] ,https://www.forbes.com/sites/gordonkelly/2020/01/02/target-sale-airpods-pro-iphone-11-pro-max-xbox-ps4-pro-tv-deals/,forbes.com,English,United States,
Amazon,20200103T193000Z,Apple AirPods Pro Cases Can Now Be Personalized With Gorgeous Animoji,https://www.forbes.com/sites/davidphelan/2020/01/03/apple-airpods-pro-cases-can-now-be-personalized-with-gorgeous-animoji-emoji-best-new-deals/,forbes.com,English,United States,
Amazon,20200104T000000Z,"Target New January Sales Include AirPods , PS4 Pro , Xbox One X , iPads , TVs And More [ Updated ] ",https://www.forbes.com/sites/gordonkelly/2020/01/03/target-sale-airpods-pro-iphone-11-pro-max-xbox-ps4-pro-tv-deals/,forbes.com,English,United States,
Amazon,20200103T180000Z,"Retail wreck rolls on , but these names could hedge against weakness",https://www.cnbc.com/2020/01/03/retail-wreck-rolls-on-but-these-names-could-hedge-against-weakness.html,cnbc.com,English,United States,
Amazon,20200103T213000Z,"  Hunter : Premiere Date , Trailer for Al Pacino Drama on Amazon",https://tvline.com/2020/01/03/hunters-premiere-date-trailer-al-pacino-amazon/,tvline.com,English,United States,
Amazon,20200103T231500Z,Save nearly $75 on the Klipsch T5 True Wireless Earphones at Amazon,https://www.androidcentral.com/save-nearly-75-klipsch-t5-true-wireless-earphones-amazon,androidcentral.com,English,China,
Amazon,20200103T181500Z,Which Golden Globes Nominees Are the Most Watched ? ,https://www.hollywoodreporter.com/news/golden-globes-nominees-are-watched-1265840,hollywoodreporter.com,English,United States,
Amazon,20200103T220000Z,Save nearly $75 on the Klipsch T5 True Wireless Earphones at Amazon,https://www.imore.com/save-nearly-75-klipsch-t5-true-wireless-earphones-amazon,imore.com,English,United States,
Amazon,20200103T051500Z,"Slog PM : Bernie Big Year , Australia Blast Furnace , Justice for Rocketman",https://www.thestranger.com/slog/2020/01/02/42451054/slog-pm-bernies-big-year-australias-blast-furnace-justice-for-rocketman,thestranger.com,English,United States,
Amazon,20200103T211500Z,Save nearly $75 on the Klipsch T5 True Wireless Earphones at Amazon,https://www.windowscentral.com/save-nearly-75-klipsch-t5-true-wireless-earphones-amazon,windowscentral.com,English,United States,
Amazon,20200103T231500Z,DW Business – Europe & America | Business| Economy and finance news from a German perspective | DW,https://www.dw.com/en/dw-business-europe-america/av-51883983,dw.com,English,Germany,
Amazon,20200103T203000Z,Ring Home Security Systems - Amazon Sale on Home Security Kits,https://www.popularmechanics.com/home/a30390376/ring-home-security-systems-amazon-sale/,popularmechanics.com,English,United States,
Amazon,20200103T144500Z,"ALMOST , MAINE Novel Adaptation Will Be Released in March 2020",https://www.broadwayworld.com/article/ALMOST-MAINE-Novel-Adaptation-Will-Be-Released-in-March-2020-20200103,broadwayworld.com,English,United States,
Amazon,20200103T001500Z,We asked a nutritionist for tips on how to overcome the weight - loss plateau,http://www.chicagotribune.com/consumer-reviews/sns-bestreviews-nutrition-how-to-overcome-weight-loss-plateau-20200102-rnbiudyglnesnfcorjcg7eci6m-story.html,chicagotribune.com,English,United States,
Amazon,20200103T111500Z,Amazon Refuses To Deliver Wine To 92 - Year - Old Woman,https://www.npr.org/2020/01/03/793257351/amazon-refuses-to-deliver-wine-to-92-year-old-woman,npr.org,English,United States,
Amazon,20200103T181500Z,"Suggests cyclists wear construction worker vests | News , Sports , Jobs",https://www.mauinews.com/opinion/letters-to-the-editor/2020/01/suggests-cyclists-wear-construction-worker-vests/,mauinews.com,English,United States,
Amazon,20200103T230000Z,TV Shows That Ended In 2019 – Photo Gallery – Deadline,https://deadline.com/2020/01/canceled-tv-shows-2019-photo-gallery-game-of-thrones-big-bang-theory-veep-1202819815/,deadline.com,English,United States,
Amazon,20200103T234500Z,Deadline,https://deadline.com/print-article/1202819815/,deadline.com,English,United States,
Amazon,20200103T093000Z,Dubai is the first city in the world to have 3D printed a whole office,https://www.tweaktown.com/news/69596/dubai-first-city-world-3d-printed-whole-office/,tweaktown.com,English,United States,
Amazon,20200103T234500Z,TV News Roundup : Amazon Premiere Date for  Hunter Starring Al Pacino,https://www.newstimes.com/entertainment/article/TV-News-Roundup-Amazon-Premiere-Date-for-14948414.php,newstimes.com,English,United States,
Amazon,20200103T001500Z,Xiaomi Mijia connected to Nest Hub seemingly streams footage from random people houses to other Nest users,https://www.notebookcheck.net/Xiaomi-Mijia-connected-to-Nest-Hub-seemingly-streams-footage-from-random-peoples-houses-to-other-Nest-users.449012.0.html,notebookcheck.net,English,China,
Amazon,20200103T124500Z,Eurobites : Swantee Quits as Sunrise CEO,https://www.lightreading.com/mobile/eurobites-swantee-quits-as-sunrise-ceo/d/d-id/756531,lightreading.com,English,United States,
Amazon,20200103T201500Z,Al Pacino  Hunter Gets February Premiere Date on Amazon,https://decider.com/2020/01/03/hunters-amazon-premiere-date-pacino/,decider.com,English,United States,
Amazon,20200103T164500Z,Bestselling products MailOnline readers loved in 2019,https://www.dailymail.co.uk/femail/article-7844921/Bestselling-products-MailOnline-readers-loved-2019.html,dailymail.co.uk,English,United Kingdom,
Amazon,20200103T071500Z,The Shocking Size Of The Australian Wildfires,https://www.zerohedge.com/health/shocking-size-australian-wildfires,zerohedge.com,English,United States,
Amazon,20200103T184500Z,"Friday best deals : Eero mesh Wi - Fi , SimpliSafe security systems , USB - C hubs , and more",https://www.androidcentral.com/thrifter-deals-january-3,androidcentral.com,English,China,
Amazon,20200103T173000Z,"Friday best deals : Eero mesh Wi - Fi , SimpliSafe security systems , USB - C hubs , and more",https://www.imore.com/thrifter-deals-january-3,imore.com,English,United States,
Amazon,20200103T173000Z,"Friday best deals : Eero mesh Wi - Fi , SimpliSafe security systems , USB - C hubs , and more",https://www.windowscentral.com/thrifter-deals-january-3,windowscentral.com,English,United States,
Amazon,20200103T190000Z,"CES 2020 preview : Ivanka Trump , Amazon , pizza robots , and more as GeekWire heads to Vegas",https://www.geekwire.com/2020/ces-2020-preview-ivanka-trump-amazon-pizza-robots-geekwire-heads-vegas/,geekwire.com,English,United States,
Amazon,20200103T190000Z,Reader Survey : Win a Galaxy Note 10 & 40x £20 Amazon Vouchers,https://www.macworld.co.uk/news/apple/reader-survey-3778314/,macworld.co.uk,English,United Kingdom,
Amazon,20200103T091500Z,Seven - year - old boy has been hospitalized after eating an Apple AirPod,https://www.tweaktown.com/news/69618/seven-year-old-boy-hospitalized-eating-apple-airpod/,tweaktown.com,English,United States,
Amazon,20200103T100000Z,US Mint might honor The Hubble Space Telescope with a dedicated coin,https://www.tweaktown.com/news/69620/mint-honor-hubble-space-telescope-dedicated-coin/,tweaktown.com,English,United States,
Amazon,20200103T093000Z,"Samsung sold 6 . 7 million 5G smartphones in 2019 , beat expectations",https://www.tweaktown.com/news/69635/samsung-sold-6-7-million-5g-smartphones-2019-beat-expectations/,tweaktown.com,English,United States,
Amazon,20200103T061500Z,renminbi – Investment Watch,https://www.investmentwatchblog.com/tag/renminbi/,investmentwatchblog.com,English,United States,
Amazon,20200103T034500Z,"Amazon : Amazon finds a way around a West African muddle , Retail News , ET Retail",https://retail.economictimes.indiatimes.com/news/e-commerce/e-tailing/amazon-finds-a-way-around-a-west-african-muddle/73078222,retail.economictimes.indiatimes.com,English,India,
Amazon,20200103T004500Z,Amazon and Google Vegas - bound for Consumer Electronics Show with digital assistants in tow,https://www.thestar.com/business/2020/01/02/amazon-and-google-vegas-bound-for-consumer-electronics-show-with-digital-assistants-in-tow.html,thestar.com,English,Canada,
Amazon,20200103T003000Z,"Amazon . fr Violating French Law , Selling Antisemitic Books",https://www.memri.org/reports/amazon-sells-and-promotes-antisemitic-literature-french-direct-violation-french-hate-speech,memri.org,English,Russia,
Amazon,20200103T163000Z,Passive Investors : 2 Stocks you can Buy and Forget Forever ! ,https://www.fool.ca/2020/01/03/passive-investors-2-stocks-you-can-buy-and-forget-forever/,fool.ca,English,Canada,
Amazon,20200103T184500Z,Firestick Buffering Issues ? Here How to Speed up Your Amazon Fire TV,https://mashtips.com/fix-buffering-speed-up-firestick/,mashtips.com,English,,
Amazon,20200103T171500Z,This could be your last chance to get AirPods 2 at Black Friday price – BGR,https://bgr.com/2020/01/03/airpods-pro-vs-airpods-2-price-amazon-sale-last-chance/,bgr.com,English,United States,
Amazon,20200103T024500Z,Transparent Musicale Finale,https://deadline.com/tag/transparent-musicale-finale/,deadline.com,English,United States,
Amazon,20200103T021500Z,Delivery Driver Leaves Pizza and Takes Packages,https://wrwdcountry.iheart.com/content/2020-01-02-delivery-driver-leaves-pizza-and-takes-packages/,wrwdcountry.iheart.com,English,United States,
Amazon,20200103T093000Z,AMD starts 2020 with a bang : hits record stock price of $49 . 10,https://www.tweaktown.com/news/69636/amd-starts-2020-bang-hits-record-stock-price-49-10/,tweaktown.com,English,United States,
Amazon,20200103T093000Z,"LG foldable smartphone patent could beat Galaxy Fold , Mate X foldables",https://www.tweaktown.com/news/69637/lg-foldable-smartphone-patent-beat-galaxy-fold-mate-foldables/,tweaktown.com,English,United States,
Amazon,20200103T133000Z,Microsoft Stock Soared in 2019 . Here Why It Could Continue to Outperform This Year . ,https://www.barrons.com/articles/microsoft-stock-soared-in-2019-51578002778,barrons.com,English,China,
Amazon,20200103T041500Z,Best Small Portable Bluetooth Speakers 2020 : Wireless Speaker Reviews,https://www.rollingstone.com/product-recommendations/electronics/best-small-portable-bluetooth-speakers-933093/,rollingstone.com,English,United States,
Amazon,20200103T180000Z,Continued Turbulence Makes It Hard for FedEx to Deliver for Investors in 2020,https://www.fool.com/investing/2020/01/03/continued-turbulence-hard-fedex-stock-deliver-2020.aspx?source=iedfolrf0000001,fool.com,English,United States,
Amazon,20200103T171500Z,Amazon is selling heated blankets that you can plug into your car,https://www.walesonline.co.uk/whats-on/shopping/amazons-selling-heated-blankets-you-17506094,walesonline.co.uk,English,United Kingdom,
Amazon,20200103T070000Z,"The Best Weighted Blanket , Based on Your Sleeping Style 2020",https://www.forbes.com/sites/forbes-personal-shopper/2020/01/03/the-best-gravity-weighted-blanket-based-on-your-sleeping-style/,forbes.com,English,United States,
